Reservation_ID,Vendor_Booking_ID,Guest_Name,Channel,SU_Status,PMS_Status,Admin_Status,Property_ID,Property_Name,Assigned_Representative,Target_Portal_URL,Check_In,Check_Out,Match_Type,Notes
NH74075488691660,1261507,PMS Guest,Gommt,Not in SU,cancelled,,4820,Raga Living,Unassigned,https://www.makemytrip.com/hotels/hotel-details/?hotelId=202509161710334627&_uCurrency=INR&checkin=11252025&checkout=11262025&city=CTAGR&country=IN&funnelType=getaway&lat=27.16779&lng=78.04893&locusId=ZNDEL67F7E280&locusType=zone&rank=1&roomStayQualifier=2e0e&seekSummaryRequired=false&viewType=LUXE&mtkeys=defaultMtkey1000684921,2026-09-23,,PMS Only,"Present in PMS Base Dump, not found in SU"
HM3WA8A2D8,1271918,PMS Guest,Airbnb,Not in SU,cancelled,,3816,Seraphine,Unassigned,https://www.airbnb.com/rooms/1203402037013716368,2026-09-23,,PMS Only,"Present in PMS Base Dump, not found in SU"
pay_TAexbcBct8b3Sy,1273797,PMS Guest,Others,Not in SU,confirmed,,5177,Mai Ludvina,Shital,https://www.stayvista.com/villa/mai-ludvina,2026-09-23,,PMS Only,"Present in PMS Base Dump, not found in SU"
NH72099502155252,1276171,PMS Guest,Gommt,Not in SU,cancelled,,4634,The Edge of Sky,Unassigned,https://www.makemytrip.com/hotels/hotel-details/?hotelId=202511011725196734&_uCurrency=INR&checkin=11252025&checkout=11262025&city=CTAGR&country=IN&funnelType=getaway&lat=27.16779&lng=78.04893&locusId=ZNDEL67F7E280&locusType=zone&rank=1&roomStayQualifier=2e0e&seekSummaryRequired=false&viewType=LUXE&mtkeys=defaultMtkey1000697248,2026-09-23,,PMS Only,"Present in PMS Base Dump, not found in SU"
pay_TEWt8E5IzGEPxJ,1276314,PMS Guest,Others,Not in SU,confirmed,,4887,Property #4887,Unassigned,not available,2026-09-23,,PMS Only,"Present in PMS Base Dump, not found in SU"
pay_TIxRsJvghTsJjc,1279365,PMS Guest,Others,Not in SU,confirmed,,4004,A Portuguese Tale,Unassigned,https://www.stayvista.com/villa/a-portuguese-tale-assagao-7-bhk-villa-in-goa-with-private-pool-and-spacious-rooms,2026-09-23,,PMS Only,"Present in PMS Base Dump, not found in SU"
pay_TNHVdGHgd5EsVk,1282643,PMS Guest,Others,Not in SU,confirmed,,5490,Palmshade M2 Retreat - 7BR,Unassigned,https://www.stayvista.com/villa/palmshade-m2-retreat,2026-09-23,,PMS Only,"Present in PMS Base Dump, not found in SU"
pay_TO5jLLv5IVnXIf,1283195,PMS Guest,Others,Not in SU,confirmed,,958,Villa Maira,Unassigned,https://www.stayvista.com/villa/villa-maira-3-bhk-villa-in-lonavala-with-spacious-rooms,2026-09-23,,PMS Only,"Present in PMS Base Dump, not found in SU"
nan,1286456,PMS Guest,Others,Not in SU,cancelled,,5817,Property #5817,Unassigned,not available,2026-09-23,,PMS Only,"Present in PMS Base Dump, not found in SU"
pay_TVZfruXnitrqM1,1288276,PMS Guest,Others,Not in SU,confirmed,,5080,Property #5080,Unassigned,not available,2026-09-23,,PMS Only,"Present in PMS Base Dump, not found in SU"
NH71176512754430,1288278,PMS Guest,Gommt,Not in SU,cancelled,,4759,Property #4759,Unassigned,not available,2026-09-23,,PMS Only,"Present in PMS Base Dump, not found in SU"
nan,1288915,PMS Guest,Others,Not in SU,confirmed,,3571,The Amaryllis,Unassigned,https://www.stayvista.com/villa/the-amaryllis-5-bhk-villa-in-karjat-with-private-pool-and-spacious-rooms,2026-09-23,,PMS Only,"Present in PMS Base Dump, not found in SU"
HMHDJ3CCEH,1289040,PMS Guest,Airbnb,Not in SU,confirmed,,3576,Property #3576,Unassigned,not available,2026-09-23,,PMS Only,"Present in PMS Base Dump, not found in SU"
nan,1289419,PMS Guest,Others,Not in SU,confirmed,,1875,The Blue Horizon,Unassigned,https://www.stayvista.com/villa/the-blue-horizon,2026-09-23,,PMS Only,"Present in PMS Base Dump, not found in SU"
pay_TYKtfPmUxo5ush,1289987,PMS Guest,Others,Not in SU,confirmed,,5090,Casa Lucent,Unassigned,https://www.stayvista.com/villa/casa-lucent,2026-09-23,,PMS Only,"Present in PMS Base Dump, not found in SU"
NH20213514737702,1290218,PMS Guest,Gommt,Not in SU,confirmed,,4759,Property #4759,Unassigned,not available,2026-09-23,,PMS Only,"Present in PMS Base Dump, not found in SU"
pay_TZTCLHbgvLkTjU,1290616,PMS Guest,Others,Not in SU,confirmed,,4445,Property #4445,Unassigned,not available,2026-09-23,,PMS Only,"Present in PMS Base Dump, not found in SU"
pay_TaDxYJXFUHKsI1,1291012,PMS Guest,Others,Not in SU,confirmed,,5081,Property #5081,Unassigned,not available,2026-09-23,,PMS Only,"Present in PMS Base Dump, not found in SU"
NH22064515778908,1291084,PMS Guest,Gommt,Not in SU,cancelled,,5605,Property #5605,Unassigned,not available,2026-09-23,,PMS Only,"Present in PMS Base Dump, not found in SU"
5051635022,1291289,PMS Guest,B.com,Not in SU,confirmed,,5402,Property #5402,Unassigned,not available,2026-09-23,,PMS Only,"Present in PMS Base Dump, not found in SU"
pay_TadYCM3T2RHY0I,1291304,PMS Guest,Others,Not in SU,confirmed,,3829,Property #3829,Unassigned,not available,2026-09-23,,PMS Only,"Present in PMS Base Dump, not found in SU"
pay_Tafv1SsuH71TP3,1291368,PMS Guest,Others,Not in SU,confirmed,,5253,The Hydrangeas - Coonoor,Unassigned,https://www.stayvista.com/villa/the-hydrangeas,2026-09-23,,PMS Only,"Present in PMS Base Dump, not found in SU"
pay_TaiYWPaDvF08MZ,1291436,PMS Guest,Others,Not in SU,confirmed,,5288,Property #5288,Unassigned,not available,2026-09-23,,PMS Only,"Present in PMS Base Dump, not found in SU"
2049807928,1291827,PMS Guest,Agoda,Not in SU,confirmed,,5081,Property #5081,Unassigned,not available,2026-09-23,,PMS Only,"Present in PMS Base Dump, not found in SU"
pay_TbSRpXRjoSv6Jx,1291896,PMS Guest,Others,Not in SU,confirmed,,4478,Vaana,Unassigned,https://www.stayvista.com/villa/vaana,2026-09-23,,PMS Only,"Present in PMS Base Dump, not found in SU"
NH72180516749824,1292061,PMS Guest,Gommt,Not in SU,confirmed,,3661,Tarika's Villa,Unassigned,https://www.makemytrip.com/hotels/hotel-details/?hotelId=202406111459379014&_uCurrency=INR&checkin=11252025&checkout=11262025&city=CTAGR&country=IN&funnelType=getaway&lat=27.16779&lng=78.04893&locusId=ZNDEL67F7E280&locusType=zone&rank=1&roomStayQualifier=2e0e&seekSummaryRequired=false&viewType=LUXE&mtkeys=defaultMtkey1000545547,2026-09-23,,PMS Only,"Present in PMS Base Dump, not found in SU"
2050181761,1292076,PMS Guest,Agoda,Not in SU,confirmed,,5602,Property #5602,Unassigned,not available,2026-09-23,,PMS Only,"Present in PMS Base Dump, not found in SU"
pay_TcE31vfafkohgB,1292213,PMS Guest,Others,Not in SU,confirmed,,1196,Novera,Shital,https://www.stayvista.com/villa/novera,2026-09-23,,PMS Only,"Present in PMS Base Dump, not found in SU"
HDFC0000060,1292381,PMS Guest,Others,Not in SU,confirmed,,4759,Property #4759,Unassigned,not available,2026-09-23,,PMS Only,"Present in PMS Base Dump, not found in SU"
pay_Td0LetuA732tCG,1292638,PMS Guest,Others,Not in SU,confirmed,,3074,Backwater Hills,Navita,https://www.stayvista.com/villa/backwater-hills-4-bhk-villa-in-karjat-with-private-pool-and-spacious-rooms,2026-09-23,,PMS Only,"Present in PMS Base Dump, not found in SU"
6394,1292710,PMS Guest,Others,Not in SU,confirmed,,5790,Property #5790,Unassigned,not available,2026-09-23,,PMS Only,"Present in PMS Base Dump, not found in SU"
nan,1292803,PMS Guest,B.com,Not in SU,cancelled,,37,Property #37,Unassigned,not available,2026-09-23,,PMS Only,"Present in PMS Base Dump, not found in SU"
nan,1292892,PMS Guest,Others,Not in SU,confirmed,,5602,Property #5602,Unassigned,not available,2026-09-23,,PMS Only,"Present in PMS Base Dump, not found in SU"
260919075933528R01QLQ52AU,1292965,PMS Guest,Others,Not in SU,confirmed,,4339,Property #4339,Unassigned,not available,2026-09-23,,PMS Only,"Present in PMS Base Dump, not found in SU"
pay_TdWPcqqvzEBlSs,1293159,PMS Guest,Others,Not in SU,confirmed,,3746,Peak & Paddle,Unassigned,https://www.stayvista.com/villa/peak-and-paddle-1-bhk-villa-with-spacious-rooms,2026-09-23,,PMS Only,"Present in PMS Base Dump, not found in SU"
pay_TdZhOaliimpMTV,1293215,PMS Guest,Others,Not in SU,confirmed,,242,Cascades Villa,Anchal,https://www.stayvista.com/villa/cascades-villa-3-bhk-villa-in-lonavala-with-private-pool-and-spacious-rooms,2026-09-23,,PMS Only,"Present in PMS Base Dump, not found in SU"
HMWZTY992S,1293411,PMS Guest,Airbnb,Not in SU,confirmed,,4928,Rustling Pine,Unassigned,not available,2026-09-23,,PMS Only,"Present in PMS Base Dump, not found in SU"
nan,1293435,PMS Guest,Others,Not in SU,confirmed,,5008,StayVista Residences at Baner - Balewadi,Unassigned,https://www.stayvista.com/villa/stayvista-residences-at-baner-balewadi,2026-09-23,,PMS Only,"Present in PMS Base Dump, not found in SU"
5908789244,1293447,PMS Guest,B.com,Not in SU,confirmed,,5756,Property #5756,Unassigned,not available,2026-09-23,,PMS Only,"Present in PMS Base Dump, not found in SU"
pay_TeDmYwkGdDfZhe,1293580,PMS Guest,Others,Not in SU,confirmed,,4478,Vaana,Unassigned,https://www.stayvista.com/villa/vaana,2026-09-23,,PMS Only,"Present in PMS Base Dump, not found in SU"
6226554107,1293708,PMS Guest,B.com,Not in SU,confirmed,,5125,Property #5125,Unassigned,not available,2026-09-23,,PMS Only,"Present in PMS Base Dump, not found in SU"
6797477739,1293709,PMS Guest,B.com,Not in SU,confirmed,,5125,Property #5125,Unassigned,not available,2026-09-23,,PMS Only,"Present in PMS Base Dump, not found in SU"
HMW9D2EZED,1293723,PMS Guest,Airbnb,Not in SU,confirmed,,4393,tatvam,Unassigned,https://www.airbnb.com/rooms/1412063723860901268,2026-09-23,,PMS Only,"Present in PMS Base Dump, not found in SU"
pay_TebbsAzXjjgxnU,1293771,PMS Guest,Others,Not in SU,confirmed,,4531,The Five Oaks,Unassigned,https://www.stayvista.com/villa/the-five-oaks,2026-09-23,,PMS Only,"Present in PMS Base Dump, not found in SU"
6507787403,1293805,PMS Guest,B.com,Not in SU,confirmed,,5636,Deluxe Rooms @ Rivanta by StayVista Residences,Unassigned,https://www.booking.com/hotel/in/rivanta-by-stayvista-residences.html,2026-09-23,,PMS Only,"Present in PMS Base Dump, not found in SU"
2052206975,1293817,PMS Guest,Agoda,Not in SU,confirmed,,5605,Property #5605,Unassigned,not available,2026-09-23,,PMS Only,"Present in PMS Base Dump, not found in SU"
nan,1293832,PMS Guest,Others,Not in SU,confirmed,,1255,The Backwater Heritage,Unassigned,https://www.stayvista.com/villa/the-backwater-heritage,2026-09-23,,PMS Only,"Present in PMS Base Dump, not found in SU"
pay_TehcjZ2WtMFrtq,1293880,PMS Guest,Others,Not in SU,confirmed,,5046,Moets Palm Villa,Shital,https://www.stayvista.com/villa/stayvista-residences-at-moets-palm,2026-09-23,,PMS Only,"Present in PMS Base Dump, not found in SU"
12291188,1293881,PMS Guest,Others,Not in SU,confirmed,,4760,Executive Room @ StayVista Residences near Cyber City Hub,Unassigned,https://www.stayvista.com/villa/executive-room-at-stayvista-residences-near-cyber-city-hub,2026-09-23,,PMS Only,"Present in PMS Base Dump, not found in SU"
nan,1293900,PMS Guest,Others,Not in SU,confirmed,,5697,Property #5697,Unassigned,not available,2026-09-23,,PMS Only,"Present in PMS Base Dump, not found in SU"
pay_TeiYFM7nr8hGQG,1293901,PMS Guest,Others,Not in SU,confirmed,,4445,Property #4445,Unassigned,not available,2026-09-23,,PMS Only,"Present in PMS Base Dump, not found in SU"
5421451999,1293914,PMS Guest,B.com,Not in SU,confirmed,,4973,The Elmstone - Skyline Apartments,Unassigned,https://www.booking.com/hotel/in/stayvista-at-the-elmstone.html,2026-09-23,,PMS Only,"Present in PMS Base Dump, not found in SU"
30837451044,1293918,PMS Guest,Others,Not in SU,confirmed,,2630,Villa Capri,Unassigned,https://www.stayvista.com/villa/villa-capri-5-bhk-villa-in-alibaug-with-private-pool-and-spacious-rooms,2026-09-23,,PMS Only,"Present in PMS Base Dump, not found in SU"
5835299440,1293930,PMS Guest,B.com,Not in SU,confirmed,,2832,Property #2832,Unassigned,not available,2026-09-23,,PMS Only,"Present in PMS Base Dump, not found in SU"
NH71047518611684,1293940,PMS Guest,Gommt,Not in SU,confirmed,,4440,Property #4440,Unassigned,not available,2026-09-23,,PMS Only,"Present in PMS Base Dump, not found in SU"
6408507647,1293955,PMS Guest,B.com,Not in SU,confirmed,,5159,Property #5159,Unassigned,not available,2026-09-23,,PMS Only,"Present in PMS Base Dump, not found in SU"
NH74056518665794,1293975,PMS Guest,Gommt,Not in SU,confirmed,,5605,Property #5605,Unassigned,not available,2026-09-23,,PMS Only,"Present in PMS Base Dump, not found in SU"
pay_TexmmmjhgDyJiX,1293984,PMS Guest,Others,Not in SU,confirmed,,1257,Wood House Retreat,Unassigned,https://www.stayvista.com/villa/wood-house-retreat,2026-09-23,,PMS Only,"Present in PMS Base Dump, not found in SU"
pay_TezBIvK3nwyOjq,1294003,PMS Guest,Others,Not in SU,cancelled,,37,Property #37,Unassigned,not available,2026-09-23,,PMS Only,"Present in PMS Base Dump, not found in SU"
nan,1294006,PMS Guest,Others,Not in SU,confirmed,,5008,StayVista Residences at Baner - Balewadi,Unassigned,https://www.stayvista.com/villa/stayvista-residences-at-baner-balewadi,2026-09-23,,PMS Only,"Present in PMS Base Dump, not found in SU"
pay_Tf02ptDwHI1i17,1294026,PMS Guest,Others,Not in SU,cancelled,,37,Property #37,Unassigned,not available,2026-09-23,,PMS Only,"Present in PMS Base Dump, not found in SU"
pay_Tf065sF7sjrwJK,1294029,PMS Guest,Others,Not in SU,confirmed,,2635,Suroor,Tej,https://www.stayvista.com/villa/suroor,2026-09-23,,PMS Only,"Present in PMS Base Dump, not found in SU"
2052461879,1294054,PMS Guest,Agoda,Not in SU,confirmed,,5161,Property #5161,Unassigned,not available,2026-09-23,,PMS Only,"Present in PMS Base Dump, not found in SU"
CT_260922460869,1294056,PMS Guest,Others,Not in SU,confirmed,,4478,Vaana,Unassigned,https://www.stayvista.com/villa/vaana,2026-09-23,,PMS Only,"Present in PMS Base Dump, not found in SU"
nan,1294108,PMS Guest,Others,Not in SU,confirmed,,4416,Aarna Estate,Unassigned,https://www.stayvista.com/villa/aarna-estate,2026-09-23,,PMS Only,"Present in PMS Base Dump, not found in SU"
NH95247518779888,1294116,PMS Guest,Gommt,Not in SU,confirmed,,1884,Starry Deck,Unassigned,https://www.makemytrip.com/hotels/hotel-details/?hotelId=202201130932039416&_uCurrency=INR&checkin=11252025&checkout=11262025&city=CTAGR&country=IN&funnelType=getaway&lat=27.16779&lng=78.04893&locusId=ZNDEL67F7E280&locusType=zone&rank=1&roomStayQualifier=2e0e&seekSummaryRequired=false&viewType=LUXE&mtkeys=defaultMtkey1000376175,2026-09-23,,PMS Only,"Present in PMS Base Dump, not found in SU"
pay_Tf4hPWBVEHLae1,1294120,PMS Guest,Others,Not in SU,cancelled,,5321,Property #5321,Unassigned,not available,2026-09-23,,PMS Only,"Present in PMS Base Dump, not found in SU"
NH21102518791118,1294136,PMS Guest,Gommt,Not in SU,confirmed,,5856,Property #5856,Unassigned,not available,2026-09-23,,PMS Only,"Present in PMS Base Dump, not found in SU"
30853144585,1294143,PMS Guest,Others,Not in SU,confirmed,,1778,Primrose @ Albert Estate - 4BR,Unassigned,https://www.stayvista.com/villa/primrose-at-albert-estate,2026-09-23,,PMS Only,"Present in PMS Base Dump, not found in SU"
pay_Tf5c4MvIhggrj0,1294146,PMS Guest,Others,Not in SU,confirmed,,5130,Property #5130,Unassigned,not available,2026-09-23,,PMS Only,"Present in PMS Base Dump, not found in SU"
NH16182518803184,1294151,PMS Guest,Gommt,Not in SU,confirmed,,5605,Property #5605,Unassigned,not available,2026-09-23,,PMS Only,"Present in PMS Base Dump, not found in SU"
6700793140,1294155,PMS Guest,B.com,Not in SU,confirmed,,1810,Property #1810,Unassigned,not available,2026-09-23,,PMS Only,"Present in PMS Base Dump, not found in SU"
pay_Tf65jCNz48oCp5,1294158,PMS Guest,Others,Not in SU,confirmed,,4466,Valley Whispers,Giftson,https://www.stayvista.com/villa/valley-whispers,2026-09-23,,PMS Only,"Present in PMS Base Dump, not found in SU"
pay_Tf6K5m6ymj17f4,1294161,PMS Guest,Others,Not in SU,tentative,,3649,Majestic Whispers - 5BR,Unassigned,https://www.stayvista.com/villa/majestic-whispers,2026-09-23,,PMS Only,"Present in PMS Base Dump, not found in SU"
HMKQH44D3E,1294164,PMS Guest,Airbnb,Not in SU,cancelled,,2170,Property #2170,Unassigned,not available,2026-09-23,,PMS Only,"Present in PMS Base Dump, not found in SU"
1777610618,1294173,PMS Guest,Agoda,Not in SU,confirmed,,187,Gram’s at Pawna - Private Rooms,Priya,not available,2026-09-23,,PMS Only,"Present in PMS Base Dump, not found in SU"
6939209258,1294176,PMS Guest,B.com,Not in SU,confirmed,,4531,The Five Oaks,Unassigned,https://www.booking.com/hotel/in/the-five-oaks.html,2026-09-23,,PMS Only,"Present in PMS Base Dump, not found in SU"
pay_Tf72hKf6i1lLDS,1294178,PMS Guest,Others,Not in SU,confirmed,,4228,Property #4228,Unassigned,not available,2026-09-23,,PMS Only,"Present in PMS Base Dump, not found in SU"
pay_Tf4hPWBVEHLae1,1294179,PMS Guest,Others,Not in SU,confirmed,,5057,Di Mora by the Sea,Unassigned,https://www.stayvista.com/villa/di-mora-by-the-sea,2026-09-23,,PMS Only,"Present in PMS Base Dump, not found in SU"
nan,1294187,PMS Guest,Others,Not in SU,confirmed,,5697,Property #5697,Unassigned,not available,2026-09-23,,PMS Only,"Present in PMS Base Dump, not found in SU"
nan,1294188,PMS Guest,Others,Not in SU,tentative,,5002,Vintage Varanasi by the Ganges,Unassigned,https://www.stayvista.com/villa/vintage-varanasi-by-the-ganges,2026-09-23,,PMS Only,"Present in PMS Base Dump, not found in SU"
6602310678,1294193,PMS Guest,B.com,Not in SU,confirmed,,4601,Property #4601,Unassigned,not available,2026-09-23,,PMS Only,"Present in PMS Base Dump, not found in SU"
2052540443,1294206,PMS Guest,Agoda,Not in SU,confirmed,,5605,Property #5605,Unassigned,not available,2026-09-23,,PMS Only,"Present in PMS Base Dump, not found in SU"
2052543354,1294207,PMS Guest,Agoda,Not in SU,confirmed,,5605,Property #5605,Unassigned,not available,2026-09-23,,PMS Only,"Present in PMS Base Dump, not found in SU"
6096423711,1294214,PMS Guest,B.com,Not in SU,no-show,,5046,Moets Palm Villa,Shital,https://www.booking.com/hotel/in/stayvista-at-moets-palm-villa.html,2026-09-23,,PMS Only,"Present in PMS Base Dump, not found in SU"
pay_TfA9v7WKfduqji,1294224,PMS Guest,Others,Not in SU,confirmed,,4478,Vaana,Unassigned,https://www.stayvista.com/villa/vaana,2026-09-23,,PMS Only,"Present in PMS Base Dump, not found in SU"
NH72196518874832,1294229,PMS Guest,Gommt,Not in SU,confirmed,,4339,Property #4339,Unassigned,not available,2026-09-23,,PMS Only,"Present in PMS Base Dump, not found in SU"
NH73163518889422,1294234,PMS Guest,Gommt,Not in SU,confirmed,,5399,Property #5399,Unassigned,not available,2026-09-23,,PMS Only,"Present in PMS Base Dump, not found in SU"
5941376318,1294238,PMS Guest,B.com,Not in SU,confirmed,,4341,Vista Residences at GK-1,Unassigned,https://www.booking.com/hotel/in/rooms-at-vista-residences-at-gk-1-new-delhi.html,2026-09-23,,PMS Only,"Present in PMS Base Dump, not found in SU"
5121748959,1294240,PMS Guest,B.com,Not in SU,confirmed,,5125,Property #5125,Unassigned,not available,2026-09-23,,PMS Only,"Present in PMS Base Dump, not found in SU"
2052571564,1294241,PMS Guest,Agoda,Not in SU,confirmed,,5605,Property #5605,Unassigned,not available,2026-09-23,,PMS Only,"Present in PMS Base Dump, not found in SU"
nan,1294243,PMS Guest,Others,Not in SU,confirmed,,1668,V Square,Unassigned,https://www.stayvista.com/villa/v-square-4-bhk-villa-in-lonavala-with-private-pool-and-spacious-rooms,2026-09-23,,PMS Only,"Present in PMS Base Dump, not found in SU"
5213960001,1294247,PMS Guest,B.com,Not in SU,confirmed,,4341,Vista Residences at GK-1,Unassigned,https://www.booking.com/hotel/in/rooms-at-vista-residences-at-gk-1-new-delhi.html,2026-09-23,,PMS Only,"Present in PMS Base Dump, not found in SU"
pay_TfDk3QU5fijsai,1294254,PMS Guest,Others,Not in SU,confirmed,,1549,Vista Divine,Lakshmi,https://www.stayvista.com/villa/vista-divine,2026-09-23,,PMS Only,"Present in PMS Base Dump, not found in SU"
6700795396,1294258,PMS Guest,B.com,Not in SU,confirmed,,4760,Executive Room @ StayVista Residences near Cyber City Hub,Unassigned,https://www.booking.com/hotel/in/stayvista-residences-dlf.html,2026-09-23,,PMS Only,"Present in PMS Base Dump, not found in SU"
NH72196518907062,1294260,PMS Guest,Gommt,Not in SU,confirmed,,4885,Moira By The River,Tanvi,https://www.makemytrip.com/hotels/hotel-details/?hotelId=202509261433118194&_uCurrency=INR&checkin=11252025&checkout=11262025&city=CTAGR&country=IN&funnelType=getaway&lat=27.16779&lng=78.04893&locusId=ZNDEL67F7E280&locusType=zone&rank=1&roomStayQualifier=2e0e&seekSummaryRequired=false&viewType=LUXE&mtkeys=defaultMtkey1000688070,2026-09-23,,PMS Only,"Present in PMS Base Dump, not found in SU"
GH78110278088634,1294261,PMS Guest,Gommt,Not in SU,confirmed,,4759,Property #4759,Unassigned,not available,2026-09-23,,PMS Only,"Present in PMS Base Dump, not found in SU"
pay_TfJgKbpXQD0nAF,1294263,PMS Guest,Others,Not in SU,confirmed,,4999,CosyVille,Unassigned,https://www.stayvista.com/villa/cosyville,2026-09-23,,PMS Only,"Present in PMS Base Dump, not found in SU"
CT_260923147000,1294265,PMS Guest,Others,Not in SU,confirmed,,4341,Vista Residences at GK-1,Unassigned,https://www.stayvista.com/villa/stayvista-residences-at-gk-1,2026-09-23,,PMS Only,"Present in PMS Base Dump, not found in SU"
NH73053518920378,1294266,PMS Guest,Gommt,Not in SU,confirmed,,4341,Vista Residences at GK-1,Unassigned,not available,2026-09-23,,PMS Only,"Present in PMS Base Dump, not found in SU"
1777799964,1294276,PMS Guest,Agoda,Not in SU,confirmed,,4759,Property #4759,Unassigned,not available,2026-09-23,,PMS Only,"Present in PMS Base Dump, not found in SU"
111,1294277,PMS Guest,Others,Not in SU,confirmed,,5697,Property #5697,Unassigned,not available,2026-09-23,,PMS Only,"Present in PMS Base Dump, not found in SU"
HM53SNM5B9,1294279,PMS Guest,Airbnb,Not in SU,cancelled,,5712,Property #5712,Unassigned,not available,2026-09-23,,PMS Only,"Present in PMS Base Dump, not found in SU"
NH73035518930360,1294280,PMS Guest,Gommt,Not in SU,confirmed,,5079,Property #5079,Unassigned,not available,2026-09-23,,PMS Only,"Present in PMS Base Dump, not found in SU"
pay_TfLaKVYiDWizwr,1294281,PMS Guest,Others,Not in SU,confirmed,,3423,Swiss Chalet - Tangmarg,Unassigned,https://www.stayvista.com/villa/swiss-chalet,2026-09-23,,PMS Only,"Present in PMS Base Dump, not found in SU"
pay_TfMLunlDvcReyQ,1294287,PMS Guest,Others,Not in SU,confirmed,,4478,Vaana,Unassigned,https://www.stayvista.com/villa/vaana,2026-09-23,,PMS Only,"Present in PMS Base Dump, not found in SU"
HM8M88ZBZQ,1294288,PMS Guest,Airbnb,Not in SU,cancelled,,3523,Lawrence Terrace,Sharon,https://www.airbnb.com/rooms/1514301422408473847,2026-09-23,,PMS Only,"Present in PMS Base Dump, not found in SU"
pay_TfMZ44McteiY9b,1294290,PMS Guest,Others,Not in SU,confirmed,,5737,Property #5737,Unassigned,not available,2026-09-23,,PMS Only,"Present in PMS Base Dump, not found in SU"
HMDW8JRSTJ,1294305,PMS Guest,Airbnb,Not in SU,cancelled,,2342,Property #2342,Unassigned,not available,2026-09-23,,PMS Only,"Present in PMS Base Dump, not found in SU"
HMBX34XYTX,1294306,PMS Guest,Airbnb,Not in SU,cancelled,,5866,Property #5866,Unassigned,not available,2026-09-23,,PMS Only,"Present in PMS Base Dump, not found in SU"
NH79146518967420,1294319,PMS Guest,Gommt,Not in SU,confirmed,,5605,Property #5605,Unassigned,not available,2026-09-23,,PMS Only,"Present in PMS Base Dump, not found in SU"
HM9XFA4YR8,1294320,PMS Guest,Airbnb,Not in SU,cancelled,,5046,Moets Palm Villa,Shital,https://www.airbnb.com/rooms/1553557402499225541,2026-09-23,,PMS Only,"Present in PMS Base Dump, not found in SU"
HM4YM8S8P8,1294328,PMS Guest,Airbnb,Not in SU,confirmed,,4758,Belmont House,Unassigned,https://www.airbnb.com/rooms/1450648733595113266,2026-09-23,,PMS Only,"Present in PMS Base Dump, not found in SU"
5353638536,1294330,PMS Guest,B.com,Not in SU,confirmed,,3258,Esperanza,Unassigned,https://www.booking.com/hotel/in/stayvista-at-esperanza.html,2026-09-23,,PMS Only,"Present in PMS Base Dump, not found in SU"
HM9XFA4YR8,1294332,PMS Guest,Airbnb,Not in SU,confirmed,,5046,Moets Palm Villa,Shital,https://www.airbnb.com/rooms/1553557402499225541,2026-09-23,,PMS Only,"Present in PMS Base Dump, not found in SU"
6901153545,1294339,PMS Guest,B.com,Not in SU,confirmed,,3514,Spice Notes - Bison Valley,Unassigned,https://www.booking.com/hotel/in/stayvista-at-notes.html,2026-09-23,,PMS Only,"Present in PMS Base Dump, not found in SU"
pay_TfPSL1b3LXlwHn,1294345,PMS Guest,Others,Not in SU,confirmed,,5046,Moets Palm Villa,Shital,https://www.stayvista.com/villa/stayvista-residences-at-moets-palm,2026-09-23,,PMS Only,"Present in PMS Base Dump, not found in SU"
temp_6ab38c3056cf7,1294346,PMS Guest,Others,Not in SU,confirmed,,5605,Property #5605,Unassigned,not available,2026-09-23,,PMS Only,"Present in PMS Base Dump, not found in SU"
2052684733,1294353,PMS Guest,Agoda,Not in SU,confirmed,,4759,Property #4759,Unassigned,not available,2026-09-23,,PMS Only,"Present in PMS Base Dump, not found in SU"
NH76237518996240,1294354,PMS Guest,Gommt,Not in SU,confirmed,,5412,Woods & Bricks Cottage,Unassigned,https://www.makemytrip.com/hotels/hotel-details/?hotelId=202602261432446729&_uCurrency=INR&checkin=11252025&checkout=11262025&city=CTAGR&country=IN&funnelType=getaway&lat=27.16779&lng=78.04893&locusId=ZNDEL67F7E280&locusType=zone&rank=1&roomStayQualifier=2e0e&seekSummaryRequired=false&viewType=LUXE&mtkeys=defaultMtkey1000774208,2026-09-23,,PMS Only,"Present in PMS Base Dump, not found in SU"
nan,1294369,PMS Guest,Others,Not in SU,confirmed,,5605,Property #5605,Unassigned,not available,2026-09-23,,PMS Only,"Present in PMS Base Dump, not found in SU"
30867182957,1294372,PMS Guest,Others,Not in SU,confirmed,,4531,The Five Oaks,Unassigned,https://www.stayvista.com/villa/the-five-oaks,2026-09-23,,PMS Only,"Present in PMS Base Dump, not found in SU"
pay_TfR5oG8b9X4q6a,1294386,PMS Guest,Others,Not in SU,confirmed,,5605,Property #5605,Unassigned,not available,2026-09-23,,PMS Only,"Present in PMS Base Dump, not found in SU"
NH72178519016156,1294393,PMS Guest,Gommt,Not in SU,tentative,,432,Padam Hill,Shital,https://www.makemytrip.com/hotels/hotel-details/?hotelId=201906281930462472&_uCurrency=INR&checkin=11252025&checkout=11262025&city=CTAGR&country=IN&funnelType=getaway&lat=27.16779&lng=78.04893&locusId=ZNDEL67F7E280&locusType=zone&rank=1&roomStayQualifier=2e0e&seekSummaryRequired=false&viewType=LUXE&mtkeys=defaultMtkey1000254216,2026-09-23,,PMS Only,"Present in PMS Base Dump, not found in SU"
NH72178519016782,1294394,PMS Guest,Gommt,Not in SU,confirmed,,4759,Property #4759,Unassigned,not available,2026-09-23,,PMS Only,"Present in PMS Base Dump, not found in SU"
pay_TfRQOTCt18q6yW,1294399,PMS Guest,Others,Not in SU,tentative,,4632,Echoes of Ease,Unassigned,https://www.stayvista.com/villa/echoes-of-ease,2026-09-23,,PMS Only,"Present in PMS Base Dump, not found in SU"
6828904236,1294405,PMS Guest,B.com,Not in SU,tentative,,5635,Property #5635,Unassigned,not available,2026-09-23,,PMS Only,"Present in PMS Base Dump, not found in SU"
pay_T58dG0qKNkXsjV,1270478,PMS Guest,Others,Not in SU,confirmed,,4064,Ilika,Unassigned,https://www.stayvista.com/villa/ilika,2026-09-24,,PMS Only,"Present in PMS Base Dump, not found in SU"
pay_T9S3WdlOys6ZuM,1273074,PMS Guest,Others,Not in SU,cancelled,,5312,Villa Misty Oaks,Unassigned,https://www.stayvista.com/villa/villa-misty-oaks,2026-09-24,,PMS Only,"Present in PMS Base Dump, not found in SU"
pay_TBLHhVRRU8uQOb,1274167,PMS Guest,Others,Not in SU,cancelled,,4861,Corville Apartments - 4BR,Unassigned,https://www.stayvista.com/villa/corville-apartments,2026-09-24,,PMS Only,"Present in PMS Base Dump, not found in SU"
pay_THiJ5RyKcqOgqi,1278546,PMS Guest,Others,Not in SU,confirmed,,5470,The Eminence Villa,Unassigned,https://www.stayvista.com/villa/the-eminence-villa,2026-09-24,,PMS Only,"Present in PMS Base Dump, not found in SU"
pay_TIZCey8ur4iClO,1279093,PMS Guest,Others,Not in SU,confirmed,,3135,Mudra Manor - 4BR,Unassigned,https://www.stayvista.com/villa/mudra-manor-4-bhk-villa-in-coorg-with-private-pool-and-spacious-rooms,2026-09-24,,PMS Only,"Present in PMS Base Dump, not found in SU"
pay_TJhN0uvdNBrt5t,1279923,PMS Guest,Others,Not in SU,confirmed,,4159,Serenity Shores,Unassigned,https://www.stayvista.com/villa/serenity-shores,2026-09-24,,PMS Only,"Present in PMS Base Dump, not found in SU"
29911007292,1281170,PMS Guest,Others,Not in SU,cancelled,,4249,The Nest at Canary Farms,Unassigned,https://www.stayvista.com/villa/the-nest-at-canary-farms,2026-09-24,,PMS Only,"Present in PMS Base Dump, not found in SU"
pay_TOlUjt08yBVaRu,1283685,PMS Guest,Others,Not in SU,confirmed,,5371,Stories by the River - 4BR,Unassigned,https://www.stayvista.com/villa/stories-by-the-river,2026-09-24,,PMS Only,"Present in PMS Base Dump, not found in SU"
pay_TQ7qdMDh3fORbB,1284789,PMS Guest,Others,Not in SU,confirmed,,1827,Villa Amethyst,Shital,https://www.stayvista.com/villa/villa-amethyst-saligao-4-bhk-villa-in-goa-with-spacious-rooms,2026-09-24,,PMS Only,"Present in PMS Base Dump, not found in SU"
pay_TQKHKgKsD8xH9L,1284837,PMS Guest,Others,Not in SU,cancelled,,5439,Property #5439,Unassigned,not available,2026-09-24,,PMS Only,"Present in PMS Base Dump, not found in SU"
pay_TRGhuFKYBJTfqi,1285433,PMS Guest,Others,Not in SU,confirmed,,5194,Maison Privée,Unassigned,https://www.stayvista.com/villa/maison-privee,2026-09-24,,PMS Only,"Present in PMS Base Dump, not found in SU"
30205892768,1285577,PMS Guest,Others,Not in SU,confirmed,,4406,Bourbon Sky,Unassigned,https://www.stayvista.com/villa/bourbon-sky,2026-09-24,,PMS Only,"Present in PMS Base Dump, not found in SU"
nan,1286356,PMS Guest,Others,Not in SU,confirmed,,2835,Casa Ember,Unassigned,https://www.stayvista.com/villa/casa-ember-5-bhk-villa-in-lonavala-with-private-pool-and-spacious-rooms,2026-09-24,,PMS Only,"Present in PMS Base Dump, not found in SU"
nan,1286524,PMS Guest,Others,Not in SU,cancelled,,2524,Isabella,Navita,https://www.stayvista.com/villa/isabella-siridao-10-bhk-villa-in-goa-with-private-pool-and-spacious-rooms,2026-09-24,,PMS Only,"Present in PMS Base Dump, not found in SU"
30256580894,1286525,PMS Guest,Others,Not in SU,confirmed,,2524,Isabella,Navita,https://www.stayvista.com/villa/isabella-siridao-10-bhk-villa-in-goa-with-private-pool-and-spacious-rooms,2026-09-24,,PMS Only,"Present in PMS Base Dump, not found in SU"
pay_TSlmKtFLIf5KRC,1286528,PMS Guest,Others,Not in SU,confirmed,,2718,Odessa Enclave,Unassigned,https://www.stayvista.com/villa/odessa-enclave-5-bhk-villa-in-lonavala-with-private-pool-and-spacious-rooms,2026-09-24,,PMS Only,"Present in PMS Base Dump, not found in SU"
30260942571,1286619,PMS Guest,Others,Not in SU,confirmed,,4780,Roze Home,Unassigned,https://www.stayvista.com/villa/roze-home,2026-09-24,,PMS Only,"Present in PMS Base Dump, not found in SU"
pay_TUVZf8hf9Up756,1287614,PMS Guest,Others,Not in SU,confirmed,,3661,Tarika's Villa,Unassigned,https://www.stayvista.com/villa/tarikas-villa,2026-09-24,,PMS Only,"Present in PMS Base Dump, not found in SU"
6438791404,1288095,PMS Guest,B.com,Not in SU,confirmed,,5585,Property #5585,Unassigned,not available,2026-09-24,,PMS Only,"Present in PMS Base Dump, not found in SU"
pay_TWD2aFlkslOuVK,1288548,PMS Guest,Others,Not in SU,confirmed,,5243,Premium Rooms @ Princess of Wayanad,Unassigned,https://www.stayvista.com/villa/premium-rooms-at-princess-of-wayanad,2026-09-24,,PMS Only,"Present in PMS Base Dump, not found in SU"
pay_TBLHhVRRU8uQOb,1289754,PMS Guest,Others,Not in SU,confirmed,,4170,Woodhouse Story,Unassigned,https://www.stayvista.com/villa/woodhouse-story,2026-09-24,,PMS Only,"Present in PMS Base Dump, not found in SU"
30515629529,1289847,PMS Guest,Others,Not in SU,confirmed,,2042,Lake Arches,Unassigned,https://www.stayvista.com/villa/lake-arches-igatpuri-4-bhk-villa-in-nashik-with-private-pool-and-spacious-rooms,2026-09-24,,PMS Only,"Present in PMS Base Dump, not found in SU"
30520699358,1289965,PMS Guest,Others,Not in SU,confirmed,,5314,Meluha - Pawna,Unassigned,https://www.stayvista.com/villa/meluha,2026-09-24,,PMS Only,"Present in PMS Base Dump, not found in SU"
pay_TYLRZlMcIYzwCz,1289997,PMS Guest,Others,Not in SU,confirmed,,5471,Ekagra - 4BR,Unassigned,https://www.stayvista.com/villa/ekagra,2026-09-24,,PMS Only,"Present in PMS Base Dump, not found in SU"
pay_TYdDzYjfzLBAy6,1290113,PMS Guest,Others,Not in SU,confirmed,,3787,Le Mistral,Keshav,https://www.stayvista.com/villa/le-mistral,2026-09-24,,PMS Only,"Present in PMS Base Dump, not found in SU"
NH75136514710532,1290186,PMS Guest,Gommt,Not in SU,confirmed,,5579,Tide & Tranquil - 1BR,Unassigned,not available,2026-09-24,,PMS Only,"Present in PMS Base Dump, not found in SU"
pay_TZ49LsvFdENpTs,1290337,PMS Guest,Others,Not in SU,confirmed,,2449,Breezy Whispers,Unassigned,https://www.stayvista.com/villa/breezy-whispers-igatpuri-3-bhk-villa-in-nashik-with-private-pool-and-spacious-rooms,2026-09-24,,PMS Only,"Present in PMS Base Dump, not found in SU"
12345677778,1290551,PMS Guest,Others,Not in SU,cancelled,,228,Property #228,Unassigned,not available,2026-09-24,,PMS Only,"Present in PMS Base Dump, not found in SU"
pay_TZSd6MZAFhLa5l,1290607,PMS Guest,Others,Not in SU,confirmed,,5602,Property #5602,Unassigned,not available,2026-09-24,,PMS Only,"Present in PMS Base Dump, not found in SU"
30599232940,1290898,PMS Guest,Others,Not in SU,confirmed,,4989,Ivory Palms - 3BR,Unassigned,https://www.stayvista.com/villa/ivory-palms,2026-09-24,,PMS Only,"Present in PMS Base Dump, not found in SU"
30599232940,1290899,PMS Guest,Others,Not in SU,confirmed,,5337,Property #5337,Unassigned,not available,2026-09-24,,PMS Only,"Present in PMS Base Dump, not found in SU"
30612244960,1291045,PMS Guest,Others,Not in SU,confirmed,,451,Lilly,Shrutika,https://www.stayvista.com/villa/the-lilly-4-bhk-villa-in-ooty-with-spacious-rooms,2026-09-24,,PMS Only,"Present in PMS Base Dump, not found in SU"
pay_TahZJB0XYDJQY5,1291409,PMS Guest,Others,Not in SU,confirmed,,3474,Rooh - Bir,Unassigned,https://www.stayvista.com/villa/rooh,2026-09-24,,PMS Only,"Present in PMS Base Dump, not found in SU"
pay_TarLJLgHFdgGaO,1291561,PMS Guest,Others,Not in SU,confirmed,,4226,Casa PuMa,Unassigned,https://www.stayvista.com/villa/casa-puma-camurlim,2026-09-24,,PMS Only,"Present in PMS Base Dump, not found in SU"
pay_Tb8ELhCJKl1ML5,1291763,PMS Guest,Others,Not in SU,confirmed,,5098,Moonstone Villa - 5BR,Unassigned,https://www.stayvista.com/villa/moonstone-villa,2026-09-24,,PMS Only,"Present in PMS Base Dump, not found in SU"
pay_TbA1JJESk2o4Jg,1291781,PMS Guest,Others,Not in SU,confirmed,,1048,Lake Mansion - 3BR,Unassigned,https://www.stayvista.com/villa/lake-mansion-5-bhk-villa-in-lonavala-with-private-pool-and-spacious-rooms,2026-09-24,,PMS Only,"Present in PMS Base Dump, not found in SU"
30621327716,1291869,PMS Guest,Others,Not in SU,confirmed,,5253,The Hydrangeas - Coonoor,Unassigned,https://www.stayvista.com/villa/the-hydrangeas,2026-09-24,,PMS Only,"Present in PMS Base Dump, not found in SU"
pay_TbYbG0vdOfEAWz,1291970,PMS Guest,Others,Not in SU,confirmed,,3638,Rustic Haven,Unassigned,https://www.stayvista.com/villa/rustic-haven,2026-09-24,,PMS Only,"Present in PMS Base Dump, not found in SU"
pay_Tbsrp9yzmFsxBp,1292087,PMS Guest,Others,Not in SU,confirmed,,5548,Property #5548,Unassigned,not available,2026-09-24,,PMS Only,"Present in PMS Base Dump, not found in SU"
625816000000,1292281,PMS Guest,Others,Not in SU,confirmed,,5356,Mana - 5BR,Unassigned,https://www.stayvista.com/villa/mana,2026-09-24,,PMS Only,"Present in PMS Base Dump, not found in SU"
30710868360,1292312,PMS Guest,Others,Not in SU,confirmed,,4249,The Nest at Canary Farms,Unassigned,https://www.stayvista.com/villa/the-nest-at-canary-farms,2026-09-24,,PMS Only,"Present in PMS Base Dump, not found in SU"
pay_TcO6iDFXDtSnH5,1292380,PMS Guest,Others,Not in SU,confirmed,,2752,Property #2752,Unassigned,not available,2026-09-24,,PMS Only,"Present in PMS Base Dump, not found in SU"
CAN1243310,1292429,PMS Guest,Others,Not in SU,confirmed,,4384,Property #4384,Unassigned,not available,2026-09-24,,PMS Only,"Present in PMS Base Dump, not found in SU"
pay_TcgAWDz2sGhcU5,1292476,PMS Guest,Others,Not in SU,confirmed,,3794,Property #3794,Unassigned,not available,2026-09-24,,PMS Only,"Present in PMS Base Dump, not found in SU"
30733374713,1292495,PMS Guest,Others,Not in SU,confirmed,,1544,Villa mountain crest,Jakee,https://www.stayvista.com/villa/villa-mountain-crest,2026-09-24,,PMS Only,"Present in PMS Base Dump, not found in SU"
pay_Td0Gq8sTA4ULKQ,1292634,PMS Guest,Others,Not in SU,confirmed,,5027,Casa Lumina - Owner Listing,Unassigned,https://www.stayvista.com/villa/casa-lumina,2026-09-24,,PMS Only,"Present in PMS Base Dump, not found in SU"
nan,1292693,PMS Guest,Others,Not in SU,cancelled,,5687,Property #5687,Unassigned,not available,2026-09-24,,PMS Only,"Present in PMS Base Dump, not found in SU"
AXISP00838186683,1292698,PMS Guest,Others,Not in SU,confirmed,,5687,Property #5687,Unassigned,not available,2026-09-24,,PMS Only,"Present in PMS Base Dump, not found in SU"
pay_TdAuITB8Ifsbc0,1292809,PMS Guest,Others,Not in SU,confirmed,,5445,The Heliconia Bungalows,Tanvi,https://www.stayvista.com/villa/the-heliconia-bungalows,2026-09-24,,PMS Only,"Present in PMS Base Dump, not found in SU"
129807000000,1292923,PMS Guest,Others,Not in SU,confirmed,,5008,StayVista Residences at Baner - Balewadi,Unassigned,https://www.stayvista.com/villa/stayvista-residences-at-baner-balewadi,2026-09-24,,PMS Only,"Present in PMS Base Dump, not found in SU"
pay_TdRKP6WxjQ0a0d,1292944,PMS Guest,Others,Not in SU,confirmed,,5081,Property #5081,Unassigned,not available,2026-09-24,,PMS Only,"Present in PMS Base Dump, not found in SU"
pay_TdRbKFWl22kZno,1292949,PMS Guest,Others,Not in SU,confirmed,,4478,Vaana,Unassigned,https://www.stayvista.com/villa/vaana,2026-09-24,,PMS Only,"Present in PMS Base Dump, not found in SU"
pay_TdlWsKcBS0qKqW,1293266,PMS Guest,Others,Not in SU,confirmed,,4478,Vaana,Unassigned,https://www.stayvista.com/villa/vaana,2026-09-24,,PMS Only,"Present in PMS Base Dump, not found in SU"
nan,1293538,PMS Guest,Others,Not in SU,confirmed,,5697,Property #5697,Unassigned,not available,2026-09-24,,PMS Only,"Present in PMS Base Dump, not found in SU"
nan,1293549,PMS Guest,Others,Not in SU,confirmed,,5697,Property #5697,Unassigned,not available,2026-09-24,,PMS Only,"Present in PMS Base Dump, not found in SU"
pay_TeE1QQmkH8o6X7,1293585,PMS Guest,Others,Not in SU,tentative,,4841,Casa Roma,Sharon,https://www.stayvista.com/villa/casa-roma,2026-09-24,,PMS Only,"Present in PMS Base Dump, not found in SU"
pay_TeGt5irVKzZVdO,1293622,PMS Guest,Others,Not in SU,confirmed,,5081,Property #5081,Unassigned,not available,2026-09-24,,PMS Only,"Present in PMS Base Dump, not found in SU"
30816380752,1293637,PMS Guest,Others,Not in SU,confirmed,,2064,Willowbrook Hill,Unassigned,https://www.stayvista.com/villa/willowbrook-hill,2026-09-24,,PMS Only,"Present in PMS Base Dump, not found in SU"
pay_TeMxs8W510WqSs,1293689,PMS Guest,Others,Not in SU,confirmed,,2245,Eastbury,Tej,https://www.stayvista.com/villa/eastbury,2026-09-24,,PMS Only,"Present in PMS Base Dump, not found in SU"
pay_TeOdxQ1SBSHuMP,1293703,PMS Guest,Others,Not in SU,confirmed,,5788,Property #5788,Unassigned,not available,2026-09-24,,PMS Only,"Present in PMS Base Dump, not found in SU"
NH75196518320732,1293761,PMS Guest,Others,Not in SU,cancelled,,5586,Property #5586,Unassigned,not available,2026-09-24,,PMS Only,"Present in PMS Base Dump, not found in SU"
2538916582,1293789,PMS Guest,Others,Not in SU,confirmed,,5019,HOB - House of Believer,Unassigned,https://www.stayvista.com/villa/hob-house-of-believer,2026-09-24,,PMS Only,"Present in PMS Base Dump, not found in SU"
30831872880,1293824,PMS Guest,Others,Not in SU,confirmed,,3891,Zen Haven - Igatpuri,Unassigned,https://www.stayvista.com/villa/zen-haven-igatpuri-5-bhk-villa-in-nashik-with-private-pool-and-spacious-rooms,2026-09-24,,PMS Only,"Present in PMS Base Dump, not found in SU"
30832796766,1293839,PMS Guest,Others,Not in SU,confirmed,,4393,tatvam,Unassigned,https://www.stayvista.com/villa/tatvam,2026-09-24,,PMS Only,"Present in PMS Base Dump, not found in SU"
pay_T9S3WdlOys6ZuM,1293843,PMS Guest,Others,Not in SU,confirmed,,3443,Orion’s Crest,Unassigned,https://www.stayvista.com/villa/orions-crest-3-bhk-villa-in-ooty-with-spacious-rooms,2026-09-24,,PMS Only,"Present in PMS Base Dump, not found in SU"
pay_TewAF6ORoD9gLL,1293970,PMS Guest,Others,Not in SU,tentative,,1631,Mellow Cottage,Unassigned,https://www.stayvista.com/villa/mellow-cottage,2026-09-24,,PMS Only,"Present in PMS Base Dump, not found in SU"
pay_Tf3dCEVHRRIuuv,1294089,PMS Guest,Others,Not in SU,confirmed,,4478,Vaana,Unassigned,https://www.stayvista.com/villa/vaana,2026-09-24,,PMS Only,"Present in PMS Base Dump, not found in SU"
pay_Tf6D8oQqU504VM,1294160,PMS Guest,Others,Not in SU,confirmed,,547,The Leaf,Ajay,https://www.stayvista.com/villa/the-leaf,2026-09-24,,PMS Only,"Present in PMS Base Dump, not found in SU"
pay_TfD5tAGQzuGgy4,1294250,PMS Guest,Others,Not in SU,confirmed,,5755,Property #5755,Unassigned,not available,2026-09-24,,PMS Only,"Present in PMS Base Dump, not found in SU"
pay_TfMH1WNj0jAn2c,1294286,PMS Guest,Others,Not in SU,confirmed,,5684,Property #5684,Unassigned,not available,2026-09-24,,PMS Only,"Present in PMS Base Dump, not found in SU"
temp_6ab37adc12e95,1294321,PMS Guest,Others,Not in SU,confirmed,,5790,Property #5790,Unassigned,not available,2026-09-24,,PMS Only,"Present in PMS Base Dump, not found in SU"
pay_TfQ8Rnn68Oafn9,1294361,PMS Guest,Others,Not in SU,confirmed,,4959,Arabella,Unassigned,https://www.stayvista.com/villa/arabella,2026-09-24,,PMS Only,"Present in PMS Base Dump, not found in SU"
nan,1268850,PMS Guest,Others,Not in SU,cancelled,,4759,Property #4759,Unassigned,not available,2026-09-25,,PMS Only,"Present in PMS Base Dump, not found in SU"
pay_TAfsKLSOo9lsmi,1273818,PMS Guest,Others,Not in SU,cancelled,,4921,Miraai Farm,Ajay,https://www.stayvista.com/villa/miraai-farm,2026-09-25,,PMS Only,"Present in PMS Base Dump, not found in SU"
NH74245502098566,1276122,PMS Guest,Gommt,Not in SU,cancelled,,4154,Pranah,Unassigned,https://www.makemytrip.com/hotels/hotel-details/?hotelId=202505291039208487&_uCurrency=INR&checkin=11252025&checkout=11262025&city=CTAGR&country=IN&funnelType=getaway&lat=27.16779&lng=78.04893&locusId=ZNDEL67F7E280&locusType=zone&rank=1&roomStayQualifier=2e0e&seekSummaryRequired=false&viewType=LUXE&mtkeys=defaultMtkey1000653608,2026-09-25,,PMS Only,"Present in PMS Base Dump, not found in SU"
977767,1277302,PMS Guest,Others,Not in SU,confirmed,,5629,Ridge & Root,Unassigned,https://www.stayvista.com/villa/ridge-root,2026-09-25,,PMS Only,"Present in PMS Base Dump, not found in SU"
SVBI/156266,1277938,PMS Guest,Others,Not in SU,confirmed,,2836,Mokshah,Unassigned,https://www.stayvista.com/villa/mokshah-6-bhk-villa-in-nashik-with-private-pool-and-spacious-rooms,2026-09-25,,PMS Only,"Present in PMS Base Dump, not found in SU"
Pay_TGyOYwCbwA9870,1278033,PMS Guest,Others,Not in SU,confirmed,,4221,The Grand Ten,Tanvi,https://www.stayvista.com/villa/the-grand-ten,2026-09-25,,PMS Only,"Present in PMS Base Dump, not found in SU"
5836,1279628,PMS Guest,Others,Not in SU,confirmed,,3654,Casa Armeh,Unassigned,https://www.stayvista.com/villa/casa-armeh-siolim-4-bhk-villa-in-goa-with-private-pool-and-spacious-rooms,2026-09-25,,PMS Only,"Present in PMS Base Dump, not found in SU"
pay_TJhYPLsWrOM6YD,1279924,PMS Guest,Others,Not in SU,confirmed,,5500,Bohemian - 5BR,Unassigned,https://www.stayvista.com/villa/bohemian,2026-09-25,,PMS Only,"Present in PMS Base Dump, not found in SU"
TKO5ZHKEc1x4eB,1280523,PMS Guest,Others,Not in SU,confirmed,,4205,Property #4205,Unassigned,not available,2026-09-25,,PMS Only,"Present in PMS Base Dump, not found in SU"
pay_TKrBa5MXTGqDyC,1280874,PMS Guest,Others,Not in SU,confirmed,,5105,Rooted by Frangipani - 8BR,Unassigned,https://www.stayvista.com/villa/rooted-by-frangipani,2026-09-25,,PMS Only,"Present in PMS Base Dump, not found in SU"
CAN1260450,1281306,PMS Guest,Others,Not in SU,confirmed,,4280,Amulyam Villa - 4BR,Tanvi,https://www.stayvista.com/villa/amulyam-villa,2026-09-25,,PMS Only,"Present in PMS Base Dump, not found in SU"
pay_TM5IuDNGVjwq1H,1281680,PMS Guest,Others,Not in SU,confirmed,,854,Nature's Abode,Unassigned,https://www.stayvista.com/villa/natures-abode-morjim-3-bhk-villa-in-goa-with-private-pool-and-spacious-rooms,2026-09-25,,PMS Only,"Present in PMS Base Dump, not found in SU"
CANDP24072026,1281902,PMS Guest,Others,Not in SU,confirmed,,5195,La Beaumont,Sharon,https://www.stayvista.com/villa/la-beaumont,2026-09-25,,PMS Only,"Present in PMS Base Dump, not found in SU"
TMP05zQ3aVFz6a,1281927,PMS Guest,Others,Not in SU,confirmed,,1198,The Banyan Abode,Heena,https://www.stayvista.com/villa/the-banyan-abode,2026-09-25,,PMS Only,"Present in PMS Base Dump, not found in SU"
pay_TNBeuOrGW0yqfs,1282523,PMS Guest,Others,Not in SU,confirmed,,4035,Crystalline w/ Kid’s Room,Shital,https://www.stayvista.com/villa/crystalline-kids-room-3-bhk-villa-in-alibaug-with-private-pool-and-spacious-rooms,2026-09-25,,PMS Only,"Present in PMS Base Dump, not found in SU"
CANVM24072026,1283895,PMS Guest,Others,Not in SU,confirmed,,4254,Beyond Infinity,Unassigned,https://www.stayvista.com/villa/beyond-infinity,2026-09-25,,PMS Only,"Present in PMS Base Dump, not found in SU"
pay_TOtEFob1EDGC1w,1283942,PMS Guest,Others,Not in SU,confirmed,,5262,Sapphire Shores Beachfront Villa,Unassigned,https://www.stayvista.com/villa/sapphire-shores-beachfront-villa,2026-09-25,,PMS Only,"Present in PMS Base Dump, not found in SU"
CAN1280932,1284281,PMS Guest,Others,Not in SU,confirmed,,3263,Vale Echoes,Unassigned,https://www.stayvista.com/villa/vale-echoes,2026-09-25,,PMS Only,"Present in PMS Base Dump, not found in SU"
pay_TQio7urLfOdrDh,1285041,PMS Guest,Others,Not in SU,confirmed,,3540,Property #3540,Unassigned,not available,2026-09-25,,PMS Only,"Present in PMS Base Dump, not found in SU"
30380876777,1285297,PMS Guest,Others,Not in SU,confirmed,,1017,Davey's Townhouse,Shital,https://www.stayvista.com/villa/daveys-townhouse,2026-09-25,,PMS Only,"Present in PMS Base Dump, not found in SU"
pay_TS1XIItOm2yZ7X,1285987,PMS Guest,Others,Not in SU,confirmed,,4820,Raga Living,Unassigned,https://www.stayvista.com/villa/raga-living,2026-09-25,,PMS Only,"Present in PMS Base Dump, not found in SU"
pay_TS366czgVuPv4B,1286026,PMS Guest,Others,Not in SU,confirmed,,4568,Anya Nirvana,Unassigned,https://www.stayvista.com/villa/anya-nirvana,2026-09-25,,PMS Only,"Present in PMS Base Dump, not found in SU"
pay_TSNIPe70udD19n,1286247,PMS Guest,Others,Not in SU,confirmed,,2229,The Grey Medley,Unassigned,https://www.stayvista.com/villa/the-grey-medley-5-bhk-villa-in-lonavala-with-private-pool-and-spacious-rooms,2026-09-25,,PMS Only,"Present in PMS Base Dump, not found in SU"
pay_TSUYSpfngcNi7A,1286394,PMS Guest,Others,Not in SU,confirmed,,2835,Casa Ember,Unassigned,https://www.stayvista.com/villa/casa-ember-5-bhk-villa-in-lonavala-with-private-pool-and-spacious-rooms,2026-09-25,,PMS Only,"Present in PMS Base Dump, not found in SU"
2043742407,1286714,PMS Guest,Agoda,Not in SU,cancelled,,5755,Property #5755,Unassigned,not available,2026-09-25,,PMS Only,"Present in PMS Base Dump, not found in SU"
2044001264,1286907,PMS Guest,Agoda,Not in SU,cancelled,,5756,Property #5756,Unassigned,not available,2026-09-25,,PMS Only,"Present in PMS Base Dump, not found in SU"
pay_TTZgom57if4LjY,1287018,PMS Guest,Others,Not in SU,confirmed,,2407,Creek Edge Home,Unassigned,https://www.stayvista.com/villa/creek-edge-home,2026-09-25,,PMS Only,"Present in PMS Base Dump, not found in SU"
623877000000,1287069,PMS Guest,Others,Not in SU,confirmed,,2201,Mawi Infinitty Villa,Atif,https://www.stayvista.com/villa/mawi-infinitty-villa-pawna-8-bhk-villa-in-lonavala-with-private-pool-and-spacious-rooms,2026-09-25,,PMS Only,"Present in PMS Base Dump, not found in SU"
pay_TTxwwYuRnQ8EzR,1287246,PMS Guest,Others,Not in SU,confirmed,,2400,Scenic Solitude,Unassigned,https://www.stayvista.com/villa/scenic-solitude,2026-09-25,,PMS Only,"Present in PMS Base Dump, not found in SU"
pay_TTyI6iK4jgSaXs,1287253,PMS Guest,Others,Not in SU,confirmed,,3829,Property #3829,Unassigned,not available,2026-09-25,,PMS Only,"Present in PMS Base Dump, not found in SU"
pay_TagrkdA1geQxOa,1287557,PMS Guest,Others,Not in SU,confirmed,,1745,Emerald Acres,Unassigned,https://www.stayvista.com/villa/emerald-acres-7-bhk-villa-in-lonavala-with-private-pool-and-spacious-rooms,2026-09-25,,PMS Only,"Present in PMS Base Dump, not found in SU"
pay_TUfgU65OWJthT6,1287636,PMS Guest,Others,Not in SU,confirmed,,2316,Arncliff Villa,Ajay,https://www.stayvista.com/villa/arncliff-villa,2026-09-25,,PMS Only,"Present in PMS Base Dump, not found in SU"
2045100303,1287891,PMS Guest,Agoda,Not in SU,confirmed,,5755,Property #5755,Unassigned,not available,2026-09-25,,PMS Only,"Present in PMS Base Dump, not found in SU"
2045104090,1287893,PMS Guest,Agoda,Not in SU,confirmed,,5756,Property #5756,Unassigned,not available,2026-09-25,,PMS Only,"Present in PMS Base Dump, not found in SU"
pay_TVV08Ryxkdx5Lo,1288194,PMS Guest,Others,Not in SU,cancelled,,3390,The Ganga House,Giftson,https://www.stayvista.com/villa/the-ganga-house,2026-09-25,,PMS Only,"Present in PMS Base Dump, not found in SU"
pay_TVvdbUrUY9DNrl,1288429,PMS Guest,Others,Not in SU,confirmed,,4071,Twilight Perch,Unassigned,https://www.stayvista.com/villa/twilight-perch,2026-09-25,,PMS Only,"Present in PMS Base Dump, not found in SU"
pay_TVw0GYI2eXULn4,1288433,PMS Guest,Others,Not in SU,confirmed,,5803,Property #5803,Unassigned,not available,2026-09-25,,PMS Only,"Present in PMS Base Dump, not found in SU"
pay_TVwmbaV1xbOco9,1288445,PMS Guest,Others,Not in SU,cancelled,,5333,Property #5333,Unassigned,not available,2026-09-25,,PMS Only,"Present in PMS Base Dump, not found in SU"
pay_TVx6nzl9MQ9QOq,1288454,PMS Guest,Others,Not in SU,confirmed,,4715,Villa Alora,Unassigned,https://www.stayvista.com/villa/villa-alora,2026-09-25,,PMS Only,"Present in PMS Base Dump, not found in SU"
30414535335,1288606,PMS Guest,Others,Not in SU,confirmed,,3354,Property #3354,Unassigned,not available,2026-09-25,,PMS Only,"Present in PMS Base Dump, not found in SU"
30403823781,1288621,PMS Guest,Others,Not in SU,confirmed,,1890,Property #1890,Unassigned,not available,2026-09-25,,PMS Only,"Present in PMS Base Dump, not found in SU"
AXOMB24302183914,1288817,PMS Guest,Others,Not in SU,confirmed,,5143,The pink Magnolia,Jakee,https://www.stayvista.com/villa/the-pink-magnolia,2026-09-25,,PMS Only,"Present in PMS Base Dump, not found in SU"
30436286927,1288852,PMS Guest,Others,Not in SU,confirmed,,2576,Hillside Meadows,Unassigned,https://www.stayvista.com/villa/hillside-meadows-4-bhk-villa-in-karjat-with-private-pool-and-spacious-rooms,2026-09-25,,PMS Only,"Present in PMS Base Dump, not found in SU"
pay_TXExym3oI68ie6,1289253,PMS Guest,Others,Not in SU,confirmed,,5556,Property #5556,Unassigned,not available,2026-09-25,,PMS Only,"Present in PMS Base Dump, not found in SU"
pay_TciQw7UhqvnW46,1289367,PMS Guest,Others,Not in SU,confirmed,,5400,Nomad's Nook,Unassigned,https://www.stayvista.com/villa/nomads-nook,2026-09-25,,PMS Only,"Present in PMS Base Dump, not found in SU"
pay_TXqKi8yV1yWqD0,1289563,PMS Guest,Others,Not in SU,confirmed,,3283,Hillside Harmony,Unassigned,https://www.stayvista.com/villa/hillside-harmony,2026-09-25,,PMS Only,"Present in PMS Base Dump, not found in SU"
pay_TXv2tQH4jD0vzs,1289660,PMS Guest,Others,Not in SU,confirmed,,1942,Bellissimo Panorama,Unassigned,https://www.stayvista.com/villa/bellissimo-panorama-3-bhk-villa-in-nashik-with-private-pool-and-spacious-rooms,2026-09-25,,PMS Only,"Present in PMS Base Dump, not found in SU"
pay_TXyTe5nyNZmhwL,1289741,PMS Guest,Others,Not in SU,confirmed,,4288,The Stargazer,Unassigned,https://www.stayvista.com/villa/the-stargazer,2026-09-25,,PMS Only,"Present in PMS Base Dump, not found in SU"
pay_TXzK95evE7JKMW,1289755,PMS Guest,Others,Not in SU,confirmed,,2455,Sienna @ Strelitzia,Unassigned,https://www.stayvista.com/villa/sienna-at-strelitzia,2026-09-25,,PMS Only,"Present in PMS Base Dump, not found in SU"
30517569656,1289891,PMS Guest,Others,Not in SU,confirmed,,7,Vista Valencia Villa,Nirmala,https://www.stayvista.com/villa/vista-valencia-villa-4-bhk-villa-in-lonavala-with-spacious-rooms,2026-09-25,,PMS Only,"Present in PMS Base Dump, not found in SU"
30518785888,1289916,PMS Guest,Others,Not in SU,confirmed,,3914,Croft @ The Glen - 7BR,Unassigned,https://www.stayvista.com/villa/croft-at-the-glen-7-bhk-villa-in-lonavala-with-private-pool-and-spacious-rooms,2026-09-25,,PMS Only,"Present in PMS Base Dump, not found in SU"
pay_TeGN4RccfATwHh,1290014,PMS Guest,Others,Not in SU,confirmed,,2142,The CinCin,Unassigned,https://www.stayvista.com/villa/the-cincin-6-bhk-villa-in-lonavala-with-private-pool-and-spacious-rooms,2026-09-25,,PMS Only,"Present in PMS Base Dump, not found in SU"
30527544368,1290136,PMS Guest,Others,Not in SU,confirmed,,5314,Meluha - Pawna,Unassigned,https://www.stayvista.com/villa/meluha,2026-09-25,,PMS Only,"Present in PMS Base Dump, not found in SU"
pay_TYlWSvCX6rE24j,1290232,PMS Guest,Others,Not in SU,confirmed,,5605,Property #5605,Unassigned,not available,2026-09-25,,PMS Only,"Present in PMS Base Dump, not found in SU"
SVBI/156377,1290379,PMS Guest,Others,Not in SU,confirmed,,3521,The Bluewaters Apartment,Unassigned,https://www.stayvista.com/villa/the-bluewaters-apartment-vasco-da-gama-3-bhk-villa-in-goa-with-private-pool-and-spacious-rooms,2026-09-25,,PMS Only,"Present in PMS Base Dump, not found in SU"
pay_TZ7iQQCcDAb3Ed,1290398,PMS Guest,Others,Not in SU,confirmed,,1503,Hamptons Charm,Shital,https://www.stayvista.com/villa/hamptons-charm,2026-09-25,,PMS Only,"Present in PMS Base Dump, not found in SU"
pay_TZABdDtFrvbT0H,1290448,PMS Guest,Others,Not in SU,confirmed,,5434,Casa Viena,Unassigned,https://www.stayvista.com/villa/casa-viena-benaulim,2026-09-25,,PMS Only,"Present in PMS Base Dump, not found in SU"
pay_TZAE9RNjuXx59X,1290451,PMS Guest,Others,Not in SU,confirmed,,5590,Property #5590,Unassigned,not available,2026-09-25,,PMS Only,"Present in PMS Base Dump, not found in SU"
625016000000,1290452,PMS Guest,Others,Not in SU,confirmed,,4482,Azure Bliss,Unassigned,https://www.stayvista.com/villa/azure-bliss,2026-09-25,,PMS Only,"Present in PMS Base Dump, not found in SU"
pay_TZEshVK2HpvPqK,1290511,PMS Guest,Others,Not in SU,cancelled,,2599,Rolling Hills,Unassigned,https://www.stayvista.com/villa/rolling-hills,2026-09-25,,PMS Only,"Present in PMS Base Dump, not found in SU"
pay_TZOBb7vLaPK1Il,1290539,PMS Guest,Others,Not in SU,confirmed,,4541,Villa Eleve,Unassigned,https://www.stayvista.com/villa/villa-eleve,2026-09-25,,PMS Only,"Present in PMS Base Dump, not found in SU"
nan,1290587,PMS Guest,Others,Not in SU,cancelled,,5438,The Ivory Courtyard - 8BR,Unassigned,https://www.stayvista.com/villa/the-ivory-courtyard,2026-09-25,,PMS Only,"Present in PMS Base Dump, not found in SU"
pay_TZTIMVBHcX0CJA,1290619,PMS Guest,Others,Not in SU,confirmed,,5370,The Mint Villa,Sharon,https://www.stayvista.com/villa/the-mint-villa,2026-09-25,,PMS Only,"Present in PMS Base Dump, not found in SU"
625116000000,1290666,PMS Guest,Others,Not in SU,confirmed,,2170,Property #2170,Unassigned,not available,2026-09-25,,PMS Only,"Present in PMS Base Dump, not found in SU"
30593573266,1290815,PMS Guest,Others,Not in SU,confirmed,,3928,Property #3928,Unassigned,not available,2026-09-25,,PMS Only,"Present in PMS Base Dump, not found in SU"
30599947435,1290917,PMS Guest,Others,Not in SU,confirmed,,5465,Earthy Escapes,Unassigned,https://www.stayvista.com/villa/earthy-escapes,2026-09-25,,PMS Only,"Present in PMS Base Dump, not found in SU"
pay_Ta3tcvyY7RAHu0,1290982,PMS Guest,Others,Not in SU,confirmed,,5135,Bagaan Villa - 4BR,Unassigned,https://www.stayvista.com/villa/bagaan-villa,2026-09-25,,PMS Only,"Present in PMS Base Dump, not found in SU"
30610894750,1291017,PMS Guest,Others,Not in SU,confirmed,,3749,Mocha House,Unassigned,https://www.stayvista.com/villa/mocha-house-5-bhk-villa-in-lonavala-with-private-pool-and-spacious-rooms,2026-09-25,,PMS Only,"Present in PMS Base Dump, not found in SU"
pay_TaF5WaxMRWSxWP,1291030,PMS Guest,Others,Not in SU,confirmed,,4774,The Emily Chalet,Unassigned,https://www.stayvista.com/villa/the-emily-chalet,2026-09-25,,PMS Only,"Present in PMS Base Dump, not found in SU"
pay_TaLIQVbrn6dPeZ,1291137,PMS Guest,Others,Not in SU,confirmed,,2368,Bask In The Greens,Unassigned,https://www.stayvista.com/villa/bask-in-the-greens-4-bhk-villa-in-coorg-with-private-pool-and-spacious-rooms,2026-09-25,,PMS Only,"Present in PMS Base Dump, not found in SU"
30621327716,1291184,PMS Guest,B.com,Not in SU,confirmed,,5172,Wedgewoods Blu - 6BR,Unassigned,https://www.booking.com/hotel/in/stayvista-at-wedgewoods-blu.html,2026-09-25,,PMS Only,"Present in PMS Base Dump, not found in SU"
pay_TaPCbBsYxoCD4K,1291193,PMS Guest,Others,Not in SU,confirmed,,5347,Property #5347,Unassigned,not available,2026-09-25,,PMS Only,"Present in PMS Base Dump, not found in SU"
30621887259,1291252,PMS Guest,Airbnb,Not in SU,confirmed,,1754,The Reflection House,Shital,https://www.airbnb.com/rooms/651984547333712116,2026-09-25,,PMS Only,"Present in PMS Base Dump, not found in SU"
pay_TabDnO7QZi7Nct,1291259,PMS Guest,Others,Not in SU,confirmed,,2880,Lumos Paradise,Unassigned,https://www.stayvista.com/villa/lumos-paradise-3-bhk-villa-in-karjat-with-private-pool-and-spacious-rooms,2026-09-25,,PMS Only,"Present in PMS Base Dump, not found in SU"
30623771046,1291263,PMS Guest,Others,Not in SU,confirmed,,3475,La Belleza,Unassigned,https://www.stayvista.com/villa/la-belleza-6-bhk-villa-in-lonavala-with-private-pool-and-spacious-rooms,2026-09-25,,PMS Only,"Present in PMS Base Dump, not found in SU"
662168000000,1291349,PMS Guest,Others,Not in SU,confirmed,,5710,Property #5710,Unassigned,not available,2026-09-25,,PMS Only,"Present in PMS Base Dump, not found in SU"
pay_TafSCejr9hePS3,1291357,PMS Guest,Others,Not in SU,confirmed,,4471,Vanya Veda,Shital,https://www.stayvista.com/villa/vanya-veda,2026-09-25,,PMS Only,"Present in PMS Base Dump, not found in SU"
30635104390,1291425,PMS Guest,Others,Not in SU,confirmed,,5142,The Kasa w/ Infinity Pool & Home Theatre,Unassigned,https://www.stayvista.com/villa/the-kasa,2026-09-25,,PMS Only,"Present in PMS Base Dump, not found in SU"
30636862563,1291455,PMS Guest,Others,Not in SU,confirmed,,4037,Airhill,Unassigned,https://www.stayvista.com/villa/airhill-4-bhk-villa-in-lonavala-with-private-pool-and-spacious-rooms,2026-09-25,,PMS Only,"Present in PMS Base Dump, not found in SU"
SVBI/156385,1291463,PMS Guest,Others,Not in SU,tentative,,209,Ashore By Vista,Lakshmi,https://www.stayvista.com/villa/ashore-by-vista-morjim-6-bhk-villa-in-goa-with-private-pool-and-spacious-rooms,2026-09-25,,PMS Only,"Present in PMS Base Dump, not found in SU"
pay_TanStrtpnJcQJu,1291521,PMS Guest,Others,Not in SU,confirmed,,4416,Aarna Estate,Unassigned,https://www.stayvista.com/villa/aarna-estate,2026-09-25,,PMS Only,"Present in PMS Base Dump, not found in SU"
pay_TbR4hQudnjwZWB,1291878,PMS Guest,Others,Not in SU,confirmed,,5121,Property #5121,Unassigned,not available,2026-09-25,,PMS Only,"Present in PMS Base Dump, not found in SU"
nan,1291960,PMS Guest,Others,Not in SU,cancelled,,5174,Acasa,Unassigned,https://www.stayvista.com/villa/acasa,2026-09-25,,PMS Only,"Present in PMS Base Dump, not found in SU"
30706813387,1292046,PMS Guest,Others,Not in SU,confirmed,,3322,Golden Apex,Unassigned,https://www.stayvista.com/villa/golden-apex,2026-09-25,,PMS Only,"Present in PMS Base Dump, not found in SU"
pay_TbrZcOLL9Vtu1e,1292072,PMS Guest,Others,Not in SU,confirmed,,5498,Property #5498,Unassigned,not available,2026-09-25,,PMS Only,"Present in PMS Base Dump, not found in SU"
pay_TbtqamOVV2phsK,1292102,PMS Guest,Others,Not in SU,confirmed,,1969,Mawi Infinitty - The Beach Villa,Unassigned,https://www.stayvista.com/villa/mawi-infinitty-villa-arambol-3-bhk-villa-in-goa-with-private-pool-and-spacious-rooms,2026-09-25,,PMS Only,"Present in PMS Base Dump, not found in SU"
pay_TbuB8APZaxggjJ,1292104,PMS Guest,Others,Not in SU,confirmed,,5549,Property #5549,Unassigned,not available,2026-09-25,,PMS Only,"Present in PMS Base Dump, not found in SU"
30691648774,1292109,PMS Guest,Others,Not in SU,confirmed,,4647,Gardenéa,Unassigned,https://www.stayvista.com/villa/gardenea,2026-09-25,,PMS Only,"Present in PMS Base Dump, not found in SU"
pay_Tc0CnjsOaFFqix,1292163,PMS Guest,Others,Not in SU,confirmed,,1979,Serenity Hills,Unassigned,https://www.stayvista.com/villa/serenity-hills,2026-09-25,,PMS Only,"Present in PMS Base Dump, not found in SU"
5586,1292203,PMS Guest,Others,Not in SU,confirmed,,4227,Casa Del Lusso,Tanvi,https://www.stayvista.com/villa/casa-del-lusso,2026-09-25,,PMS Only,"Present in PMS Base Dump, not found in SU"
pay_TcI2TtoTvKqbii,1292273,PMS Guest,Others,Not in SU,confirmed,,5478,Casa Riva - 3BR,Unassigned,https://www.stayvista.com/villa/casa-riva,2026-09-25,,PMS Only,"Present in PMS Base Dump, not found in SU"
pay_TcJNSHYCOSDGUr,1292292,PMS Guest,Others,Not in SU,confirmed,,2740,Cedar Haven,Unassigned,https://www.stayvista.com/villa/cedar-haven-nahan-woutdoor-infinity-pool,2026-09-25,,PMS Only,"Present in PMS Base Dump, not found in SU"
pay_TcKt9uK2KfKzEd,1292311,PMS Guest,Others,Not in SU,confirmed,,3609,Arcadian Manor,Unassigned,https://www.stayvista.com/villa/arcadian-manor,2026-09-25,,PMS Only,"Present in PMS Base Dump, not found in SU"
pay_TcLQqce1FYy6AG,1292316,PMS Guest,Others,Not in SU,confirmed,,1822,Property #1822,Unassigned,not available,2026-09-25,,PMS Only,"Present in PMS Base Dump, not found in SU"
pay_TcjVL7h1c43eYs,1292544,PMS Guest,Others,Not in SU,confirmed,,4478,Vaana,Unassigned,https://www.stayvista.com/villa/vaana,2026-09-25,,PMS Only,"Present in PMS Base Dump, not found in SU"
pay_TcjbqOEAcDIQ3l,1292546,PMS Guest,Others,Not in SU,confirmed,,3861,Griha Sankalpa,Shital,https://www.stayvista.com/villa/griha-sankalpa,2026-09-25,,PMS Only,"Present in PMS Base Dump, not found in SU"
nan,1292566,PMS Guest,Others,Not in SU,tentative,,5156,Property #5156,Unassigned,not available,2026-09-25,,PMS Only,"Present in PMS Base Dump, not found in SU"
pay_Td1J1CP351UBqw,1292658,PMS Guest,Others,Not in SU,confirmed,,2466,Amoda Villa,Unassigned,https://www.stayvista.com/villa/amoda-villa,2026-09-25,,PMS Only,"Present in PMS Base Dump, not found in SU"
pay_Td1bknLCCueAQs,1292661,PMS Guest,Others,Not in SU,confirmed,,1599,Property #1599,Unassigned,not available,2026-09-25,,PMS Only,"Present in PMS Base Dump, not found in SU"
pay_Td2XpdvxiSShRy,1292674,PMS Guest,Others,Not in SU,confirmed,,4158,Ekan - A Sundowner,Unassigned,https://www.stayvista.com/villa/ekan-by-the-sea,2026-09-25,,PMS Only,"Present in PMS Base Dump, not found in SU"
HMFZB9TKPC,1292686,PMS Guest,Airbnb,Not in SU,confirmed,,5052,Prana Zen House,Unassigned,https://www.airbnb.com/rooms/1542497512438373315,2026-09-25,,PMS Only,"Present in PMS Base Dump, not found in SU"
pay_Td4YolcVEb3ctf,1292719,PMS Guest,Others,Not in SU,cancelled,,187,Gram’s at Pawna - Private Rooms,Priya,https://www.stayvista.com/villa/grams-at-shivom-pawna,2026-09-25,,PMS Only,"Present in PMS Base Dump, not found in SU"
pay_Td4bR6xy6OKAtF,1292720,PMS Guest,Others,Not in SU,confirmed,,5790,Property #5790,Unassigned,not available,2026-09-25,,PMS Only,"Present in PMS Base Dump, not found in SU"
pay_Td4l6wCZVfIubO,1292723,PMS Guest,Others,Not in SU,confirmed,,432,Padam Hill,Shital,https://www.stayvista.com/villa/padam-hill,2026-09-25,,PMS Only,"Present in PMS Base Dump, not found in SU"
pay_Td6GsQH3kUq1sj,1292751,PMS Guest,Others,Not in SU,confirmed,,4478,Vaana,Unassigned,https://www.stayvista.com/villa/vaana,2026-09-25,,PMS Only,"Present in PMS Base Dump, not found in SU"
pay_TdP7GnBny8vMJr,1292898,PMS Guest,Others,Not in SU,confirmed,,5138,Property #5138,Unassigned,not available,2026-09-25,,PMS Only,"Present in PMS Base Dump, not found in SU"
nan,1292905,PMS Guest,Others,Not in SU,confirmed,,5602,Property #5602,Unassigned,not available,2026-09-25,,PMS Only,"Present in PMS Base Dump, not found in SU"
CAN1287744,1292918,PMS Guest,Others,Not in SU,confirmed,,3066,Alpine Bliss,Unassigned,https://www.stayvista.com/villa/alpine-bliss,2026-09-25,,PMS Only,"Present in PMS Base Dump, not found in SU"
30774837742,1292928,PMS Guest,Others,Not in SU,confirmed,,4580,Amalfi,Unassigned,https://www.stayvista.com/villa/amalfi,2026-09-25,,PMS Only,"Present in PMS Base Dump, not found in SU"
30777642178,1293009,PMS Guest,Others,Not in SU,confirmed,,2045,Vine & Splash,Unassigned,https://www.stayvista.com/villa/vine-and-splash-9-bhk-villa-with-private-pool,2026-09-25,,PMS Only,"Present in PMS Base Dump, not found in SU"
30776570689,1293108,PMS Guest,Others,Not in SU,tentative,,3232,Property #3232,Unassigned,not available,2026-09-25,,PMS Only,"Present in PMS Base Dump, not found in SU"
30778772099,1293111,PMS Guest,Others,Not in SU,confirmed,,5046,Moets Palm Villa,Shital,https://www.stayvista.com/villa/stayvista-residences-at-moets-palm,2026-09-25,,PMS Only,"Present in PMS Base Dump, not found in SU"
pay_TdYvfGDCX9VOj6,1293211,PMS Guest,Others,Not in SU,confirmed,,2087,Tarika's Seascapes,Unassigned,https://www.stayvista.com/villa/tarikas-seascapes-dabolim-3-bhk-villa-in-goa-with-private-pool-and-spacious-rooms,2026-09-25,,PMS Only,"Present in PMS Base Dump, not found in SU"
30791748109,1293287,PMS Guest,Others,Not in SU,confirmed,,2841,Pineview @ Albert Estate - 3BR,Unassigned,https://www.stayvista.com/villa/pineview-at-albert-estate,2026-09-25,,PMS Only,"Present in PMS Base Dump, not found in SU"
pay_Tdp3DMMvHuGT8O,1293326,PMS Guest,Others,Not in SU,confirmed,,5876,Property #5876,Unassigned,not available,2026-09-25,,PMS Only,"Present in PMS Base Dump, not found in SU"
4734,1293340,PMS Guest,Others,Not in SU,confirmed,,2058,Sunset on the Lake,Unassigned,https://www.stayvista.com/villa/sunset-on-the-lake-igatpuri-5-bhk-villa-in-nashik-with-private-pool-and-spacious-rooms,2026-09-25,,PMS Only,"Present in PMS Base Dump, not found in SU"
30796403261,1293375,PMS Guest,Others,Not in SU,confirmed,,3459,Ikebana - Living by the Forest Edge,Unassigned,https://www.stayvista.com/villa/ikebana,2026-09-25,,PMS Only,"Present in PMS Base Dump, not found in SU"
pay_Tdrw90h9gB5Pm6,1293386,PMS Guest,Others,Not in SU,confirmed,,1859,Aranyam Villa,Unassigned,https://www.stayvista.com/villa/aranyam-villa-3-bhk-villa-in-lonavala-with-private-pool-and-spacious-rooms,2026-09-25,,PMS Only,"Present in PMS Base Dump, not found in SU"
pay_TeA2fVAVJgoXpb,1293519,PMS Guest,Others,Not in SU,cancelled,,3248,Kia Ora,Unassigned,https://www.stayvista.com/villa/kia-ora-3-bhk-villa-in-karjat-with-private-pool-and-spacious-rooms,2026-09-25,,PMS Only,"Present in PMS Base Dump, not found in SU"
nan,1293536,PMS Guest,Others,Not in SU,confirmed,,5602,Property #5602,Unassigned,not available,2026-09-25,,PMS Only,"Present in PMS Base Dump, not found in SU"
nan,1293550,PMS Guest,Others,Not in SU,confirmed,,5602,Property #5602,Unassigned,not available,2026-09-25,,PMS Only,"Present in PMS Base Dump, not found in SU"
pay_TeCJly4DU3s5qu,1293552,PMS Guest,Others,Not in SU,confirmed,,4958,Ocean Breeze - 7BR,Unassigned,https://www.stayvista.com/villa/ocean-breeze,2026-09-25,,PMS Only,"Present in PMS Base Dump, not found in SU"
pay_TeFaGAdw32hpE0,1293603,PMS Guest,Others,Not in SU,confirmed,,4099,Chitrakoot,Unassigned,https://www.stayvista.com/villa/chitrakoot-5-bhk-villa-in-lonavala-with-private-pool-and-spacious-rooms,2026-09-25,,PMS Only,"Present in PMS Base Dump, not found in SU"
pay_TeI7RFlC8UDaXh,1293632,PMS Guest,Others,Not in SU,confirmed,,1875,The Blue Horizon,Unassigned,https://www.stayvista.com/villa/the-blue-horizon,2026-09-25,,PMS Only,"Present in PMS Base Dump, not found in SU"
pay_TeIgQelmKCbls2,1293644,PMS Guest,Others,Not in SU,confirmed,,5151,Leopard's Haus,Unassigned,https://www.stayvista.com/villa/leopards-haus,2026-09-25,,PMS Only,"Present in PMS Base Dump, not found in SU"
pay_TeNKJnDb5GzSLV,1293693,PMS Guest,Others,Not in SU,confirmed,,3580,Orian Villa,Unassigned,https://www.stayvista.com/villa/orion-villa,2026-09-25,,PMS Only,"Present in PMS Base Dump, not found in SU"
pay_TePhvrVte2CGpK,1293710,PMS Guest,Others,Not in SU,confirmed,,4839,Sarvam,Unassigned,https://www.stayvista.com/villa/sarvam,2026-09-25,,PMS Only,"Present in PMS Base Dump, not found in SU"
pay_TeaL5xtT2kjBfP,1293752,PMS Guest,Others,Not in SU,confirmed,,5168,Jungle Jade,Unassigned,https://www.stayvista.com/villa/jungle-jade,2026-09-25,,PMS Only,"Present in PMS Base Dump, not found in SU"
pay_TebxgVI8QrAFY8,1293777,PMS Guest,Others,Not in SU,confirmed,,193,Property #193,Unassigned,not available,2026-09-25,,PMS Only,"Present in PMS Base Dump, not found in SU"
pay_TecoNMslAUvZH5,1293795,PMS Guest,Others,Not in SU,confirmed,,4505,The Windchime,Unassigned,https://www.stayvista.com/villa/the-windchime,2026-09-25,,PMS Only,"Present in PMS Base Dump, not found in SU"
with pranav sir,1293896,PMS Guest,Others,Not in SU,confirmed,,1621,EL Cottage,Shital,https://www.stayvista.com/villa/el-cottage-3-bhk-villa-in-lonavala-with-private-pool-and-spacious-rooms,2026-09-25,,PMS Only,"Present in PMS Base Dump, not found in SU"
nan,1293903,PMS Guest,Others,Not in SU,confirmed,,5602,Property #5602,Unassigned,not available,2026-09-25,,PMS Only,"Present in PMS Base Dump, not found in SU"
pay_Tek91qVdhX64D6,1293920,PMS Guest,Others,Not in SU,confirmed,,4478,Vaana,Unassigned,https://www.stayvista.com/villa/vaana,2026-09-25,,PMS Only,"Present in PMS Base Dump, not found in SU"
pay_TekJhQaH5t4cnD,1293922,PMS Guest,Others,Not in SU,confirmed,,5928,Property #5928,Unassigned,not available,2026-09-25,,PMS Only,"Present in PMS Base Dump, not found in SU"
pay_TekzYujYrMEeJg,1293929,PMS Guest,Others,Not in SU,confirmed,,4393,tatvam,Unassigned,https://www.stayvista.com/villa/tatvam,2026-09-25,,PMS Only,"Present in PMS Base Dump, not found in SU"
pay_TelBvPwl66lmJw,1293931,PMS Guest,Others,Not in SU,confirmed,,5181,Miorah Chalet,Ajay,https://www.stayvista.com/villa/miorah-chalet,2026-09-25,,PMS Only,"Present in PMS Base Dump, not found in SU"
pay_Telf9nfLIuhfU9,1293936,PMS Guest,Others,Not in SU,cancelled,,2050,Casa Saipem,Khushabu,https://www.stayvista.com/villa/casa-saipem-candolim-4-bhk-villa-in-goa-with-private-pool-and-spacious-rooms,2026-09-25,,PMS Only,"Present in PMS Base Dump, not found in SU"
pay_TeluXnrLc3SHvn,1293941,PMS Guest,Others,Not in SU,confirmed,,3349,Ivycrest Estate,Unassigned,https://www.stayvista.com/villa/ivycrest-estate,2026-09-25,,PMS Only,"Present in PMS Base Dump, not found in SU"
pay_TetNB6yKReYKMI,1293964,PMS Guest,Others,Not in SU,confirmed,,1786,Property #1786,Unassigned,not available,2026-09-25,,PMS Only,"Present in PMS Base Dump, not found in SU"
nan,1293997,PMS Guest,Others,Not in SU,cancelled,,5756,Property #5756,Unassigned,not available,2026-09-25,,PMS Only,"Present in PMS Base Dump, not found in SU"
130042000000,1294000,PMS Guest,Others,Not in SU,confirmed,,5008,StayVista Residences at Baner - Balewadi,Unassigned,https://www.stayvista.com/villa/stayvista-residences-at-baner-balewadi,2026-09-25,,PMS Only,"Present in PMS Base Dump, not found in SU"
pay_TezFNefONAvyme,1294013,PMS Guest,Others,Not in SU,confirmed,,2292,Stonehill Manor,Unassigned,https://www.stayvista.com/villa/stonehill-manor,2026-09-25,,PMS Only,"Present in PMS Base Dump, not found in SU"
pay_Tf1H1KaRdCfRKq,1294044,PMS Guest,Others,Not in SU,confirmed,,4792,Casa Shwika,Unassigned,https://www.stayvista.com/villa/casa-shwika,2026-09-25,,PMS Only,"Present in PMS Base Dump, not found in SU"
pay_Tf2QrAiVViLUOw,1294062,PMS Guest,Others,Not in SU,confirmed,,1904,Firefly by the River,Unassigned,https://www.stayvista.com/villa/firefly-by-the-river-5-bhk-villa-in-coorg-with-spacious-rooms,2026-09-25,,PMS Only,"Present in PMS Base Dump, not found in SU"
pay_Tf2oWXtKCgxHOq,1294069,PMS Guest,Others,Not in SU,confirmed,,4918,Vacanza Villa,Unassigned,https://www.stayvista.com/villa/vacanza-villa,2026-09-25,,PMS Only,"Present in PMS Base Dump, not found in SU"
30850802647,1294070,PMS Guest,Others,Not in SU,confirmed,,2373,Property #2373,Unassigned,not available,2026-09-25,,PMS Only,"Present in PMS Base Dump, not found in SU"
283,1294078,PMS Guest,Others,Not in SU,confirmed,,4025,Casa Frangipani,Sharon,https://www.stayvista.com/villa/casa-frangipani,2026-09-25,,PMS Only,"Present in PMS Base Dump, not found in SU"
pay_Telf9nfLIuhfU9,1294094,PMS Guest,Others,Not in SU,confirmed,,3300,Mangrove Forest Villa,Unassigned,https://www.stayvista.com/villa/villa-porto-candolim-4-bhk-villa-in-candolim-with-private-pool-and-spacious-rooms,2026-09-25,,PMS Only,"Present in PMS Base Dump, not found in SU"
pay_Tf3uKmJI2qweSv,1294100,PMS Guest,Others,Not in SU,confirmed,,4341,Vista Residences at GK-1,Unassigned,https://www.stayvista.com/villa/stayvista-residences-at-gk-1,2026-09-25,,PMS Only,"Present in PMS Base Dump, not found in SU"
pay_Tf4PbizgfRyA4b,1294111,PMS Guest,Others,Not in SU,confirmed,,4478,Vaana,Unassigned,https://www.stayvista.com/villa/vaana,2026-09-25,,PMS Only,"Present in PMS Base Dump, not found in SU"
30854280227,1294114,PMS Guest,Others,Not in SU,confirmed,,4008,Manvi Estate,Unassigned,https://www.stayvista.com/villa/the-manvi-estate,2026-09-25,,PMS Only,"Present in PMS Base Dump, not found in SU"
pay_Tf4UFq01UZPokX,1294115,PMS Guest,Others,Not in SU,confirmed,,4736,Hillcrest Grove - Kotagiri,Giftson,https://www.stayvista.com/villa/hillcrest-grove,2026-09-25,,PMS Only,"Present in PMS Base Dump, not found in SU"
pay_Tf4aBsFhb3ivP1,1294119,PMS Guest,Others,Not in SU,confirmed,,3667,Willow Cove,Unassigned,https://www.stayvista.com/villa/willow-cove,2026-09-25,,PMS Only,"Present in PMS Base Dump, not found in SU"
30853207260,1294139,PMS Guest,Others,Not in SU,tentative,,1647,Ananda Villa,Jakee,https://www.stayvista.com/villa/ananda-villa-3-bhk-villa-in-lonavala-with-private-pool-and-spacious-rooms,2026-09-25,,PMS Only,"Present in PMS Base Dump, not found in SU"
pay_Tf5UfZ8HR1qpvV,1294140,PMS Guest,Others,Not in SU,confirmed,,217,Ace Palazzo Bianco,Lakshmi,https://www.stayvista.com/villa/bianco-villa-4-bhk-villa-in-lonavala-with-private-pool-and-spacious-rooms,2026-09-25,,PMS Only,"Present in PMS Base Dump, not found in SU"
pay_Tf71luMqj4DfJX,1294148,PMS Guest,Others,Not in SU,confirmed,,4478,Vaana,Unassigned,https://www.stayvista.com/villa/vaana,2026-09-25,,PMS Only,"Present in PMS Base Dump, not found in SU"
nan,1294154,PMS Guest,Others,Not in SU,confirmed,,5602,Property #5602,Unassigned,not available,2026-09-25,,PMS Only,"Present in PMS Base Dump, not found in SU"
pay_Tf7Lni9JK1iLEP,1294182,PMS Guest,Others,Not in SU,tentative,,4067,Nayak House,Ajay,https://www.stayvista.com/villa/nayak-house,2026-09-25,,PMS Only,"Present in PMS Base Dump, not found in SU"
pay_Tf7yGnnIzo8jxu,1294191,PMS Guest,Others,Not in SU,confirmed,,5458,Soulscape,Unassigned,https://www.stayvista.com/villa/soulscape,2026-09-25,,PMS Only,"Present in PMS Base Dump, not found in SU"
pay_Tf8U03m8YrEN1H,1294200,PMS Guest,Others,Not in SU,confirmed,,4760,Executive Room @ StayVista Residences near Cyber City Hub,Unassigned,https://www.stayvista.com/villa/executive-room-at-stayvista-residences-near-cyber-city-hub,2026-09-25,,PMS Only,"Present in PMS Base Dump, not found in SU"
NH79131518847062,1294203,PMS Guest,Gommt,Not in SU,cancelled,,5896,Property #5896,Unassigned,not available,2026-09-25,,PMS Only,"Present in PMS Base Dump, not found in SU"
nan,1294264,PMS Guest,Others,Not in SU,tentative,,3853,Property #3853,Unassigned,not available,2026-09-25,,PMS Only,"Present in PMS Base Dump, not found in SU"
pay_TfL9uwg2xTMGq2,1294273,PMS Guest,Others,Not in SU,confirmed,,4857,Villa Ekanta,Pratiksha,https://www.stayvista.com/villa/villa-ekanta,2026-09-25,,PMS Only,"Present in PMS Base Dump, not found in SU"
pay_TfOxokxVBwGN6x,1294333,PMS Guest,Others,Not in SU,confirmed,,647,Lakeside Summers,Unassigned,https://www.stayvista.com/villa/lakeside-summers-5-bhk-villa-in-nashik-with-private-pool-and-spacious-rooms,2026-09-25,,PMS Only,"Present in PMS Base Dump, not found in SU"
pay_TfPGnGJz8NakIq,1294341,PMS Guest,Others,Not in SU,confirmed,,4764,Dream Haus,Unassigned,https://www.stayvista.com/villa/dream-haus,2026-09-25,,PMS Only,"Present in PMS Base Dump, not found in SU"
pay_TfPrn5Q9yc9FVE,1294351,PMS Guest,Others,Not in SU,confirmed,,5399,Property #5399,Unassigned,not available,2026-09-25,,PMS Only,"Present in PMS Base Dump, not found in SU"
pay_TfQBHl8r7GnluB,1294362,PMS Guest,Others,Not in SU,confirmed,,5565,Property #5565,Unassigned,not available,2026-09-25,,PMS Only,"Present in PMS Base Dump, not found in SU"
pay_TfQlH2v8FnQp3i,1294377,PMS Guest,Others,Not in SU,confirmed,,2485,Mahendra Yadav 4bhk,Janvi,https://www.stayvista.com/villa/bel-air-mansion-talegaon-4-bhk-villa-in-lonavala-with-private-pool-and-spacious-rooms,2026-09-25,,PMS Only,"Present in PMS Base Dump, not found in SU"
pay_TeA2fVAVJgoXpb,1294387,PMS Guest,Others,Not in SU,confirmed,,1739,Casa Enchante,Shital,https://www.stayvista.com/villa/casa-enchante-4-bhk-villa-in-lonavala-with-private-pool-and-spacious-rooms,2026-09-25,,PMS Only,"Present in PMS Base Dump, not found in SU"
pay_TE79mOzqU92XHE,1275988,PMS Guest,Others,Not in SU,confirmed,,1833,Aqua and Sage,Unassigned,https://www.stayvista.com/villa/aqua-and-sage-4-bhk-villa-in-karjat-with-private-pool-and-spacious-rooms,2026-09-26,,PMS Only,"Present in PMS Base Dump, not found in SU"
pay_TFKSIsfvu6jO9N,1276888,PMS Guest,Others,Not in SU,confirmed,,1688,Moets Waterfront Estate,Unassigned,https://www.stayvista.com/villa/moets-waterfront-estate-raison,2026-09-26,,PMS Only,"Present in PMS Base Dump, not found in SU"
pay_TKttFndEmgXRoi,1280923,PMS Guest,Others,Not in SU,cancelled,,3251,Wildflower Villa,Unassigned,https://www.stayvista.com/villa/wildflower-villa-4-bhk-villa-in-alibaug-with-private-pool-and-spacious-rooms,2026-09-26,,PMS Only,"Present in PMS Base Dump, not found in SU"
TMXJ3hBB3MEzI4,1282156,PMS Guest,Others,Not in SU,confirmed,,4629,Sky Hills,Unassigned,https://www.stayvista.com/villa/sky-hills,2026-09-26,,PMS Only,"Present in PMS Base Dump, not found in SU"
pay_TMonp5eOHibSe4,1282256,PMS Guest,Others,Not in SU,confirmed,,4130,Pinecrest Manor - Outdoor Jacuzzi,Unassigned,https://www.stayvista.com/villa/pinecrest-manor,2026-09-26,,PMS Only,"Present in PMS Base Dump, not found in SU"
pay_Td0X4S305Lr74e,1282339,PMS Guest,Others,Not in SU,confirmed,,2744,Gulmohar Gardens,Shital,https://www.stayvista.com/villa/gulmohar-gardens-6-bhk-villa-in-lonavala-with-private-pool-and-spacious-rooms,2026-09-26,,PMS Only,"Present in PMS Base Dump, not found in SU"
pay_TMyw9DddeAm832,1282450,PMS Guest,Others,Not in SU,confirmed,,2528,Nature’s Odyssey,Unassigned,https://www.stayvista.com/villa/natures-odyssey-4-bhk-villa-in-karjat-with-private-pool-and-spacious-rooms,2026-09-26,,PMS Only,"Present in PMS Base Dump, not found in SU"
pay_TNF18jc0JbhfAg,1282594,PMS Guest,Others,Not in SU,confirmed,,5739,Property #5739,Unassigned,not available,2026-09-26,,PMS Only,"Present in PMS Base Dump, not found in SU"
TNfinwTawn7Kk2,1282885,PMS Guest,Others,Not in SU,confirmed,,1198,The Banyan Abode,Heena,https://www.stayvista.com/villa/the-banyan-abode,2026-09-26,,PMS Only,"Present in PMS Base Dump, not found in SU"
pay_TO3ITno1D8aNnW,1283146,PMS Guest,Others,Not in SU,confirmed,,100,Bungalow 89,Virag,https://www.stayvista.com/villa/bungalow-89-4-bhk-villa-in-lonavala-with-spacious-rooms,2026-09-26,,PMS Only,"Present in PMS Base Dump, not found in SU"
nan,1283637,PMS Guest,Others,Not in SU,cancelled,,228,Property #228,Unassigned,not available,2026-09-26,,PMS Only,"Present in PMS Base Dump, not found in SU"
SVBI/156309,1283736,PMS Guest,Others,Not in SU,confirmed,,4538,The Grotto,Unassigned,https://www.stayvista.com/villa/the-grotto,2026-09-26,,PMS Only,"Present in PMS Base Dump, not found in SU"
pay_TP9yNSlFjFmSaz,1283923,PMS Guest,Others,Not in SU,confirmed,,5509,Property #5509,Unassigned,not available,2026-09-26,,PMS Only,"Present in PMS Base Dump, not found in SU"
pay_TPxaQqlSGB6jmx,1284628,PMS Guest,Others,Not in SU,confirmed,,4780,Roze Home,Unassigned,https://www.stayvista.com/villa/roze-home,2026-09-26,,PMS Only,"Present in PMS Base Dump, not found in SU"
pay_TQSauwidmoxhQ8,1284964,PMS Guest,Others,Not in SU,confirmed,,5084,Pura Vida - Anjuna,Unassigned,https://www.stayvista.com/villa/pura-vida,2026-09-26,,PMS Only,"Present in PMS Base Dump, not found in SU"
pay_TRbcWVbMrUUe93,1285630,PMS Guest,Others,Not in SU,confirmed,,5367,Greenwich Meridian - 10BR,Unassigned,https://www.stayvista.com/villa/greenwich-meridian,2026-09-26,,PMS Only,"Present in PMS Base Dump, not found in SU"
30207766198,1285677,PMS Guest,Others,Not in SU,confirmed,,4270,Villa Wine,Shital,https://www.stayvista.com/villa/villawine,2026-09-26,,PMS Only,"Present in PMS Base Dump, not found in SU"
pay_TSI3MpUvCIaDrz,1286130,PMS Guest,Others,Not in SU,confirmed,,3004,Golden Sunsets,Unassigned,https://www.stayvista.com/villa/golden-sunsets-4-bhk-villa-in-alibaug-with-private-pool-and-spacious-rooms,2026-09-26,,PMS Only,"Present in PMS Base Dump, not found in SU"
30275401678,1286754,PMS Guest,Others,Not in SU,confirmed,,3649,Majestic Whispers - 5BR,Unassigned,https://www.stayvista.com/villa/majestic-whispers,2026-09-26,,PMS Only,"Present in PMS Base Dump, not found in SU"
pay_TTGTo9nS7SQEpZ,1286865,PMS Guest,Others,Not in SU,confirmed,,3452,The Isabella House,Unassigned,https://www.stayvista.com/villa/the-isabella-house-3-bhk-villa-in-karjat-with-private-pool-and-spacious-rooms,2026-09-26,,PMS Only,"Present in PMS Base Dump, not found in SU"
30290963112,1286950,PMS Guest,Others,Not in SU,confirmed,,1749,Nivaant Farms,Shital,https://www.stayvista.com/villa/nivaant-farms-5-bhk-villa-in-karjat-with-private-pool-and-spacious-rooms,2026-09-26,,PMS Only,"Present in PMS Base Dump, not found in SU"
30247188825,1286957,PMS Guest,Others,Not in SU,confirmed,,5144,Saya Infinity,Giftson,https://www.stayvista.com/villa/saya-infinity,2026-09-26,,PMS Only,"Present in PMS Base Dump, not found in SU"
pay_TTWbvaczjuOpGQ,1286965,PMS Guest,Others,Not in SU,confirmed,,1320,Udaikot,Heena,https://www.stayvista.com/villa/udaikot,2026-09-26,,PMS Only,"Present in PMS Base Dump, not found in SU"
pay_TTX8AZANMTJn6z,1286972,PMS Guest,Others,Not in SU,confirmed,,3074,Backwater Hills,Navita,https://www.stayvista.com/villa/backwater-hills-4-bhk-villa-in-karjat-with-private-pool-and-spacious-rooms,2026-09-26,,PMS Only,"Present in PMS Base Dump, not found in SU"
30292231661,1286975,PMS Guest,Others,Not in SU,confirmed,,5515,Villa Altona,Unassigned,https://www.stayvista.com/villa/villa-altona,2026-09-26,,PMS Only,"Present in PMS Base Dump, not found in SU"
IN22623747977496,1287188,PMS Guest,Others,Not in SU,confirmed,,3258,Esperanza,Unassigned,https://www.stayvista.com/villa/esperanza-5-bhk-villa-in-lonavala-with-private-pool-and-spacious-rooms,2026-09-26,,PMS Only,"Present in PMS Base Dump, not found in SU"
pay_TTxbvygQYNJLhg,1287240,PMS Guest,Others,Not in SU,cancelled,,223,Property #223,Unassigned,not available,2026-09-26,,PMS Only,"Present in PMS Base Dump, not found in SU"
30312628863,1287274,PMS Guest,Others,Not in SU,confirmed,,4934,Zenith Palms,Unassigned,https://www.stayvista.com/villa/zenith-palms,2026-09-26,,PMS Only,"Present in PMS Base Dump, not found in SU"
pay_Tcgs98jGVsoC8q,1287327,PMS Guest,Others,Not in SU,confirmed,,4237,The Chirping Villa,Unassigned,https://www.stayvista.com/villa/the-chirping-villa,2026-09-26,,PMS Only,"Present in PMS Base Dump, not found in SU"
pay_TU6K1e0lPgmNKE,1287373,PMS Guest,Others,Not in SU,confirmed,,107,el house,Nirmala,https://www.stayvista.com/villa/el-house-4-bhk-villa-in-lonavala-with-private-pool-and-spacious-rooms,2026-09-26,,PMS Only,"Present in PMS Base Dump, not found in SU"
pay_TUMMjhdq674lgV,1287491,PMS Guest,Others,Not in SU,confirmed,,4096,Starlit Manor,Unassigned,https://www.stayvista.com/villa/starlit-manor,2026-09-26,,PMS Only,"Present in PMS Base Dump, not found in SU"
30331830926,1287506,PMS Guest,Others,Not in SU,confirmed,,5134,The Fig Tree Heritage,Unassigned,https://www.stayvista.com/villa/the-fig-tree-heritage,2026-09-26,,PMS Only,"Present in PMS Base Dump, not found in SU"
pay_TUkOQ7HfZlNdhg,1287712,PMS Guest,Others,Not in SU,confirmed,,2042,Lake Arches,Unassigned,https://www.stayvista.com/villa/lake-arches-igatpuri-4-bhk-villa-in-nashik-with-private-pool-and-spacious-rooms,2026-09-26,,PMS Only,"Present in PMS Base Dump, not found in SU"
pay_TUkVoG3XRDj1O4,1287717,PMS Guest,Others,Not in SU,confirmed,,4156,Villa Holiva,Ajay,https://www.stayvista.com/villa/villa-holiva,2026-09-26,,PMS Only,"Present in PMS Base Dump, not found in SU"
pay_TV9nVzAk14jz0M,1288003,PMS Guest,Others,Not in SU,confirmed,,3571,The Amaryllis,Unassigned,https://www.stayvista.com/villa/the-amaryllis-5-bhk-villa-in-karjat-with-private-pool-and-spacious-rooms,2026-09-26,,PMS Only,"Present in PMS Base Dump, not found in SU"
pay_TV9vWDMeZEOkW0,1288005,PMS Guest,Others,Not in SU,confirmed,,5280,Hindavi Green Escape,Unassigned,https://www.stayvista.com/villa/hindavi-green-escape,2026-09-26,,PMS Only,"Present in PMS Base Dump, not found in SU"
pay_TVWQsA2UiRp6yG,1288213,PMS Guest,Others,Not in SU,cancelled,,5086,Red Gable,Unassigned,https://www.stayvista.com/villa/red-gable,2026-09-26,,PMS Only,"Present in PMS Base Dump, not found in SU"
pay_TW1mkpqKq2Oeg5,1288502,PMS Guest,Others,Not in SU,confirmed,,3135,Mudra Manor - 4BR,Unassigned,https://www.stayvista.com/villa/mudra-manor-4-bhk-villa-in-coorg-with-private-pool-and-spacious-rooms,2026-09-26,,PMS Only,"Present in PMS Base Dump, not found in SU"
nan,1288564,PMS Guest,Others,Not in SU,cancelled,,187,Gram’s at Pawna - Private Rooms,Priya,https://www.stayvista.com/villa/grams-at-shivom-pawna,2026-09-26,,PMS Only,"Present in PMS Base Dump, not found in SU"
temp_6a95358d88f75,1288600,PMS Guest,Others,Not in SU,confirmed,,5414,Property #5414,Unassigned,not available,2026-09-26,,PMS Only,"Present in PMS Base Dump, not found in SU"
pay_TWKLK5yEWYpt6C,1288627,PMS Guest,Others,Not in SU,confirmed,,2971,Cascading Valleys,Giftson,https://www.stayvista.com/villa/cascading-valleys-4-bhk-villa-in-nashik-with-private-pool-and-spacious-rooms,2026-09-26,,PMS Only,"Present in PMS Base Dump, not found in SU"
pay_TWh3H91X2N9tEb,1288849,PMS Guest,Others,Not in SU,cancelled,,2449,Breezy Whispers,Unassigned,https://www.stayvista.com/villa/breezy-whispers-igatpuri-3-bhk-villa-in-nashik-with-private-pool-and-spacious-rooms,2026-09-26,,PMS Only,"Present in PMS Base Dump, not found in SU"
30440349046,1288899,PMS Guest,Others,Not in SU,confirmed,,3937,The Grand Crest,Unassigned,https://www.stayvista.com/villa/the-grand-crest-9-bhk-villa-in-karjat-with-private-pool-and-spacious-rooms,2026-09-26,,PMS Only,"Present in PMS Base Dump, not found in SU"
pay_TWl9Y778vNg1iq,1288914,PMS Guest,Others,Not in SU,confirmed,,5260,Maison Vera,Unassigned,https://www.stayvista.com/villa/maison-vera,2026-09-26,,PMS Only,"Present in PMS Base Dump, not found in SU"
30439758465,1288946,PMS Guest,Others,Not in SU,confirmed,,5217,Property #5217,Unassigned,not available,2026-09-26,,PMS Only,"Present in PMS Base Dump, not found in SU"
temp_6aab94b3922ab,1288968,PMS Guest,Others,Not in SU,confirmed,,5146,The River Story - Raison,Unassigned,https://www.stayvista.com/villa/the-river-story,2026-09-26,,PMS Only,"Present in PMS Base Dump, not found in SU"
pay_TX2UUf8YBf8242,1289042,PMS Guest,Others,Not in SU,confirmed,,288,Shivom Villa 12 - Pawna,Daniya,https://www.stayvista.com/villa/shivom-villa-12-pawna-3-bhk-villa-in-lonavala-with-private-pool-and-spacious-rooms,2026-09-26,,PMS Only,"Present in PMS Base Dump, not found in SU"
30457508670,1289128,PMS Guest,Others,Not in SU,confirmed,,981,Casa Serenity,Unassigned,https://www.stayvista.com/villa/casa-serenity-4-bhk-villa-in-lonavala-with-private-pool-and-spacious-rooms,2026-09-26,,PMS Only,"Present in PMS Base Dump, not found in SU"
30457844089,1289139,PMS Guest,Others,Not in SU,confirmed,,5530,Property #5530,Unassigned,not available,2026-09-26,,PMS Only,"Present in PMS Base Dump, not found in SU"
CANRM22082026,1289192,PMS Guest,Others,Not in SU,confirmed,,1903,Tinted Skies,Unassigned,https://www.stayvista.com/villa/tinted-skies-wada-3-bhk-villa-in-mumbai-with-private-pool-and-spacious-rooms,2026-09-26,,PMS Only,"Present in PMS Base Dump, not found in SU"
pay_TXXnIZfNROszk1,1289429,PMS Guest,Others,Not in SU,confirmed,,2835,Casa Ember,Unassigned,https://www.stayvista.com/villa/casa-ember-5-bhk-villa-in-lonavala-with-private-pool-and-spacious-rooms,2026-09-26,,PMS Only,"Present in PMS Base Dump, not found in SU"
1900312968,1289447,PMS Guest,Others,Not in SU,confirmed,,2638,The Barn,Unassigned,https://www.stayvista.com/villa/the-barn-5-bhk-villa-in-lonavala-with-private-pool-and-spacious-rooms,2026-09-26,,PMS Only,"Present in PMS Base Dump, not found in SU"
pay_TXbY4yv5OxGLZt,1289489,PMS Guest,Others,Not in SU,confirmed,,175,kainaat villa,Tejal,https://www.stayvista.com/villa/vista-dazzle-6-bhk-villa-with-private-pool,2026-09-26,,PMS Only,"Present in PMS Base Dump, not found in SU"
pay_TXeKWYPe1GFTFH,1289521,PMS Guest,Others,Not in SU,confirmed,,1846,Brookvale Cottage,Unassigned,https://www.stayvista.com/villa/brookvale-cottage-4-bhk-villa-in-lonavala-with-private-pool-and-spacious-rooms,2026-09-26,,PMS Only,"Present in PMS Base Dump, not found in SU"
30499326627,1289599,PMS Guest,Others,Not in SU,confirmed,,3354,Property #3354,Unassigned,not available,2026-09-26,,PMS Only,"Present in PMS Base Dump, not found in SU"
pay_TXvvucwtmXiJiM,1289674,PMS Guest,Others,Not in SU,confirmed,,3970,Whispering Arc,Unassigned,https://www.stayvista.com/villa/whispering-arc,2026-09-26,,PMS Only,"Present in PMS Base Dump, not found in SU"
pay_TY5AuEMPHYy5Me,1289820,PMS Guest,Others,Not in SU,cancelled,,5046,Moets Palm Villa,Shital,https://www.stayvista.com/villa/stayvista-residences-at-moets-palm,2026-09-26,,PMS Only,"Present in PMS Base Dump, not found in SU"
pay_TYM2sn3v9subj7,1290007,PMS Guest,Others,Not in SU,confirmed,,4634,The Edge of Sky,Unassigned,https://www.stayvista.com/villa/the-edge-of-sky,2026-09-26,,PMS Only,"Present in PMS Base Dump, not found in SU"
pay_TYgrDrtmEa1TBS,1290163,PMS Guest,Others,Not in SU,confirmed,,5347,Property #5347,Unassigned,not available,2026-09-26,,PMS Only,"Present in PMS Base Dump, not found in SU"
1025,1290174,PMS Guest,Others,Not in SU,confirmed,,5209,Property #5209,Unassigned,not available,2026-09-26,,PMS Only,"Present in PMS Base Dump, not found in SU"
pay_TYhV5Nm1d7cv4l,1290176,PMS Guest,Others,Not in SU,confirmed,,5346,Property #5346,Unassigned,not available,2026-09-26,,PMS Only,"Present in PMS Base Dump, not found in SU"
pay_TYlAILEWtKUpYd,1290227,PMS Guest,Others,Not in SU,confirmed,,4478,Vaana,Unassigned,https://www.stayvista.com/villa/vaana,2026-09-26,,PMS Only,"Present in PMS Base Dump, not found in SU"
pay_TYmnNFyNwD5xUe,1290242,PMS Guest,Others,Not in SU,confirmed,,5332,Property #5332,Unassigned,not available,2026-09-26,,PMS Only,"Present in PMS Base Dump, not found in SU"
pay_TYnb8a9phrjQYQ,1290249,PMS Guest,Others,Not in SU,confirmed,,3249,Grey Hues,Unassigned,https://www.stayvista.com/villa/grey-hues-8-bhk-villa-in-karjat-with-private-pool-and-spacious-rooms,2026-09-26,,PMS Only,"Present in PMS Base Dump, not found in SU"
30554901754,1290306,PMS Guest,Others,Not in SU,confirmed,,315,Trillium Hospitalities,Shital,https://www.stayvista.com/villa/b-24-spring-wada-3-bhk-villa-in-mumbai-with-private-pool-and-spacious-rooms,2026-09-26,,PMS Only,"Present in PMS Base Dump, not found in SU"
temp_6a9e60eecd3a7,1290322,PMS Guest,Others,Not in SU,confirmed,,456,Shibu's House,Shital,https://www.stayvista.com/villa/cheppanam-house,2026-09-26,,PMS Only,"Present in PMS Base Dump, not found in SU"
pay_TZ3aW9C5iTRUMK,1290324,PMS Guest,Others,Not in SU,confirmed,,2045,Vine & Splash,Unassigned,https://www.stayvista.com/villa/vine-and-splash-9-bhk-villa-with-private-pool,2026-09-26,,PMS Only,"Present in PMS Base Dump, not found in SU"
pay_TZ4On8nhV7ZBQE,1290345,PMS Guest,Others,Not in SU,confirmed,,5251,Blume Villa,Unassigned,https://www.stayvista.com/villa/blume-villa,2026-09-26,,PMS Only,"Present in PMS Base Dump, not found in SU"
pay_TZ4l0Px06EEZHs,1290352,PMS Guest,Others,Not in SU,confirmed,,4801,Monte Blu,Unassigned,https://www.stayvista.com/villa/monte-blu,2026-09-26,,PMS Only,"Present in PMS Base Dump, not found in SU"
CAN1276845,1290472,PMS Guest,Others,Not in SU,confirmed,,3244,The Rasa Bungalow - 5BR,Unassigned,https://www.stayvista.com/villa/the-rasa-bungalow,2026-09-26,,PMS Only,"Present in PMS Base Dump, not found in SU"
pay_TZBGTvz7nzFVCW,1290473,PMS Guest,Others,Not in SU,confirmed,,5047,Property #5047,Unassigned,not available,2026-09-26,,PMS Only,"Present in PMS Base Dump, not found in SU"
pay_TZSv0IcHQpZtY7,1290610,PMS Guest,Others,Not in SU,confirmed,,4955,Property #4955,Unassigned,not available,2026-09-26,,PMS Only,"Present in PMS Base Dump, not found in SU"
pay_TZUgwfOAHVo4KI,1290632,PMS Guest,Others,Not in SU,confirmed,,4878,Property #4878,Unassigned,not available,2026-09-26,,PMS Only,"Present in PMS Base Dump, not found in SU"
pay_TZW83XaoGzxnYd,1290658,PMS Guest,Others,Not in SU,confirmed,,4322,The Solitaire Home (Horizon),Unassigned,https://www.stayvista.com/villa/the-solitaire-home,2026-09-26,,PMS Only,"Present in PMS Base Dump, not found in SU"
30578554233,1290659,PMS Guest,Others,Not in SU,confirmed,,3475,La Belleza,Unassigned,https://www.stayvista.com/villa/la-belleza-6-bhk-villa-in-lonavala-with-private-pool-and-spacious-rooms,2026-09-26,,PMS Only,"Present in PMS Base Dump, not found in SU"
pay_TZXEQN7iqFVOvT,1290689,PMS Guest,Others,Not in SU,confirmed,,1454,Casa Blanca,Shital,https://www.stayvista.com/villa/casa-blanca-4-bhk-villa-in-karjat-with-private-pool-and-spacious-rooms,2026-09-26,,PMS Only,"Present in PMS Base Dump, not found in SU"
pay_TZYszQqZLTY0lm,1290716,PMS Guest,Others,Not in SU,confirmed,,2279,Property #2279,Unassigned,not available,2026-09-26,,PMS Only,"Present in PMS Base Dump, not found in SU"
pay_TZZ9iKO75lUjVR,1290718,PMS Guest,Others,Not in SU,confirmed,,5290,Crimson Bleu,Unassigned,https://www.stayvista.com/villa/crimson-bleu,2026-09-26,,PMS Only,"Present in PMS Base Dump, not found in SU"
AXOMB25102162504,1290746,PMS Guest,Others,Not in SU,confirmed,,5582,Property #5582,Unassigned,not available,2026-09-26,,PMS Only,"Present in PMS Base Dump, not found in SU"
pay_TZvCOz3pOrPku0,1290893,PMS Guest,Others,Not in SU,confirmed,,5303,Tamarind Trails,Unassigned,https://www.stayvista.com/villa/tamarind-trails,2026-09-26,,PMS Only,"Present in PMS Base Dump, not found in SU"
pay_TZzHzfgQiSenUf,1290945,PMS Guest,Others,Not in SU,confirmed,,4117,Serene Garden,Tanvi,https://www.stayvista.com/villa/serene-garden,2026-09-26,,PMS Only,"Present in PMS Base Dump, not found in SU"
pay_Ta0Zy2mJDdgotY,1290957,PMS Guest,Others,Not in SU,confirmed,,5652,Property #5652,Unassigned,not available,2026-09-26,,PMS Only,"Present in PMS Base Dump, not found in SU"
625270000000,1291034,PMS Guest,Others,Not in SU,confirmed,,4464,Horizon Villa,Unassigned,https://www.stayvista.com/villa/horizon-villa,2026-09-26,,PMS Only,"Present in PMS Base Dump, not found in SU"
30612740398,1291048,PMS Guest,Others,Not in SU,tentative,,2430,The Den,Unassigned,https://www.stayvista.com/villa/the-den,2026-09-26,,PMS Only,"Present in PMS Base Dump, not found in SU"
pay_TaGvWdoklo3qkI,1291062,PMS Guest,Others,Not in SU,confirmed,,5406,Whispering Trails,Unassigned,https://www.stayvista.com/villa/whispering-trails,2026-09-26,,PMS Only,"Present in PMS Base Dump, not found in SU"
3938,1291088,PMS Guest,Others,Not in SU,confirmed,,3845,Middle Earth 8BHK,Unassigned,https://www.stayvista.com/villa/middle-earth-8-bhk-villa-in-karjat-with-private-pool-and-spacious-rooms,2026-09-26,,PMS Only,"Present in PMS Base Dump, not found in SU"
pay_TaJA86sgVZJ2JN,1291092,PMS Guest,Others,Not in SU,cancelled,,3181,Firefly Mountain Retreat - Khopoli,Unassigned,https://www.stayvista.com/villa/firefly-mountain-retreat-khopoli-6-bhk-villa-in-lonavala-with-private-pool-and-spacious-rooms,2026-09-26,,PMS Only,"Present in PMS Base Dump, not found in SU"
CMS2532632500261,1291095,PMS Guest,Others,Not in SU,confirmed,,697,Krishnalaya Mansion,Unassigned,https://www.stayvista.com/villa/krishnalaya-mansion,2026-09-26,,PMS Only,"Present in PMS Base Dump, not found in SU"
pay_TaJNN99z2A2fyR,1291096,PMS Guest,Others,Not in SU,confirmed,,1787,Property #1787,Unassigned,not available,2026-09-26,,PMS Only,"Present in PMS Base Dump, not found in SU"
pay_TaKKPLFNunC7QZ,1291112,PMS Guest,Others,Not in SU,confirmed,,5348,Property #5348,Unassigned,not available,2026-09-26,,PMS Only,"Present in PMS Base Dump, not found in SU"
pay_TaYNuSu3e2YKh7,1291236,PMS Guest,Others,Not in SU,cancelled,,4541,Villa Eleve,Unassigned,https://www.stayvista.com/villa/villa-eleve,2026-09-26,,PMS Only,"Present in PMS Base Dump, not found in SU"
pay_TaZsoUM6oMR0Mm,1291243,PMS Guest,Others,Not in SU,confirmed,,1875,The Blue Horizon,Unassigned,https://www.stayvista.com/villa/the-blue-horizon,2026-09-26,,PMS Only,"Present in PMS Base Dump, not found in SU"
pay_TagAk20lDwI5Tr,1291371,PMS Guest,Others,Not in SU,confirmed,,5458,Soulscape,Unassigned,https://www.stayvista.com/villa/soulscape,2026-09-26,,PMS Only,"Present in PMS Base Dump, not found in SU"
pay_TahqN3Mye3ir2a,1291419,PMS Guest,Others,Not in SU,confirmed,,3427,Dusk by the hills,Unassigned,https://www.stayvista.com/villa/dusk-by-the-hills-4-bhk-villa-in-lonavala-with-private-pool-and-spacious-rooms,2026-09-26,,PMS Only,"Present in PMS Base Dump, not found in SU"
pay_TaiNEQBUccZcyn,1291432,PMS Guest,Others,Not in SU,confirmed,,4942,PS’ Infinity Hideout,Jakee,https://www.stayvista.com/villa/ps-infinity-hideout,2026-09-26,,PMS Only,"Present in PMS Base Dump, not found in SU"
30633557320,1291433,PMS Guest,Others,Not in SU,confirmed,,4959,Arabella,Unassigned,https://www.stayvista.com/villa/arabella,2026-09-26,,PMS Only,"Present in PMS Base Dump, not found in SU"
pay_TaiopHq7oRoUgH,1291440,PMS Guest,Others,Not in SU,confirmed,,2377,Emerald Greens,Unassigned,https://www.stayvista.com/villa/emerald-greens-3-bhk-villa-in-lonavala-with-private-pool-and-spacious-rooms,2026-09-26,,PMS Only,"Present in PMS Base Dump, not found in SU"
30386663500,1291442,PMS Guest,Others,Not in SU,cancelled,,187,Gram’s at Pawna - Private Rooms,Priya,https://www.stayvista.com/villa/grams-at-shivom-pawna,2026-09-26,,PMS Only,"Present in PMS Base Dump, not found in SU"
30386663500,1291448,PMS Guest,Others,Not in SU,cancelled,,187,Gram’s at Pawna - Private Rooms,Priya,https://www.stayvista.com/villa/grams-at-shivom-pawna,2026-09-26,,PMS Only,"Present in PMS Base Dump, not found in SU"
pay_TalXl0m3qpM7EH,1291483,PMS Guest,Others,Not in SU,confirmed,,4458,Windy Ridge,Pratiksha,https://www.stayvista.com/villa/windy-ridge,2026-09-26,,PMS Only,"Present in PMS Base Dump, not found in SU"
pay_Tb4kUkJSfi2DQ4,1291696,PMS Guest,Others,Not in SU,confirmed,,5025,Belmonte,Giftson,https://www.stayvista.com/villa/belmonte,2026-09-26,,PMS Only,"Present in PMS Base Dump, not found in SU"
pay_Tb5JqnTojlSDnY,1291707,PMS Guest,Others,Not in SU,confirmed,,5345,Property #5345,Unassigned,not available,2026-09-26,,PMS Only,"Present in PMS Base Dump, not found in SU"
pay_Tb5kwFSjVeOUdv,1291714,PMS Guest,Others,Not in SU,confirmed,,5559,Solmira Haven - 4BR,Unassigned,https://www.stayvista.com/villa/solmira-haven,2026-09-26,,PMS Only,"Present in PMS Base Dump, not found in SU"
30653987335,1291719,PMS Guest,Others,Not in SU,cancelled,,357,Cottage in the Clouds,Shital,https://www.stayvista.com/villa/cottage-in-the-clouds,2026-09-26,,PMS Only,"Present in PMS Base Dump, not found in SU"
pay_Tb7Ie4ddfttWh7,1291752,PMS Guest,Others,Not in SU,confirmed,,5437,Sukoon Villa,Sharon,https://www.stayvista.com/villa/sukoon-villa,2026-09-26,,PMS Only,"Present in PMS Base Dump, not found in SU"
30655992439,1291762,PMS Guest,Others,Not in SU,confirmed,,3987,Dolce Montagna,Tanvi,https://www.stayvista.com/villa/dolce-montagna-7-bhk-villa-in-lonavala-with-private-pool-and-spacious-rooms,2026-09-26,,PMS Only,"Present in PMS Base Dump, not found in SU"
pay_TbNTxSCLDRG4hN,1291844,PMS Guest,Others,Not in SU,confirmed,,2898,Villa Monarch,Unassigned,https://www.stayvista.com/villa/villa-monarch-4-bhk-villa-in-lonavala-with-private-pool-and-spacious-rooms,2026-09-26,,PMS Only,"Present in PMS Base Dump, not found in SU"
pay_TbTdWEqKKXENTB,1291910,PMS Guest,Others,Not in SU,confirmed,,2899,Blanc Belle - Sohna,Unassigned,https://www.stayvista.com/villa/blanc-belle,2026-09-26,,PMS Only,"Present in PMS Base Dump, not found in SU"
pay_TbeHNBAquPlkpF,1292012,PMS Guest,Others,Not in SU,cancelled,,5419,Beryl Haven,Unassigned,https://www.stayvista.com/villa/beryl-haven,2026-09-26,,PMS Only,"Present in PMS Base Dump, not found in SU"
pay_TbqAnD2UuiS9GK,1292057,PMS Guest,Others,Not in SU,confirmed,,2534,Soul Serenity,Unassigned,https://www.stayvista.com/villa/soul-serenity-2-bhk-villa-in-nashik-with-private-pool-and-spacious-rooms,2026-09-26,,PMS Only,"Present in PMS Base Dump, not found in SU"
pay_Tbsr3TPcQ8FQSh,1292089,PMS Guest,Others,Not in SU,confirmed,,4901,The Birdwood Estate,Unassigned,https://www.stayvista.com/villa/the-birdwood-estate,2026-09-26,,PMS Only,"Present in PMS Base Dump, not found in SU"
pay_TbtEDJTGeH8QMp,1292092,PMS Guest,Others,Not in SU,confirmed,,1559,Paashaan - Khopoli,Priya,https://www.stayvista.com/villa/paashaan-heated-pool-khopoli-all-meals-included-4-bhk-villa-in-lonavala-with-private-pool-and-spacious-rooms,2026-09-26,,PMS Only,"Present in PMS Base Dump, not found in SU"
30692703833,1292124,PMS Guest,Others,Not in SU,confirmed,,4250,Priana,Unassigned,https://www.stayvista.com/villa/priana,2026-09-26,,PMS Only,"Present in PMS Base Dump, not found in SU"
30693249422,1292127,PMS Guest,Others,Not in SU,cancelled,,3031,House of J,Unassigned,https://www.stayvista.com/villa/house-of-j,2026-09-26,,PMS Only,"Present in PMS Base Dump, not found in SU"
30693249422,1292131,PMS Guest,Others,Not in SU,confirmed,,3296,The Estate - Luxury Living,Unassigned,https://www.stayvista.com/villa/the-estate-luxury-living-kusur-3-bhk-villa-in-lonavala-with-private-pool-and-spacious-rooms,2026-09-26,,PMS Only,"Present in PMS Base Dump, not found in SU"
pay_TbxRhAanvd98j3,1292142,PMS Guest,Others,Not in SU,confirmed,,5306,Property #5306,Unassigned,not available,2026-09-26,,PMS Only,"Present in PMS Base Dump, not found in SU"
pay_TcEjTOyfVkRLvk,1292220,PMS Guest,Others,Not in SU,confirmed,,3031,House of J,Unassigned,https://www.stayvista.com/villa/house-of-j,2026-09-26,,PMS Only,"Present in PMS Base Dump, not found in SU"
pay_TcF0QwOygFS0Nr,1292223,PMS Guest,Others,Not in SU,confirmed,,4935,Amara Palms,Sharon,https://www.stayvista.com/villa/amara-palms,2026-09-26,,PMS Only,"Present in PMS Base Dump, not found in SU"
30705831871,1292234,PMS Guest,Others,Not in SU,confirmed,,4173,Areca Breeze,Unassigned,https://www.stayvista.com/villa/areca-breeze,2026-09-26,,PMS Only,"Present in PMS Base Dump, not found in SU"
pay_TcHJALRC0H0aQV,1292258,PMS Guest,Others,Not in SU,confirmed,,5327,Elysian Forest Villa - 6BR,Unassigned,https://www.stayvista.com/villa/elysian-forest-villa,2026-09-26,,PMS Only,"Present in PMS Base Dump, not found in SU"
pay_Tce4dM82V1DZNG,1292445,PMS Guest,Others,Not in SU,confirmed,,462,Casa Del Verde,Lakshmi,https://www.stayvista.com/villa/casa-del-verde-4-bhk-villa-in-nashik-with-private-pool-and-spacious-rooms,2026-09-26,,PMS Only,"Present in PMS Base Dump, not found in SU"
pay_Tce7iWIgOcerQZ,1292447,PMS Guest,Others,Not in SU,confirmed,,3192,Verdant Acres,Unassigned,https://www.stayvista.com/villa/verdant-acres,2026-09-26,,PMS Only,"Present in PMS Base Dump, not found in SU"
pay_TceBYJbGjomL9t,1292448,PMS Guest,Others,Not in SU,confirmed,,3706,M Villa,Unassigned,https://www.stayvista.com/villa/m-villa,2026-09-26,,PMS Only,"Present in PMS Base Dump, not found in SU"
INV241178956049593500,1292617,PMS Guest,Others,Not in SU,confirmed,,2117,Property #2117,Unassigned,not available,2026-09-26,,PMS Only,"Present in PMS Base Dump, not found in SU"
pay_TczpXGWwjm1VUP,1292626,PMS Guest,Others,Not in SU,confirmed,,4762,Property #4762,Unassigned,not available,2026-09-26,,PMS Only,"Present in PMS Base Dump, not found in SU"
pay_Td0WMxhDgyNHau,1292648,PMS Guest,Others,Not in SU,confirmed,,4884,Clairmont Arc,Unassigned,https://www.stayvista.com/villa/clairmont-arc,2026-09-26,,PMS Only,"Present in PMS Base Dump, not found in SU"
pay_Td0tBsmkBeN2qs,1292653,PMS Guest,Others,Not in SU,confirmed,,5082,Aria by the Hills,Unassigned,https://www.stayvista.com/villa/aria-by-the-hills,2026-09-26,,PMS Only,"Present in PMS Base Dump, not found in SU"
temp_6aabb7d0b2062,1292700,PMS Guest,Others,Not in SU,confirmed,,1709,Mysty View,Jakee,https://www.stayvista.com/villa/mysty-view,2026-09-26,,PMS Only,"Present in PMS Base Dump, not found in SU"
pay_Td50D3a124Q6eB,1292727,PMS Guest,Others,Not in SU,cancelled,,5721,Property #5721,Unassigned,not available,2026-09-26,,PMS Only,"Present in PMS Base Dump, not found in SU"
pay_Td6Phuzi9iSOrW,1292733,PMS Guest,Others,Not in SU,confirmed,,4757,Amaya,Unassigned,https://www.stayvista.com/villa/amaya-w-heated-outdoor-pool,2026-09-26,,PMS Only,"Present in PMS Base Dump, not found in SU"
pay_TdCkdcVzWTfBrr,1292825,PMS Guest,Others,Not in SU,confirmed,,662,Pura Vida Villa,Shital,https://www.stayvista.com/villa/pura-vida-villa-3-bhk-villa-in-lonavala-with-private-pool-and-spacious-rooms,2026-09-26,,PMS Only,"Present in PMS Base Dump, not found in SU"
pay_TdDnUQXYbD4J9X,1292830,PMS Guest,Others,Not in SU,confirmed,,302,Villa Arcadia,Lakshmi,https://www.stayvista.com/villa/villa-arcadia-candolim-3-bhk-villa-in-goa-with-private-pool-and-spacious-rooms,2026-09-26,,PMS Only,"Present in PMS Base Dump, not found in SU"
3077160932,1292872,PMS Guest,Others,Not in SU,cancelled,,187,Gram’s at Pawna - Private Rooms,Priya,https://www.stayvista.com/villa/grams-at-shivom-pawna,2026-09-26,,PMS Only,"Present in PMS Base Dump, not found in SU"
3077160932,1292876,PMS Guest,Others,Not in SU,cancelled,,187,Gram’s at Pawna - Private Rooms,Priya,https://www.stayvista.com/villa/grams-at-shivom-pawna,2026-09-26,,PMS Only,"Present in PMS Base Dump, not found in SU"
30771379458,1292882,PMS Guest,Others,Not in SU,confirmed,,4066,Villa Tesoro,Unassigned,https://www.stayvista.com/villa/villa-tesoro-6-bhk-villa-in-lonavala-with-private-pool-and-spacious-rooms,2026-09-26,,PMS Only,"Present in PMS Base Dump, not found in SU"
pay_TdOymj90xAcVCf,1292895,PMS Guest,Others,Not in SU,confirmed,,3667,Willow Cove,Unassigned,https://www.stayvista.com/villa/willow-cove,2026-09-26,,PMS Only,"Present in PMS Base Dump, not found in SU"
pay_TdPnYj83vQGyni,1292913,PMS Guest,Others,Not in SU,confirmed,,4737,Hillcrest Serenity - Kotagiri,Unassigned,https://www.stayvista.com/villa/hillcrest-serenity,2026-09-26,,PMS Only,"Present in PMS Base Dump, not found in SU"
pay_TdQJ5br4mOjtWg,1292922,PMS Guest,Others,Not in SU,confirmed,,5352,Amelia,Sharon,https://www.stayvista.com/villa/amelia,2026-09-26,,PMS Only,"Present in PMS Base Dump, not found in SU"
pay_TdQVysICtzOrEA,1292929,PMS Guest,Others,Not in SU,confirmed,,5666,Property #5666,Unassigned,not available,2026-09-26,,PMS Only,"Present in PMS Base Dump, not found in SU"
30775447442,1292948,PMS Guest,Others,Not in SU,confirmed,,3576,Property #3576,Unassigned,not available,2026-09-26,,PMS Only,"Present in PMS Base Dump, not found in SU"
pay_TdRde3jlrFQwsE,1292950,PMS Guest,Others,Not in SU,confirmed,,1951,Our Beloved Summer,Unassigned,https://www.stayvista.com/villa/our-beloved-summer-6-bhk-villa-in-alibaug-with-private-pool-and-spacious-rooms,2026-09-26,,PMS Only,"Present in PMS Base Dump, not found in SU"
30777278135,1293000,PMS Guest,Others,Not in SU,cancelled,,3179,Savara,Ajay,https://www.stayvista.com/villa/savara,2026-09-26,,PMS Only,"Present in PMS Base Dump, not found in SU"
pay_TdU4ECQiD4P0qg,1293102,PMS Guest,Others,Not in SU,cancelled,,5357,Amara Oasis - 7BR,Unassigned,https://www.stayvista.com/villa/amara-oasis,2026-09-26,,PMS Only,"Present in PMS Base Dump, not found in SU"
30777278135,1293117,PMS Guest,Others,Not in SU,confirmed,,3179,Savara,Ajay,https://www.stayvista.com/villa/savara,2026-09-26,,PMS Only,"Present in PMS Base Dump, not found in SU"
pay_TdU4ECQiD4P0qg,1293122,PMS Guest,Others,Not in SU,confirmed,,5357,Amara Oasis - 7BR,Unassigned,https://www.stayvista.com/villa/amara-oasis,2026-09-26,,PMS Only,"Present in PMS Base Dump, not found in SU"
30771660932,1293133,PMS Guest,Others,Not in SU,cancelled,,187,Gram’s at Pawna - Private Rooms,Priya,https://www.stayvista.com/villa/grams-at-shivom-pawna,2026-09-26,,PMS Only,"Present in PMS Base Dump, not found in SU"
129823000000,1293150,PMS Guest,Others,Not in SU,confirmed,,659,Property #659,Unassigned,not available,2026-09-26,,PMS Only,"Present in PMS Base Dump, not found in SU"
129823000000,1293153,PMS Guest,Others,Not in SU,confirmed,,2117,Property #2117,Unassigned,not available,2026-09-26,,PMS Only,"Present in PMS Base Dump, not found in SU"
pay_TdWkESShaV0kcd,1293167,PMS Guest,Others,Not in SU,confirmed,,4746,Petal Perch,Unassigned,https://www.stayvista.com/villa/petal-perch,2026-09-26,,PMS Only,"Present in PMS Base Dump, not found in SU"
pay_TVWQsA2UiRp6yG,1293191,PMS Guest,Others,Not in SU,confirmed,,5929,Property #5929,Unassigned,not available,2026-09-26,,PMS Only,"Present in PMS Base Dump, not found in SU"
HMH4TSMYQ9,1293257,PMS Guest,Airbnb,Not in SU,confirmed,,4393,tatvam,Unassigned,https://www.airbnb.com/rooms/1412063723860901268,2026-09-26,,PMS Only,"Present in PMS Base Dump, not found in SU"
pay_TdmEdeSiB9tjUv,1293278,PMS Guest,Others,Not in SU,confirmed,,3891,Zen Haven - Igatpuri,Unassigned,https://www.stayvista.com/villa/zen-haven-igatpuri-5-bhk-villa-in-nashik-with-private-pool-and-spacious-rooms,2026-09-26,,PMS Only,"Present in PMS Base Dump, not found in SU"
pay_TdpSiVmHkTNZ3w,1293337,PMS Guest,Others,Not in SU,confirmed,,5125,Property #5125,Unassigned,not available,2026-09-26,,PMS Only,"Present in PMS Base Dump, not found in SU"
pay_TdppMTyHTdG9th,1293348,PMS Guest,Others,Not in SU,confirmed,,5659,Property #5659,Unassigned,not available,2026-09-26,,PMS Only,"Present in PMS Base Dump, not found in SU"
pay_TdqDLsNTQSwycJ,1293352,PMS Guest,Others,Not in SU,confirmed,,3672,Bean & Blanc,Unassigned,https://www.stayvista.com/villa/bean-and-blanc,2026-09-26,,PMS Only,"Present in PMS Base Dump, not found in SU"
pay_TdqE6cynvsIVi3,1293353,PMS Guest,Others,Not in SU,confirmed,,2879,Little Heaven,Unassigned,https://www.stayvista.com/villa/little-heaven-3-bhk-villa-in-ooty-with-spacious-rooms,2026-09-26,,PMS Only,"Present in PMS Base Dump, not found in SU"
pay_TdqufJlfXvDmmy,1293362,PMS Guest,Others,Not in SU,confirmed,,5548,Property #5548,Unassigned,not available,2026-09-26,,PMS Only,"Present in PMS Base Dump, not found in SU"
pay_TdsGs34ifvD06W,1293391,PMS Guest,Others,Not in SU,confirmed,,3157,Sunlit Splendour,Unassigned,https://www.stayvista.com/villa/sunlit-splendour-4-bhk-villa-in-alibaug-with-private-pool-and-spacious-rooms,2026-09-26,,PMS Only,"Present in PMS Base Dump, not found in SU"
pay_Tdsa5qgtV6GRfv,1293395,PMS Guest,Others,Not in SU,confirmed,,3137,The Courtyard,Keshav,https://www.stayvista.com/villa/the-courtyard-3-bhk-villa-in-alibaug-with-private-pool-and-spacious-rooms,2026-09-26,,PMS Only,"Present in PMS Base Dump, not found in SU"
pay_Tdu1amysIPimjL,1293413,PMS Guest,Others,Not in SU,confirmed,,2501,Francolin Farm - Sohna,Unassigned,https://www.stayvista.com/villa/francolin-farm,2026-09-26,,PMS Only,"Present in PMS Base Dump, not found in SU"
pay_TdvOJH0n8nXJbQ,1293437,PMS Guest,Others,Not in SU,confirmed,,1669,Nihira Farms Kamshet,Unassigned,https://www.stayvista.com/villa/nihira-farms-lake-view-kamshet-4-bhk-villa-in-lonavala-with-private-pool-and-spacious-rooms,2026-09-26,,PMS Only,"Present in PMS Base Dump, not found in SU"
pay_TdvxMDb2xLVL7y,1293443,PMS Guest,Others,Not in SU,confirmed,,4914,Beth Shalom,Unassigned,https://www.stayvista.com/villa/beth-shalom,2026-09-26,,PMS Only,"Present in PMS Base Dump, not found in SU"
30809135354,1293545,PMS Guest,Others,Not in SU,confirmed,,4534,Solea,Unassigned,https://www.stayvista.com/villa/solea,2026-09-26,,PMS Only,"Present in PMS Base Dump, not found in SU"
SVS3226886743200,1293581,PMS Guest,Others,Not in SU,confirmed,,5282,Azalea,Unassigned,https://www.stayvista.com/villa/azalea,2026-09-26,,PMS Only,"Present in PMS Base Dump, not found in SU"
pay_TeGE65F1Ouqehy,1293613,PMS Guest,Others,Not in SU,confirmed,,2384,Property #2384,Unassigned,not available,2026-09-26,,PMS Only,"Present in PMS Base Dump, not found in SU"
pay_TeKfC213tH63A7,1293664,PMS Guest,Others,Not in SU,tentative,,4903,Treeansh,Unassigned,https://www.stayvista.com/villa/treeansh,2026-09-26,,PMS Only,"Present in PMS Base Dump, not found in SU"
pay_TeMUZ4O84LuuFI,1293681,PMS Guest,Others,Not in SU,confirmed,,4910,Property #4910,Unassigned,not available,2026-09-26,,PMS Only,"Present in PMS Base Dump, not found in SU"
pay_TeaOE0L0oWNQjk,1293753,PMS Guest,Others,Not in SU,confirmed,,5159,Property #5159,Unassigned,not available,2026-09-26,,PMS Only,"Present in PMS Base Dump, not found in SU"
pay_TeajvV7vtfFQlP,1293757,PMS Guest,Others,Not in SU,confirmed,,5183,White Nook,Unassigned,https://www.stayvista.com/villa/white-nook,2026-09-26,,PMS Only,"Present in PMS Base Dump, not found in SU"
pay_Td50D3a124Q6eB,1293787,PMS Guest,Others,Not in SU,confirmed,,5592,Property #5592,Unassigned,not available,2026-09-26,,PMS Only,"Present in PMS Base Dump, not found in SU"
pay_Tecyrl43rfvujw,1293799,PMS Guest,Others,Not in SU,confirmed,,3869,Gulposh Retreat,Unassigned,https://www.stayvista.com/villa/gulposh-retreat-3-bhk-villa-in-karjat-with-private-pool-and-spacious-rooms,2026-09-26,,PMS Only,"Present in PMS Base Dump, not found in SU"
pay_TeeIpWGf0PeTUu,1293822,PMS Guest,Others,Not in SU,confirmed,,2796,Basalt,Unassigned,https://www.stayvista.com/villa/basalt-hillside-farmstay-khopoli-5-bhk-villa-in-karjat-with-private-pool-and-spacious-rooms,2026-09-26,,PMS Only,"Present in PMS Base Dump, not found in SU"
30831936458,1293827,PMS Guest,Others,Not in SU,confirmed,,3839,Amber & Mist,Unassigned,https://www.stayvista.com/villa/amber-and-mist-5-bhk-villa-in-nashik-with-private-pool-and-spacious-rooms,2026-09-26,,PMS Only,"Present in PMS Base Dump, not found in SU"
nan,1293835,PMS Guest,Others,Not in SU,cancelled,,5123,Villa Vivaans,Unassigned,https://www.stayvista.com/villa/villa-vivaans,2026-09-26,,PMS Only,"Present in PMS Base Dump, not found in SU"
pay_TefoDQqwxcZFTk,1293849,PMS Guest,Others,Not in SU,confirmed,,217,Ace Palazzo Bianco,Lakshmi,https://www.stayvista.com/villa/bianco-villa-4-bhk-villa-in-lonavala-with-private-pool-and-spacious-rooms,2026-09-26,,PMS Only,"Present in PMS Base Dump, not found in SU"
30833739018,1293855,PMS Guest,Others,Not in SU,confirmed,,2126,Moonlit Hills,Unassigned,https://www.stayvista.com/villa/moonlit-hills-4-bhk-villa-in-lonavala-with-private-pool-and-spacious-rooms,2026-09-26,,PMS Only,"Present in PMS Base Dump, not found in SU"
pay_TegK9eiMnXquXS,1293858,PMS Guest,Others,Not in SU,confirmed,,5589,Property #5589,Unassigned,not available,2026-09-26,,PMS Only,"Present in PMS Base Dump, not found in SU"
pay_TegTUenpFJetTb,1293859,PMS Guest,Others,Not in SU,confirmed,,4999,CosyVille,Unassigned,https://www.stayvista.com/villa/cosyville,2026-09-26,,PMS Only,"Present in PMS Base Dump, not found in SU"
pay_TegafPkKYGZdMG,1293863,PMS Guest,Others,Not in SU,confirmed,,5123,Villa Vivaans,Unassigned,https://www.stayvista.com/villa/villa-vivaans,2026-09-26,,PMS Only,"Present in PMS Base Dump, not found in SU"
pay_Tegb3LyEwFoZgr,1293864,PMS Guest,Others,Not in SU,confirmed,,4728,Belas Palmeiras,Unassigned,https://www.stayvista.com/villa/belas-palmeiras,2026-09-26,,PMS Only,"Present in PMS Base Dump, not found in SU"
pay_TelKef7jpky1ve,1293933,PMS Guest,Others,Not in SU,confirmed,,2320,La Grove,Shital,https://www.stayvista.com/villa/la-grove,2026-09-26,,PMS Only,"Present in PMS Base Dump, not found in SU"
pay_TelP6PsGDXZIfg,1293934,PMS Guest,Others,Not in SU,confirmed,,434,Waterlily,Shital,https://www.stayvista.com/villa/waterlily-parra-3-bhk-villa-in-goa-with-private-pool-and-spacious-rooms,2026-09-26,,PMS Only,"Present in PMS Base Dump, not found in SU"
pay_TewFrUs9NJmrGL,1293971,PMS Guest,Others,Not in SU,confirmed,,5412,Woods & Bricks Cottage,Unassigned,https://www.stayvista.com/villa/woods-bricks-cottage,2026-09-26,,PMS Only,"Present in PMS Base Dump, not found in SU"
pay_Teys9QjKXBigxY,1293999,PMS Guest,Others,Not in SU,confirmed,,5215,Montara View,Unassigned,https://www.stayvista.com/villa/montara-view,2026-09-26,,PMS Only,"Present in PMS Base Dump, not found in SU"
pay_Tez6gNlwOl2c9R,1294010,PMS Guest,Others,Not in SU,confirmed,,5833,Property #5833,Unassigned,not available,2026-09-26,,PMS Only,"Present in PMS Base Dump, not found in SU"
pay_TezFAGwucBOp32,1294014,PMS Guest,Others,Not in SU,confirmed,,5151,Leopard's Haus,Unassigned,https://www.stayvista.com/villa/leopards-haus,2026-09-26,,PMS Only,"Present in PMS Base Dump, not found in SU"
30849472167,1294051,PMS Guest,Others,Not in SU,confirmed,,5832,Property #5832,Unassigned,not available,2026-09-26,,PMS Only,"Present in PMS Base Dump, not found in SU"
pay_Tf4NxqiufYW3Lf,1294110,PMS Guest,Others,Not in SU,confirmed,,4825,Meadows Land,Unassigned,https://www.stayvista.com/villa/meadows-land,2026-09-26,,PMS Only,"Present in PMS Base Dump, not found in SU"
pay_Tf5EO441QdJhO6,1294134,PMS Guest,Others,Not in SU,confirmed,,4531,The Five Oaks,Unassigned,https://www.stayvista.com/villa/the-five-oaks,2026-09-26,,PMS Only,"Present in PMS Base Dump, not found in SU"
pay_Tf5X6CT0Dk80ze,1294142,PMS Guest,Others,Not in SU,confirmed,,4675,Kailaasa,Tanvi,https://www.stayvista.com/villa/kailaasa,2026-09-26,,PMS Only,"Present in PMS Base Dump, not found in SU"
pay_Tf73FKGZKXNyQd,1294165,PMS Guest,Others,Not in SU,cancelled,,5774,Property #5774,Unassigned,not available,2026-09-26,,PMS Only,"Present in PMS Base Dump, not found in SU"
30849983153,1294184,PMS Guest,Others,Not in SU,tentative,,1668,V Square,Unassigned,https://www.stayvista.com/villa/v-square-4-bhk-villa-in-lonavala-with-private-pool-and-spacious-rooms,2026-09-26,,PMS Only,"Present in PMS Base Dump, not found in SU"
pay_Tf7bY94MRLsROm,1294186,PMS Guest,Others,Not in SU,confirmed,,4531,The Five Oaks,Unassigned,https://www.stayvista.com/villa/the-five-oaks,2026-09-26,,PMS Only,"Present in PMS Base Dump, not found in SU"
pay_Tf9wRz4kqnluSW,1294222,PMS Guest,Others,Not in SU,confirmed,,1782,Casa Del Mar - Nandgaon,Unassigned,https://www.stayvista.com/villa/casa-del-mar-nandgaon-3-bhk-villa-in-alibaug-with-spacious-rooms,2026-09-26,,PMS Only,"Present in PMS Base Dump, not found in SU"
pay_TfLN9JesMqNGvp,1294278,PMS Guest,Others,Not in SU,tentative,,5255,Aradhya Villa,Unassigned,https://www.stayvista.com/villa/aradhya-villa,2026-09-26,,PMS Only,"Present in PMS Base Dump, not found in SU"
pay_TfMlCuHuVtp2FS,1294293,PMS Guest,Others,Not in SU,confirmed,,190,Property #190,Unassigned,not available,2026-09-26,,PMS Only,"Present in PMS Base Dump, not found in SU"
pay_TfMo1mPZZdNzla,1294294,PMS Guest,Others,Not in SU,confirmed,,463,Property #463,Unassigned,not available,2026-09-26,,PMS Only,"Present in PMS Base Dump, not found in SU"
pay_Tf73FKGZKXNyQd,1294297,PMS Guest,Others,Not in SU,confirmed,,5774,Property #5774,Unassigned,not available,2026-09-26,,PMS Only,"Present in PMS Base Dump, not found in SU"
temp_6ab373a3a2f4c,1294310,PMS Guest,Others,Not in SU,confirmed,,5403,Property #5403,Unassigned,not available,2026-09-26,,PMS Only,"Present in PMS Base Dump, not found in SU"
pay_TfPOLpN4wV6tvQ,1294343,PMS Guest,Others,Not in SU,confirmed,,2359,La Mer - Igatpuri,Unassigned,https://www.stayvista.com/villa/lamer-villa,2026-09-26,,PMS Only,"Present in PMS Base Dump, not found in SU"
pay_TfRWGTGrFPTGIL,1294400,PMS Guest,Others,Not in SU,confirmed,,695,Maximus Villa,Unassigned,https://www.stayvista.com/villa/maximus-villa-6-bhk-villa-in-lonavala-with-private-pool-and-spacious-rooms,2026-09-26,,PMS Only,"Present in PMS Base Dump, not found in SU"
pay_TC6YSfp5QevBJN,1274783,PMS Guest,Others,Not in SU,confirmed,,4205,Property #4205,Unassigned,not available,2026-09-27,,PMS Only,"Present in PMS Base Dump, not found in SU"
nan,1283197,PMS Guest,Others,Not in SU,cancelled,,4099,Chitrakoot,Unassigned,https://www.stayvista.com/villa/chitrakoot-5-bhk-villa-in-lonavala-with-private-pool-and-spacious-rooms,2026-09-27,,PMS Only,"Present in PMS Base Dump, not found in SU"
nan,1283626,PMS Guest,Others,Not in SU,cancelled,,1789,Villa Aangan,Jakee,https://www.stayvista.com/villa/villa-aangan-5-bhk-villa-with-private-pool,2026-09-27,,PMS Only,"Present in PMS Base Dump, not found in SU"
pay_TQ1xUXUoiMWUFz,1284707,PMS Guest,Others,Not in SU,cancelled,,4071,Twilight Perch,Unassigned,https://www.stayvista.com/villa/twilight-perch,2026-09-27,,PMS Only,"Present in PMS Base Dump, not found in SU"
nan,1285426,PMS Guest,Others,Not in SU,cancelled,,462,Casa Del Verde,Lakshmi,https://www.stayvista.com/villa/casa-del-verde-4-bhk-villa-in-nashik-with-private-pool-and-spacious-rooms,2026-09-27,,PMS Only,"Present in PMS Base Dump, not found in SU"
CAN1275676,1285588,PMS Guest,Others,Not in SU,confirmed,,1320,Udaikot,Heena,https://www.stayvista.com/villa/udaikot,2026-09-27,,PMS Only,"Present in PMS Base Dump, not found in SU"
pay_TaYNyj8Wxcxbfn,1286101,PMS Guest,Others,Not in SU,confirmed,,3205,Golden Lark,Unassigned,https://www.stayvista.com/villa/golden-lark,2026-09-27,,PMS Only,"Present in PMS Base Dump, not found in SU"
2044020097,1286921,PMS Guest,Agoda,Not in SU,cancelled,,5756,Property #5756,Unassigned,not available,2026-09-27,,PMS Only,"Present in PMS Base Dump, not found in SU"
2045108175,1287895,PMS Guest,Agoda,Not in SU,confirmed,,5756,Property #5756,Unassigned,not available,2026-09-27,,PMS Only,"Present in PMS Base Dump, not found in SU"
pay_TV9VRWqPWeaYcA,1287994,PMS Guest,Others,Not in SU,confirmed,,5684,Property #5684,Unassigned,not available,2026-09-27,,PMS Only,"Present in PMS Base Dump, not found in SU"
nan,1288913,PMS Guest,Others,Not in SU,confirmed,,142,Retreat on Cloud 9 Homestay,Tejal,https://www.stayvista.com/villa/retreat-on-cloud-9-homestay-2-bhk-villa-in-lonavala-with-spacious-rooms,2026-09-27,,PMS Only,"Present in PMS Base Dump, not found in SU"
nan,1289237,PMS Guest,Others,Not in SU,confirmed,,1745,Emerald Acres,Unassigned,https://www.stayvista.com/villa/emerald-acres-7-bhk-villa-in-lonavala-with-private-pool-and-spacious-rooms,2026-09-27,,PMS Only,"Present in PMS Base Dump, not found in SU"
nan,1289772,PMS Guest,Others,Not in SU,confirmed,,5177,Mai Ludvina,Shital,https://www.stayvista.com/villa/mai-ludvina,2026-09-27,,PMS Only,"Present in PMS Base Dump, not found in SU"
pay_TYHbAWhNU38SVZ,1289912,PMS Guest,Others,Not in SU,confirmed,,5194,Maison Privée,Unassigned,https://www.stayvista.com/villa/maison-privee,2026-09-27,,PMS Only,"Present in PMS Base Dump, not found in SU"
2047955714,1290247,PMS Guest,Agoda,Not in SU,confirmed,,4973,The Elmstone - Skyline Apartments,Unassigned,not available,2026-09-27,,PMS Only,"Present in PMS Base Dump, not found in SU"
pay_TZafCgKrqcQxXq,1290745,PMS Guest,Others,Not in SU,confirmed,,3514,Spice Notes - Bison Valley,Unassigned,https://www.stayvista.com/villa/spice-notes,2026-09-27,,PMS Only,"Present in PMS Base Dump, not found in SU"
pay_TZsIkpnnG0bDmc,1290846,PMS Guest,Others,Not in SU,confirmed,,1904,Firefly by the River,Unassigned,https://www.stayvista.com/villa/firefly-by-the-river-5-bhk-villa-in-coorg-with-spacious-rooms,2026-09-27,,PMS Only,"Present in PMS Base Dump, not found in SU"
pay_TaIBdr6zn7l6TW,1291078,PMS Guest,Others,Not in SU,confirmed,,3526,Cerenity Castle,Shital,https://www.stayvista.com/villa/cerenity-castle-4-bhk-villa-in-nashik-with-spacious-rooms,2026-09-27,,PMS Only,"Present in PMS Base Dump, not found in SU"
pay_TaMz8Tde3fnirU,1291162,PMS Guest,Others,Not in SU,confirmed,,1875,The Blue Horizon,Unassigned,https://www.stayvista.com/villa/the-blue-horizon,2026-09-27,,PMS Only,"Present in PMS Base Dump, not found in SU"
pay_TafXbM9iohP2nC,1291359,PMS Guest,Others,Not in SU,confirmed,,2195,Springfield,Jakee,https://www.stayvista.com/villa/springfield,2026-09-27,,PMS Only,"Present in PMS Base Dump, not found in SU"
pay_TafqrJbGYF1jmP,1291367,PMS Guest,Others,Not in SU,confirmed,,5288,Property #5288,Unassigned,not available,2026-09-27,,PMS Only,"Present in PMS Base Dump, not found in SU"
pay_Tb3DS2QLHWFGBi,1291661,PMS Guest,Others,Not in SU,confirmed,,5445,The Heliconia Bungalows,Tanvi,https://www.stayvista.com/villa/the-heliconia-bungalows,2026-09-27,,PMS Only,"Present in PMS Base Dump, not found in SU"
nan,1291852,PMS Guest,Others,Not in SU,confirmed,,2835,Casa Ember,Unassigned,https://www.stayvista.com/villa/casa-ember-5-bhk-villa-in-lonavala-with-private-pool-and-spacious-rooms,2026-09-27,,PMS Only,"Present in PMS Base Dump, not found in SU"
pay_TbxlgxwKR1vTW5,1292144,PMS Guest,Others,Not in SU,confirmed,,3018,The Goldilocks,Unassigned,https://www.stayvista.com/villa/the-goldilocks,2026-09-27,,PMS Only,"Present in PMS Base Dump, not found in SU"
pay_TcIxUVmUKPl0mm,1292288,PMS Guest,Others,Not in SU,cancelled,,4393,tatvam,Unassigned,https://www.stayvista.com/villa/tatvam,2026-09-27,,PMS Only,"Present in PMS Base Dump, not found in SU"
pay_TcO7hmLHJLkS0n,1292336,PMS Guest,Others,Not in SU,confirmed,,3667,Willow Cove,Unassigned,https://www.stayvista.com/villa/willow-cove,2026-09-27,,PMS Only,"Present in PMS Base Dump, not found in SU"
pay_TcaePHDOvpGucK,1292385,PMS Guest,Others,Not in SU,confirmed,,5671,Property #5671,Unassigned,not available,2026-09-27,,PMS Only,"Present in PMS Base Dump, not found in SU"
30750646147,1292861,PMS Guest,Others,Not in SU,confirmed,,4471,Vanya Veda,Shital,https://www.stayvista.com/villa/vanya-veda,2026-09-27,,PMS Only,"Present in PMS Base Dump, not found in SU"
pay_TdVajmHZeWSB6v,1292940,PMS Guest,Others,Not in SU,confirmed,,5634,Property #5634,Unassigned,not available,2026-09-27,,PMS Only,"Present in PMS Base Dump, not found in SU"
pay_TdWEXCviM7c0lG,1293156,PMS Guest,Others,Not in SU,confirmed,,4393,tatvam,Unassigned,https://www.stayvista.com/villa/tatvam,2026-09-27,,PMS Only,"Present in PMS Base Dump, not found in SU"
pay_TdXAttHtidAcBG,1293178,PMS Guest,Others,Not in SU,confirmed,,4393,tatvam,Unassigned,https://www.stayvista.com/villa/tatvam,2026-09-27,,PMS Only,"Present in PMS Base Dump, not found in SU"
30802412123,1293462,PMS Guest,Others,Not in SU,confirmed,,4729,Villa Mirador,Kajal,https://www.stayvista.com/villa/villa-mirador,2026-09-27,,PMS Only,"Present in PMS Base Dump, not found in SU"
nan,1293576,PMS Guest,Others,Not in SU,confirmed,,5262,Sapphire Shores Beachfront Villa,Unassigned,https://www.stayvista.com/villa/sapphire-shores-beachfront-villa,2026-09-27,,PMS Only,"Present in PMS Base Dump, not found in SU"
pay_TeP4KIed6yi7nu,1293705,PMS Guest,Others,Not in SU,confirmed,,5229,The Sattva Grove,Kajal,https://www.stayvista.com/villa/the-sattva-grove,2026-09-27,,PMS Only,"Present in PMS Base Dump, not found in SU"
nan,1293767,PMS Guest,Others,Not in SU,confirmed,,5195,La Beaumont,Sharon,https://www.stayvista.com/villa/la-beaumont,2026-09-27,,PMS Only,"Present in PMS Base Dump, not found in SU"
pay_Tecu6Psdtdvhw3,1293797,PMS Guest,Others,Not in SU,confirmed,,3447,The Sweet Life,Keshav,https://www.stayvista.com/villa/the-sweet-life,2026-09-27,,PMS Only,"Present in PMS Base Dump, not found in SU"
30834195493,1293867,PMS Guest,Others,Not in SU,confirmed,,2893,Ludlow House w/ Bonfire,Unassigned,https://www.stayvista.com/villa/ludlow-house,2026-09-27,,PMS Only,"Present in PMS Base Dump, not found in SU"
pay_TejYFZ69bdiSGI,1293917,PMS Guest,Others,Not in SU,confirmed,,4900,Emaarat Chalet,Kajal,https://www.stayvista.com/villa/emaarat-chalet,2026-09-27,,PMS Only,"Present in PMS Base Dump, not found in SU"
nan,1294313,PMS Guest,Others,Not in SU,cancelled,,4901,The Birdwood Estate,Unassigned,https://www.stayvista.com/villa/the-birdwood-estate,2026-09-27,,PMS Only,"Present in PMS Base Dump, not found in SU"
pay_TfROs0c0Yn6m3v,1294397,PMS Guest,Others,Not in SU,tentative,,5121,Property #5121,Unassigned,not available,2026-09-27,,PMS Only,"Present in PMS Base Dump, not found in SU"
pay_TfRlvL0HcJX8IA,1294402,PMS Guest,Airbnb,Not in SU,confirmed,,4064,Ilika,Unassigned,https://www.airbnb.com/rooms/1331015598975276708,2026-09-27,,PMS Only,"Present in PMS Base Dump, not found in SU"
29678311595,1277462,PMS Guest,Others,Not in SU,confirmed,,4908,Villa Lemonade,Jakee,https://www.stayvista.com/villa/villa-lemonade,2026-09-28,,PMS Only,"Present in PMS Base Dump, not found in SU"
pay_THfIC8rHj8oego,1278479,PMS Guest,Others,Not in SU,confirmed,,4853,Ellis Ville,Unassigned,https://www.stayvista.com/villa/ellis-ville,2026-09-28,,PMS Only,"Present in PMS Base Dump, not found in SU"
pay_TLlYXctmrWH7d5,1281461,PMS Guest,Others,Not in SU,cancelled,,5655,Property #5655,Unassigned,not available,2026-09-28,,PMS Only,"Present in PMS Base Dump, not found in SU"
30259360798,1286526,PMS Guest,Others,Not in SU,confirmed,,2790,Mystic Nest,Unassigned,https://www.stayvista.com/villa/mystic-nest,2026-09-28,,PMS Only,"Present in PMS Base Dump, not found in SU"
nan,1286560,PMS Guest,Others,Not in SU,confirmed,,5008,StayVista Residences at Baner - Balewadi,Unassigned,https://www.stayvista.com/villa/stayvista-residences-at-baner-balewadi,2026-09-28,,PMS Only,"Present in PMS Base Dump, not found in SU"
30295385462,1287041,PMS Guest,Others,Not in SU,confirmed,,3390,The Ganga House,Giftson,https://www.stayvista.com/villa/the-ganga-house,2026-09-28,,PMS Only,"Present in PMS Base Dump, not found in SU"
nan,1288554,PMS Guest,Others,Not in SU,confirmed,,5602,Property #5602,Unassigned,not available,2026-09-28,,PMS Only,"Present in PMS Base Dump, not found in SU"
nan,1288959,PMS Guest,Others,Not in SU,confirmed,,5445,The Heliconia Bungalows,Tanvi,https://www.stayvista.com/villa/the-heliconia-bungalows,2026-09-28,,PMS Only,"Present in PMS Base Dump, not found in SU"
pay_TXxIwAWP4eS77G,1289711,PMS Guest,Others,Not in SU,confirmed,,3883,Property #3883,Unassigned,not available,2026-09-28,,PMS Only,"Present in PMS Base Dump, not found in SU"
nan,1290294,PMS Guest,Others,Not in SU,confirmed,,2971,Cascading Valleys,Giftson,https://www.stayvista.com/villa/cascading-valleys-4-bhk-villa-in-nashik-with-private-pool-and-spacious-rooms,2026-09-28,,PMS Only,"Present in PMS Base Dump, not found in SU"
nan,1291322,PMS Guest,Others,Not in SU,confirmed,,5602,Property #5602,Unassigned,not available,2026-09-28,,PMS Only,"Present in PMS Base Dump, not found in SU"
pay_Tb19GkNCoUhKyp,1291618,PMS Guest,Others,Not in SU,confirmed,,5866,Property #5866,Unassigned,not available,2026-09-28,,PMS Only,"Present in PMS Base Dump, not found in SU"
30671275180,1291906,PMS Guest,Others,Not in SU,tentative,,5084,Pura Vida - Anjuna,Unassigned,https://www.stayvista.com/villa/pura-vida,2026-09-28,,PMS Only,"Present in PMS Base Dump, not found in SU"
30706026172,1292228,PMS Guest,Others,Not in SU,confirmed,,4539,Thelma Cottage,Unassigned,https://www.stayvista.com/villa/thelma-cottage,2026-09-28,,PMS Only,"Present in PMS Base Dump, not found in SU"
pay_TcIotbUi70gTnm,1292284,PMS Guest,Others,Not in SU,confirmed,,5492,Quinta Maris in Vagator - 3BR,Unassigned,https://www.stayvista.com/villa/quinta-maris-in-vagator,2026-09-28,,PMS Only,"Present in PMS Base Dump, not found in SU"
nan,1292320,PMS Guest,Others,Not in SU,confirmed,,4826,Property #4826,Unassigned,not available,2026-09-28,,PMS Only,"Present in PMS Base Dump, not found in SU"
nan,1292535,PMS Guest,Others,Not in SU,confirmed,,5174,Acasa,Unassigned,https://www.stayvista.com/villa/acasa,2026-09-28,,PMS Only,"Present in PMS Base Dump, not found in SU"
nan,1292664,PMS Guest,Others,Not in SU,confirmed,,4873,The Nest - Salvador Do Mundo,Unassigned,https://www.stayvista.com/villa/the-nest-salvador-do-mundo,2026-09-28,,PMS Only,"Present in PMS Base Dump, not found in SU"
pay_TdVpw23tWe0en0,1293149,PMS Guest,Others,Not in SU,confirmed,,4393,tatvam,Unassigned,https://www.stayvista.com/villa/tatvam,2026-09-28,,PMS Only,"Present in PMS Base Dump, not found in SU"
pay_Tdpejyhd8W0Io5,1293349,PMS Guest,Others,Not in SU,confirmed,,4071,Twilight Perch,Unassigned,https://www.stayvista.com/villa/twilight-perch,2026-09-28,,PMS Only,"Present in PMS Base Dump, not found in SU"
pay_TeA2UmnP9G8spJ,1293518,PMS Guest,Others,Not in SU,confirmed,,1470,Property #1470,Unassigned,not available,2026-09-28,,PMS Only,"Present in PMS Base Dump, not found in SU"
pay_TeGtYPAmc1FSxP,1293623,PMS Guest,Others,Not in SU,confirmed,,5262,Sapphire Shores Beachfront Villa,Unassigned,https://www.stayvista.com/villa/sapphire-shores-beachfront-villa,2026-09-28,,PMS Only,"Present in PMS Base Dump, not found in SU"
nan,1293756,PMS Guest,Others,Not in SU,confirmed,,5602,Property #5602,Unassigned,not available,2026-09-28,,PMS Only,"Present in PMS Base Dump, not found in SU"
nan,1293784,PMS Guest,Others,Not in SU,cancelled,,5405,Property #5405,Unassigned,not available,2026-09-28,,PMS Only,"Present in PMS Base Dump, not found in SU"
nan,1293823,PMS Guest,Others,Not in SU,cancelled,,5404,Property #5404,Unassigned,not available,2026-09-28,,PMS Only,"Present in PMS Base Dump, not found in SU"
nan,1293828,PMS Guest,Others,Not in SU,confirmed,,3928,Property #3928,Unassigned,not available,2026-09-28,,PMS Only,"Present in PMS Base Dump, not found in SU"
30832643772,1293850,PMS Guest,Others,Not in SU,confirmed,,3914,Croft @ The Glen - 7BR,Unassigned,https://www.stayvista.com/villa/croft-at-the-glen-7-bhk-villa-in-lonavala-with-private-pool-and-spacious-rooms,2026-09-28,,PMS Only,"Present in PMS Base Dump, not found in SU"
pay_Tezwmc82crCnX4,1294024,PMS Guest,Others,Not in SU,tentative,,3010,Dawn Ecstasy,Unassigned,https://www.stayvista.com/villa/dawn-ecstasy,2026-09-28,,PMS Only,"Present in PMS Base Dump, not found in SU"
nan,1294129,PMS Guest,Others,Not in SU,tentative,,4339,Property #4339,Unassigned,not available,2026-09-28,,PMS Only,"Present in PMS Base Dump, not found in SU"
pay_Tf6XGDzCtS6c7B,1294170,PMS Guest,Others,Not in SU,confirmed,,2752,Property #2752,Unassigned,not available,2026-09-28,,PMS Only,"Present in PMS Base Dump, not found in SU"
98971256543,1268832,PMS Guest,Others,Not in SU,cancelled,,4759,Property #4759,Unassigned,not available,2026-09-29,,PMS Only,"Present in PMS Base Dump, not found in SU"
NH76080502292900,1276349,PMS Guest,Gommt,Not in SU,confirmed,,4279,Property #4279,Unassigned,not available,2026-09-29,,PMS Only,"Present in PMS Base Dump, not found in SU"
2738,1277106,PMS Guest,Others,Not in SU,confirmed,,4154,Pranah,Unassigned,https://www.stayvista.com/villa/pranah,2026-09-29,,PMS Only,"Present in PMS Base Dump, not found in SU"
pay_TS1NA4WtIe4oT1,1285986,PMS Guest,Others,Not in SU,confirmed,,3461,Corbett Calling,Unassigned,https://www.stayvista.com/villa/corbett-calling,2026-09-29,,PMS Only,"Present in PMS Base Dump, not found in SU"
pay_TTBo8YmUBlR2mx,1286794,PMS Guest,Others,Not in SU,confirmed,,5666,Property #5666,Unassigned,not available,2026-09-29,,PMS Only,"Present in PMS Base Dump, not found in SU"
pay_TTF1xOv15WRWxP,1286847,PMS Guest,Others,Not in SU,confirmed,,4996,The Arks Villa w/ Private Infinity Pool,Unassigned,https://www.stayvista.com/villa/the-arks-villa,2026-09-29,,PMS Only,"Present in PMS Base Dump, not found in SU"
pay_TWEVg9GLCmNsyt,1288555,PMS Guest,Others,Not in SU,confirmed,,4759,Property #4759,Unassigned,not available,2026-09-29,,PMS Only,"Present in PMS Base Dump, not found in SU"
pay_TWIW4dbTBAL2T1,1288593,PMS Guest,Others,Not in SU,confirmed,,5081,Property #5081,Unassigned,not available,2026-09-29,,PMS Only,"Present in PMS Base Dump, not found in SU"
pay_TWIy9NS1XkAQSH,1288604,PMS Guest,Others,Not in SU,confirmed,,5183,White Nook,Unassigned,https://www.stayvista.com/villa/white-nook,2026-09-29,,PMS Only,"Present in PMS Base Dump, not found in SU"
nan,1290593,PMS Guest,Others,Not in SU,cancelled,,4759,Property #4759,Unassigned,not available,2026-09-29,,PMS Only,"Present in PMS Base Dump, not found in SU"
nan,1291379,PMS Guest,Others,Not in SU,confirmed,,5876,Property #5876,Unassigned,not available,2026-09-29,,PMS Only,"Present in PMS Base Dump, not found in SU"
30632221667,1291715,PMS Guest,Others,Not in SU,confirmed,,5151,Leopard's Haus,Unassigned,https://www.stayvista.com/villa/leopards-haus,2026-09-29,,PMS Only,"Present in PMS Base Dump, not found in SU"
pay_Tb7L9BToAH5j9p,1291749,PMS Guest,Others,Not in SU,confirmed,,3263,Vale Echoes,Unassigned,https://www.stayvista.com/villa/vale-echoes,2026-09-29,,PMS Only,"Present in PMS Base Dump, not found in SU"
nan,1291974,PMS Guest,Others,Not in SU,cancelled,,5142,The Kasa w/ Infinity Pool & Home Theatre,Unassigned,https://www.stayvista.com/villa/the-kasa,2026-09-29,,PMS Only,"Present in PMS Base Dump, not found in SU"
SVBI/156388,1292090,PMS Guest,Others,Not in SU,confirmed,,5142,The Kasa w/ Infinity Pool & Home Theatre,Unassigned,https://www.stayvista.com/villa/the-kasa,2026-09-29,,PMS Only,"Present in PMS Base Dump, not found in SU"
nan,1292219,PMS Guest,Others,Not in SU,confirmed,,4806,The Floramer,Unassigned,https://www.stayvista.com/villa/the-floramer,2026-09-29,,PMS Only,"Present in PMS Base Dump, not found in SU"
pay_TcHnG5gl8vnKG5,1292267,PMS Guest,Others,Not in SU,confirmed,,3505,Lotus Lumiere,Unassigned,https://www.stayvista.com/villa/lotus-lumiere-indoor-jacuzzi-3-bhk-villa-in-coorg-with-spacious-rooms,2026-09-29,,PMS Only,"Present in PMS Base Dump, not found in SU"
CAN1272666,1292765,PMS Guest,Others,Not in SU,confirmed,,5207,Villa Solasta - 5BR,Unassigned,https://www.stayvista.com/villa/villa-solasta,2026-09-29,,PMS Only,"Present in PMS Base Dump, not found in SU"
6984,1292778,PMS Guest,Others,Not in SU,confirmed,,3179,Savara,Ajay,https://www.stayvista.com/villa/savara,2026-09-29,,PMS Only,"Present in PMS Base Dump, not found in SU"
30776822091,1292975,PMS Guest,Others,Not in SU,cancelled,,4522,Anant - 3BR,Unassigned,https://www.stayvista.com/villa/anant-at-tehri-peaks,2026-09-29,,PMS Only,"Present in PMS Base Dump, not found in SU"
pay_TdwiJWB3TLza4C,1293455,PMS Guest,Others,Not in SU,confirmed,,5487,Weather Vane- Sea Facing Villa in Varkala,Unassigned,https://www.stayvista.com/villa/weather-vane-villa,2026-09-29,,PMS Only,"Present in PMS Base Dump, not found in SU"
pay_TeknVgVXaPoRRN,1293925,PMS Guest,Others,Not in SU,tentative,,3521,The Bluewaters Apartment,Unassigned,https://www.stayvista.com/villa/the-bluewaters-apartment-vasco-da-gama-3-bhk-villa-in-goa-with-private-pool-and-spacious-rooms,2026-09-29,,PMS Only,"Present in PMS Base Dump, not found in SU"
nan,1293944,PMS Guest,Others,Not in SU,confirmed,,228,Property #228,Unassigned,not available,2026-09-29,,PMS Only,"Present in PMS Base Dump, not found in SU"
pay_Ten03ze9zZkhPP,1293953,PMS Guest,Others,Not in SU,tentative,,5445,The Heliconia Bungalows,Tanvi,https://www.stayvista.com/villa/the-heliconia-bungalows,2026-09-29,,PMS Only,"Present in PMS Base Dump, not found in SU"
pay_Tf1lxHjVqi7s5l,1294053,PMS Guest,Others,Not in SU,confirmed,,5637,Property #5637,Unassigned,not available,2026-09-29,,PMS Only,"Present in PMS Base Dump, not found in SU"
pay_TfPYWvvQjC9TgC,1294348,PMS Guest,Others,Not in SU,tentative,,5229,The Sattva Grove,Kajal,https://www.stayvista.com/villa/the-sattva-grove,2026-09-29,,PMS Only,"Present in PMS Base Dump, not found in SU"
pay_TD2FuabeUhUMDl,1275333,PMS Guest,Others,Not in SU,confirmed,,3945,Chestnut Manor,Unassigned,https://www.stayvista.com/villa/chestnut-manor,2026-09-30,,PMS Only,"Present in PMS Base Dump, not found in SU"
pay_TDkHIsbQBJqqYZ,1275729,PMS Guest,Others,Not in SU,confirmed,,1616,Property #1616,Unassigned,not available,2026-09-30,,PMS Only,"Present in PMS Base Dump, not found in SU"
pay_TNzj1eUq6ukcdv,1283058,PMS Guest,Others,Not in SU,cancelled,,1053,Spirits Unplugged - 4BR,Unassigned,https://www.stayvista.com/villa/spirits-unplugged-karyali,2026-09-30,,PMS Only,"Present in PMS Base Dump, not found in SU"
376,1288202,PMS Guest,Others,Not in SU,confirmed,,3970,Whispering Arc,Unassigned,https://www.stayvista.com/villa/whispering-arc,2026-09-30,,PMS Only,"Present in PMS Base Dump, not found in SU"
pay_TXTRytMytycwLq,1289338,PMS Guest,Others,Not in SU,cancelled,,175,kainaat villa,Tejal,https://www.stayvista.com/villa/vista-dazzle-6-bhk-villa-with-private-pool,2026-09-30,,PMS Only,"Present in PMS Base Dump, not found in SU"
pay_TdR3IR7JzcSQBa,1289452,PMS Guest,Others,Not in SU,confirmed,,4519,The Pali,Unassigned,https://www.stayvista.com/villa/the-pali,2026-09-30,,PMS Only,"Present in PMS Base Dump, not found in SU"
pay_TYJwohZXpFRA4W,1289962,PMS Guest,Others,Not in SU,confirmed,,5327,Elysian Forest Villa - 6BR,Unassigned,https://www.stayvista.com/villa/elysian-forest-villa,2026-09-30,,PMS Only,"Present in PMS Base Dump, not found in SU"
30527702892,1290067,PMS Guest,Others,Not in SU,confirmed,,1544,Villa mountain crest,Jakee,https://www.stayvista.com/villa/villa-mountain-crest,2026-09-30,,PMS Only,"Present in PMS Base Dump, not found in SU"
pay_TZ5Ozxg2pjTY0v,1290362,PMS Guest,Others,Not in SU,confirmed,,5177,Mai Ludvina,Shital,https://www.stayvista.com/villa/mai-ludvina,2026-09-30,,PMS Only,"Present in PMS Base Dump, not found in SU"
30561466663,1290432,PMS Guest,Others,Not in SU,confirmed,,5188,Casa Solis,Unassigned,https://www.stayvista.com/villa/casa-solis,2026-09-30,,PMS Only,"Present in PMS Base Dump, not found in SU"
30561466663,1290435,PMS Guest,Others,Not in SU,confirmed,,5027,Casa Lumina - Owner Listing,Unassigned,https://www.stayvista.com/villa/casa-lumina,2026-09-30,,PMS Only,"Present in PMS Base Dump, not found in SU"
pay_TZER1n9gs6H106,1290503,PMS Guest,Others,Not in SU,confirmed,,4841,Casa Roma,Sharon,https://www.stayvista.com/villa/casa-roma,2026-09-30,,PMS Only,"Present in PMS Base Dump, not found in SU"
pay_TZX992Zdk7vFso,1290683,PMS Guest,Others,Not in SU,confirmed,,4341,Vista Residences at GK-1,Unassigned,https://www.stayvista.com/villa/stayvista-residences-at-gk-1,2026-09-30,,PMS Only,"Present in PMS Base Dump, not found in SU"
30631923491,1291337,PMS Guest,Others,Not in SU,confirmed,,2195,Springfield,Jakee,https://www.stayvista.com/villa/springfield,2026-09-30,,PMS Only,"Present in PMS Base Dump, not found in SU"
nan,1291506,PMS Guest,Others,Not in SU,confirmed,,5602,Property #5602,Unassigned,not available,2026-09-30,,PMS Only,"Present in PMS Base Dump, not found in SU"
nan,1292008,PMS Guest,Others,Not in SU,cancelled,,5008,StayVista Residences at Baner - Balewadi,Unassigned,https://www.stayvista.com/villa/stayvista-residences-at-baner-balewadi,2026-09-30,,PMS Only,"Present in PMS Base Dump, not found in SU"
nan,1292009,PMS Guest,Others,Not in SU,confirmed,,5602,Property #5602,Unassigned,not available,2026-09-30,,PMS Only,"Present in PMS Base Dump, not found in SU"
pay_TbyduHCHuIXncV,1292152,PMS Guest,Others,Not in SU,confirmed,,5159,Property #5159,Unassigned,not available,2026-09-30,,PMS Only,"Present in PMS Base Dump, not found in SU"
pay_TcZxSEIrWKazMj,1292378,PMS Guest,Others,Not in SU,confirmed,,3761,La Nirvana,Unassigned,https://www.stayvista.com/villa/la-nirvana-6-bhk-villa-in-lonavala-with-private-pool-and-spacious-rooms,2026-09-30,,PMS Only,"Present in PMS Base Dump, not found in SU"
30734950340,1292529,PMS Guest,Others,Not in SU,confirmed,,2045,Vine & Splash,Unassigned,https://www.stayvista.com/villa/vine-and-splash-9-bhk-villa-with-private-pool,2026-09-30,,PMS Only,"Present in PMS Base Dump, not found in SU"
pay_Td5O4LgGSsiHla,1292734,PMS Guest,Others,Not in SU,confirmed,,4580,Amalfi,Unassigned,https://www.stayvista.com/villa/amalfi,2026-09-30,,PMS Only,"Present in PMS Base Dump, not found in SU"
pay_TdTWxlUbVk15GO,1293006,PMS Guest,Others,Not in SU,confirmed,,5412,Woods & Bricks Cottage,Unassigned,https://www.stayvista.com/villa/woods-bricks-cottage,2026-09-30,,PMS Only,"Present in PMS Base Dump, not found in SU"
CMS2622634355149,1293109,PMS Guest,Others,Not in SU,confirmed,,5121,Property #5121,Unassigned,not available,2026-09-30,,PMS Only,"Present in PMS Base Dump, not found in SU"
30788568199,1293271,PMS Guest,Others,Not in SU,confirmed,,3942,Property #3942,Unassigned,not available,2026-09-30,,PMS Only,"Present in PMS Base Dump, not found in SU"
pay_Te48lPUHUGVPwd,1293502,PMS Guest,Others,Not in SU,cancelled,,5756,Property #5756,Unassigned,not available,2026-09-30,,PMS Only,"Present in PMS Base Dump, not found in SU"
pay_Te48lPUHUGVPwd,1293596,PMS Guest,Others,Not in SU,confirmed,,5755,Property #5755,Unassigned,not available,2026-09-30,,PMS Only,"Present in PMS Base Dump, not found in SU"
pay_TeOc6UIGguS7ss,1293702,PMS Guest,Others,Not in SU,confirmed,,4226,Casa PuMa,Unassigned,https://www.stayvista.com/villa/casa-puma-camurlim,2026-09-30,,PMS Only,"Present in PMS Base Dump, not found in SU"
GIFT698D51A1,1293731,PMS Guest,Others,Not in SU,confirmed,,3135,Mudra Manor - 4BR,Unassigned,https://www.stayvista.com/villa/mudra-manor-4-bhk-villa-in-coorg-with-private-pool-and-spacious-rooms,2026-09-30,,PMS Only,"Present in PMS Base Dump, not found in SU"
nan,1294296,PMS Guest,Others,Not in SU,confirmed,,4339,Property #4339,Unassigned,not available,2026-09-30,,PMS Only,"Present in PMS Base Dump, not found in SU"
30865543283,1294326,PMS Guest,Others,Not in SU,confirmed,,4675,Kailaasa,Tanvi,https://www.stayvista.com/villa/kailaasa,2026-09-30,,PMS Only,"Present in PMS Base Dump, not found in SU"
pay_TfPUgjtyIy8hbw,1294347,PMS Guest,Others,Not in SU,confirmed,,4418,Casa Ti Amo,Unassigned,https://www.stayvista.com/villa/casa-ti-amo,2026-09-30,,PMS Only,"Present in PMS Base Dump, not found in SU"
pay_TfPz8B2ZAWm37i,1294355,PMS Guest,Others,Not in SU,confirmed,,3423,Swiss Chalet - Tangmarg,Unassigned,https://www.stayvista.com/villa/swiss-chalet,2026-09-30,,PMS Only,"Present in PMS Base Dump, not found in SU"
nan,1294391,PMS Guest,Others,Not in SU,tentative,,5584,Fernwood,Unassigned,https://www.stayvista.com/villa/fernwood,2026-09-30,,PMS Only,"Present in PMS Base Dump, not found in SU"
TBjaMer849tlP9,1274503,PMS Guest,Others,Not in SU,confirmed,,4416,Aarna Estate,Unassigned,https://www.stayvista.com/villa/aarna-estate,2026-10-01,,PMS Only,"Present in PMS Base Dump, not found in SU"
29844746097,1280130,PMS Guest,Others,Not in SU,confirmed,,4971,Property #4971,Unassigned,not available,2026-10-01,,PMS Only,"Present in PMS Base Dump, not found in SU"
nan,1280673,PMS Guest,Others,Not in SU,confirmed,,4221,The Grand Ten,Tanvi,https://www.stayvista.com/villa/the-grand-ten,2026-10-01,,PMS Only,"Present in PMS Base Dump, not found in SU"
CMS2162622164862,1281534,PMS Guest,Others,Not in SU,confirmed,,4027,Grove @ Elysium Estate,Unassigned,https://www.stayvista.com/villa/grove-at-elysium-estate,2026-10-01,,PMS Only,"Present in PMS Base Dump, not found in SU"
CMS2162622164862,1281536,PMS Guest,Others,Not in SU,confirmed,,4056,Cheerio @ Elysium Estate,Unassigned,https://www.stayvista.com/villa/cheerio-at-elysium-estate,2026-10-01,,PMS Only,"Present in PMS Base Dump, not found in SU"
CMS2162622164862,1281537,PMS Guest,Others,Not in SU,confirmed,,4028,Pine @ Elysium Estate,Unassigned,https://www.stayvista.com/villa/pine-at-elysium-estate,2026-10-01,,PMS Only,"Present in PMS Base Dump, not found in SU"
CMS2162622164862,1281538,PMS Guest,Others,Not in SU,confirmed,,4055,Aspen @ Elysium Estate,Unassigned,https://www.stayvista.com/villa/aspen-at-elysium-estate,2026-10-01,,PMS Only,"Present in PMS Base Dump, not found in SU"
CMS2162622164862,1281539,PMS Guest,Others,Not in SU,confirmed,,4029,Orchards @ Elysium Estate,Tanvi,https://www.stayvista.com/villa/orchards-at-elysium-estate,2026-10-01,,PMS Only,"Present in PMS Base Dump, not found in SU"
CMS2162622164862,1281542,PMS Guest,Others,Not in SU,confirmed,,4030,Elm @ Elysium Estate,Unassigned,https://www.stayvista.com/villa/elm-at-elysium-estate,2026-10-01,,PMS Only,"Present in PMS Base Dump, not found in SU"
02AAJFL9866C1Z8,1281543,PMS Guest,Others,Not in SU,confirmed,,4054,Nook @ Elysium Estate,Tanvi,https://www.stayvista.com/villa/nook-at-elysium-estate,2026-10-01,,PMS Only,"Present in PMS Base Dump, not found in SU"
CMS2162622164862,1281544,PMS Guest,Others,Not in SU,confirmed,,4031,Mist @ Elysium Estate,Unassigned,https://www.stayvista.com/villa/mist-at-elysium-estate,2026-10-01,,PMS Only,"Present in PMS Base Dump, not found in SU"
30025791402,1283288,PMS Guest,Others,Not in SU,confirmed,,3179,Savara,Ajay,https://www.stayvista.com/villa/savara,2026-10-01,,PMS Only,"Present in PMS Base Dump, not found in SU"
123456,1283634,PMS Guest,Others,Not in SU,cancelled,,228,Property #228,Unassigned,not available,2026-10-01,,PMS Only,"Present in PMS Base Dump, not found in SU"
AXISP00829314946,1286278,PMS Guest,Others,Not in SU,cancelled,,2158,The WaterWillow,Janvi,https://www.stayvista.com/villa/the-waterwillow,2026-10-01,,PMS Only,"Present in PMS Base Dump, not found in SU"
pay_TTVJjAsNGFenI6,1286934,PMS Guest,Others,Not in SU,confirmed,,5090,Casa Lucent,Unassigned,https://www.stayvista.com/villa/casa-lucent,2026-10-01,,PMS Only,"Present in PMS Base Dump, not found in SU"
pay_TTaMkXypGyWdka,1287035,PMS Guest,Others,Not in SU,confirmed,,5447,Property #5447,Unassigned,not available,2026-10-01,,PMS Only,"Present in PMS Base Dump, not found in SU"
nan,1287419,PMS Guest,Others,Not in SU,confirmed,,5008,StayVista Residences at Baner - Balewadi,Unassigned,https://www.stayvista.com/villa/stayvista-residences-at-baner-balewadi,2026-10-01,,PMS Only,"Present in PMS Base Dump, not found in SU"
pay_TUInIITkp6Q60V,1287433,PMS Guest,Others,Not in SU,confirmed,,5098,Moonstone Villa - 5BR,Unassigned,https://www.stayvista.com/villa/moonstone-villa,2026-10-01,,PMS Only,"Present in PMS Base Dump, not found in SU"
pay_TUNhUK6aaHVzst,1287511,PMS Guest,Others,Not in SU,confirmed,,1631,Mellow Cottage,Unassigned,https://www.stayvista.com/villa/mellow-cottage,2026-10-01,,PMS Only,"Present in PMS Base Dump, not found in SU"
nan,1288063,PMS Guest,Others,Not in SU,confirmed,,5008,StayVista Residences at Baner - Balewadi,Unassigned,https://www.stayvista.com/villa/stayvista-residences-at-baner-balewadi,2026-10-01,,PMS Only,"Present in PMS Base Dump, not found in SU"
nan,1288069,PMS Guest,Others,Not in SU,confirmed,,5008,StayVista Residences at Baner - Balewadi,Unassigned,https://www.stayvista.com/villa/stayvista-residences-at-baner-balewadi,2026-10-01,,PMS Only,"Present in PMS Base Dump, not found in SU"
pay_TVYrwG6obIsJRG,1288265,PMS Guest,Others,Not in SU,confirmed,,2893,Ludlow House w/ Bonfire,Unassigned,https://www.stayvista.com/villa/ludlow-house,2026-10-01,,PMS Only,"Present in PMS Base Dump, not found in SU"
pay_TVewWKwdTXlYzZ,1288335,PMS Guest,Others,Not in SU,confirmed,,5446,Property #5446,Unassigned,not available,2026-10-01,,PMS Only,"Present in PMS Base Dump, not found in SU"
pay_TW1iMCLH6DnjYL,1288500,PMS Guest,Others,Not in SU,confirmed,,5435,Casa Miraasa,Unassigned,https://www.stayvista.com/villa/casa-miraasa,2026-10-01,,PMS Only,"Present in PMS Base Dump, not found in SU"
pay_TWF765HYzwF7dN,1288561,PMS Guest,Others,Not in SU,confirmed,,5124,Property #5124,Unassigned,not available,2026-10-01,,PMS Only,"Present in PMS Base Dump, not found in SU"
pay_TWfk5dJMTfp0ki,1288824,PMS Guest,Others,Not in SU,confirmed,,2426,Le Arc,Tej,https://www.stayvista.com/villa/le-arc-4-bhk-villa-in-lonavala-with-private-pool-and-spacious-rooms,2026-10-01,,PMS Only,"Present in PMS Base Dump, not found in SU"
128879000000,1288955,PMS Guest,Airbnb,Not in SU,confirmed,,3567,Snowdrop House,Unassigned,https://www.airbnb.com/rooms/1141172662699890224,2026-10-01,,PMS Only,"Present in PMS Base Dump, not found in SU"
990090000000,1289138,PMS Guest,Others,Not in SU,cancelled,,4760,Executive Room @ StayVista Residences near Cyber City Hub,Unassigned,https://www.stayvista.com/villa/executive-room-at-stayvista-residences-near-cyber-city-hub,2026-10-01,,PMS Only,"Present in PMS Base Dump, not found in SU"
pay_TX9E6DkPhalmhf,1289158,PMS Guest,Others,Not in SU,confirmed,,5492,Quinta Maris in Vagator - 3BR,Unassigned,https://www.stayvista.com/villa/quinta-maris-in-vagator,2026-10-01,,PMS Only,"Present in PMS Base Dump, not found in SU"
pay_TX9sq2dgendcQh,1289168,PMS Guest,Others,Not in SU,confirmed,,4634,The Edge of Sky,Unassigned,https://www.stayvista.com/villa/the-edge-of-sky,2026-10-01,,PMS Only,"Present in PMS Base Dump, not found in SU"
pay_TXC0ph2NqptDX7,1289211,PMS Guest,Others,Not in SU,confirmed,,4538,The Grotto,Unassigned,https://www.stayvista.com/villa/the-grotto,2026-10-01,,PMS Only,"Present in PMS Base Dump, not found in SU"
nan,1289624,PMS Guest,Others,Not in SU,confirmed,,5008,StayVista Residences at Baner - Balewadi,Unassigned,https://www.stayvista.com/villa/stayvista-residences-at-baner-balewadi,2026-10-01,,PMS Only,"Present in PMS Base Dump, not found in SU"
nan,1289631,PMS Guest,Others,Not in SU,confirmed,,5008,StayVista Residences at Baner - Balewadi,Unassigned,https://www.stayvista.com/villa/stayvista-residences-at-baner-balewadi,2026-10-01,,PMS Only,"Present in PMS Base Dump, not found in SU"
nan,1289793,PMS Guest,Others,Not in SU,confirmed,,5008,StayVista Residences at Baner - Balewadi,Unassigned,https://www.stayvista.com/villa/stayvista-residences-at-baner-balewadi,2026-10-01,,PMS Only,"Present in PMS Base Dump, not found in SU"
pay_TY2qLV078VmW9K,1289807,PMS Guest,Others,Not in SU,confirmed,,4736,Hillcrest Grove - Kotagiri,Giftson,https://www.stayvista.com/villa/hillcrest-grove,2026-10-01,,PMS Only,"Present in PMS Base Dump, not found in SU"
pay_TYG3LrfimtcjxF,1289880,PMS Guest,Others,Not in SU,confirmed,,4989,Ivory Palms - 3BR,Unassigned,https://www.stayvista.com/villa/ivory-palms,2026-10-01,,PMS Only,"Present in PMS Base Dump, not found in SU"
30521478533,1289968,PMS Guest,Others,Not in SU,confirmed,,3924,The Orchard Song,Unassigned,https://www.stayvista.com/villa/the-orchard-song,2026-10-01,,PMS Only,"Present in PMS Base Dump, not found in SU"
pay_TYKShNzAEliext,1289971,PMS Guest,Others,Not in SU,confirmed,,4854,Villa Nava,Unassigned,https://www.stayvista.com/villa/villa-nava,2026-10-01,,PMS Only,"Present in PMS Base Dump, not found in SU"
pay_TYqE19O0HxnCah,1290278,PMS Guest,Others,Not in SU,confirmed,,3935,Vatika Nature Nest - Mirjan,Unassigned,https://www.stayvista.com/villa/vatika-nature-nest,2026-10-01,,PMS Only,"Present in PMS Base Dump, not found in SU"
pay_TZ4F8iYFOxffnt,1290340,PMS Guest,Others,Not in SU,confirmed,,5319,Comfort Rooms @ Lagoons Kuruva - 4BR,Unassigned,https://www.stayvista.com/villa/comfort-rooms-at-lagoons-kuruva,2026-10-01,,PMS Only,"Present in PMS Base Dump, not found in SU"
pay_TZ6QN3esfEVIFr,1290381,PMS Guest,Others,Not in SU,confirmed,,5346,Property #5346,Unassigned,not available,2026-10-01,,PMS Only,"Present in PMS Base Dump, not found in SU"
pay_TZ9IxJv9p7b8f0,1290431,PMS Guest,Others,Not in SU,confirmed,,5445,The Heliconia Bungalows,Tanvi,https://www.stayvista.com/villa/the-heliconia-bungalows,2026-10-01,,PMS Only,"Present in PMS Base Dump, not found in SU"
30575085146,1290602,PMS Guest,Others,Not in SU,confirmed,,4780,Roze Home,Unassigned,https://www.stayvista.com/villa/roze-home,2026-10-01,,PMS Only,"Present in PMS Base Dump, not found in SU"
5182,1290674,PMS Guest,Others,Not in SU,confirmed,,5490,Palmshade M2 Retreat - 7BR,Unassigned,https://www.stayvista.com/villa/palmshade-m2-retreat,2026-10-01,,PMS Only,"Present in PMS Base Dump, not found in SU"
pay_TZZIFi7J9nidHX,1290720,PMS Guest,Others,Not in SU,confirmed,,4647,Gardenéa,Unassigned,https://www.stayvista.com/villa/gardenea,2026-10-01,,PMS Only,"Present in PMS Base Dump, not found in SU"
AXOMB25102162703,1290747,PMS Guest,Others,Not in SU,tentative,,4820,Raga Living,Unassigned,https://www.stayvista.com/villa/raga-living,2026-10-01,,PMS Only,"Present in PMS Base Dump, not found in SU"
pay_TZugvxM9h0h6iD,1290885,PMS Guest,Others,Not in SU,confirmed,,1830,Bay View,Jakee,https://www.stayvista.com/villa/bay-view-magos-4-bhk-villa-in-goa-with-private-pool-and-spacious-rooms,2026-10-01,,PMS Only,"Present in PMS Base Dump, not found in SU"
CMS2532632500365,1291077,PMS Guest,Others,Not in SU,confirmed,,2534,Soul Serenity,Unassigned,https://www.stayvista.com/villa/soul-serenity-2-bhk-villa-in-nashik-with-private-pool-and-spacious-rooms,2026-10-01,,PMS Only,"Present in PMS Base Dump, not found in SU"
30618806793,1291151,PMS Guest,Others,Not in SU,confirmed,,2455,Sienna @ Strelitzia,Unassigned,https://www.stayvista.com/villa/sienna-at-strelitzia,2026-10-01,,PMS Only,"Present in PMS Base Dump, not found in SU"
pay_TaNQsrCQTysgPM,1291170,PMS Guest,Others,Not in SU,confirmed,,5666,Property #5666,Unassigned,not available,2026-10-01,,PMS Only,"Present in PMS Base Dump, not found in SU"
pay_TaRX8j3JVaX3eo,1291223,PMS Guest,Others,Not in SU,confirmed,,3742,Waterfront Villa,Unassigned,https://www.stayvista.com/villa/waterfront-villa-3-bhk-villa-with-spacious-rooms,2026-10-01,,PMS Only,"Present in PMS Base Dump, not found in SU"
nan,1291320,PMS Guest,Others,Not in SU,cancelled,,5008,StayVista Residences at Baner - Balewadi,Unassigned,https://www.stayvista.com/villa/stayvista-residences-at-baner-balewadi,2026-10-01,,PMS Only,"Present in PMS Base Dump, not found in SU"
pay_TafhTMKhzQ5QwG,1291363,PMS Guest,Others,Not in SU,confirmed,,5480,Villa Mandimane - 3BR,Unassigned,https://www.stayvista.com/villa/villa-mandimane,2026-10-01,,PMS Only,"Present in PMS Base Dump, not found in SU"
30634011219,1291385,PMS Guest,Others,Not in SU,confirmed,,3745,The Rustic Retreat,Unassigned,https://www.stayvista.com/villa/the-rustic-retreat,2026-10-01,,PMS Only,"Present in PMS Base Dump, not found in SU"
nan,1291505,PMS Guest,Others,Not in SU,confirmed,,5602,Property #5602,Unassigned,not available,2026-10-01,,PMS Only,"Present in PMS Base Dump, not found in SU"
pay_Tb2cqJ6OI9z7pu,1291646,PMS Guest,Others,Not in SU,confirmed,,691,Villa Sullivan,Unassigned,https://www.stayvista.com/villa/villa-sullivan-5-bhk-villa-in-ooty-with-spacious-rooms,2026-10-01,,PMS Only,"Present in PMS Base Dump, not found in SU"
pay_Tb66vutMuWfYV0,1291724,PMS Guest,Others,Not in SU,confirmed,,854,Nature's Abode,Unassigned,https://www.stayvista.com/villa/natures-abode-morjim-3-bhk-villa-in-goa-with-private-pool-and-spacious-rooms,2026-10-01,,PMS Only,"Present in PMS Base Dump, not found in SU"
pay_TbXycoz6IXFpxB,1291958,PMS Guest,Others,Not in SU,cancelled,,2308,Lake La Vie,Unassigned,https://www.stayvista.com/villa/lake-la-vie-3-bhk-villa-in-nashik-with-private-pool-and-spacious-rooms,2026-10-01,,PMS Only,"Present in PMS Base Dump, not found in SU"
pay_TbYqoqKMw3ChOf,1291972,PMS Guest,Others,Not in SU,confirmed,,1969,Mawi Infinitty - The Beach Villa,Unassigned,https://www.stayvista.com/villa/mawi-infinitty-villa-arambol-3-bhk-villa-in-goa-with-private-pool-and-spacious-rooms,2026-10-01,,PMS Only,"Present in PMS Base Dump, not found in SU"
nan,1292005,PMS Guest,Others,Not in SU,confirmed,,5008,StayVista Residences at Baner - Balewadi,Unassigned,https://www.stayvista.com/villa/stayvista-residences-at-baner-balewadi,2026-10-01,,PMS Only,"Present in PMS Base Dump, not found in SU"
nan,1292007,PMS Guest,Others,Not in SU,confirmed,,5602,Property #5602,Unassigned,not available,2026-10-01,,PMS Only,"Present in PMS Base Dump, not found in SU"
pay_Tbur5SK2m4rC33,1292111,PMS Guest,Others,Not in SU,confirmed,,2797,Qaraar,Unassigned,https://www.stayvista.com/villa/qaraar,2026-10-01,,PMS Only,"Present in PMS Base Dump, not found in SU"
pay_TcEwJnTfhsBFSB,1292224,PMS Guest,Others,Not in SU,confirmed,,5140,Property #5140,Unassigned,not available,2026-10-01,,PMS Only,"Present in PMS Base Dump, not found in SU"
pay_TcIJj9QgkNd701,1292270,PMS Guest,Others,Not in SU,confirmed,,3638,Rustic Haven,Unassigned,https://www.stayvista.com/villa/rustic-haven,2026-10-01,,PMS Only,"Present in PMS Base Dump, not found in SU"
pay_Tciqu9zx2KwbNU,1292537,PMS Guest,Others,Not in SU,confirmed,,5605,Property #5605,Unassigned,not available,2026-10-01,,PMS Only,"Present in PMS Base Dump, not found in SU"
pay_Td07N9IoNS6f8D,1292633,PMS Guest,Others,Not in SU,confirmed,,5244,Casa Pinnacle,Unassigned,https://www.stayvista.com/villa/casa-pinnacle,2026-10-01,,PMS Only,"Present in PMS Base Dump, not found in SU"
pay_Td5UdxcbNJuuuA,1292735,PMS Guest,Others,Not in SU,confirmed,,3061,Riverside Symphony,Unassigned,https://www.stayvista.com/villa/riverside-symphony,2026-10-01,,PMS Only,"Present in PMS Base Dump, not found in SU"
pay_TdPCFgL7JntNM7,1292900,PMS Guest,Others,Not in SU,confirmed,,5515,Villa Altona,Unassigned,https://www.stayvista.com/villa/villa-altona,2026-10-01,,PMS Only,"Present in PMS Base Dump, not found in SU"
30774013224,1292920,PMS Guest,Others,Not in SU,confirmed,,3937,The Grand Crest,Unassigned,https://www.stayvista.com/villa/the-grand-crest-9-bhk-villa-in-karjat-with-private-pool-and-spacious-rooms,2026-10-01,,PMS Only,"Present in PMS Base Dump, not found in SU"
pay_TdQpNQbS8fkId3,1292936,PMS Guest,Others,Not in SU,confirmed,,1930,The Portugal Renaissance,Atif,https://www.stayvista.com/villa/the-portugal-renaissance-porvorim-4-bhk-villa-in-goa-with-private-pool-and-spacious-rooms,2026-10-01,,PMS Only,"Present in PMS Base Dump, not found in SU"
pay_TdcdiYVRd2Zefp,1293244,PMS Guest,Others,Not in SU,confirmed,,1255,The Backwater Heritage,Unassigned,https://www.stayvista.com/villa/the-backwater-heritage,2026-10-01,,PMS Only,"Present in PMS Base Dump, not found in SU"
pay_Tdn7nloBZsFjKu,1293293,PMS Guest,Others,Not in SU,confirmed,,2883,Sapphire Sands,Unassigned,https://www.stayvista.com/villa/sapphire-sands-siolim-7-bhk-villa-in-goa-with-private-pool-and-spacious-rooms,2026-10-01,,PMS Only,"Present in PMS Base Dump, not found in SU"
pay_TdqljU6sQ7ddfe,1293360,PMS Guest,Others,Not in SU,confirmed,,3334,Property #3334,Unassigned,not available,2026-10-01,,PMS Only,"Present in PMS Base Dump, not found in SU"
pay_Tds7oJd0oEmSai,1293389,PMS Guest,Others,Not in SU,confirmed,,1570,The Winter Line,Jakee,https://www.stayvista.com/villa/the-winter-line,2026-10-01,,PMS Only,"Present in PMS Base Dump, not found in SU"
30797229282,1293392,PMS Guest,Others,Not in SU,confirmed,,4170,Woodhouse Story,Unassigned,https://www.stayvista.com/villa/woodhouse-story,2026-10-01,,PMS Only,"Present in PMS Base Dump, not found in SU"
pay_TdtOr8GBlw92DV,1293404,PMS Guest,Others,Not in SU,confirmed,,432,Padam Hill,Shital,https://www.stayvista.com/villa/padam-hill,2026-10-01,,PMS Only,"Present in PMS Base Dump, not found in SU"
pay_TduKMuxv0lhxkb,1293420,PMS Guest,Others,Not in SU,confirmed,,3661,Tarika's Villa,Unassigned,https://www.stayvista.com/villa/tarikas-villa,2026-10-01,,PMS Only,"Present in PMS Base Dump, not found in SU"
nan,1293469,PMS Guest,Others,Not in SU,confirmed,,5008,StayVista Residences at Baner - Balewadi,Unassigned,https://www.stayvista.com/villa/stayvista-residences-at-baner-balewadi,2026-10-01,,PMS Only,"Present in PMS Base Dump, not found in SU"
pay_TdyakvdTlmn7r6,1293483,PMS Guest,Others,Not in SU,confirmed,,5876,Property #5876,Unassigned,not available,2026-10-01,,PMS Only,"Present in PMS Base Dump, not found in SU"
pay_TeAuCyGjs7G8HA,1293525,PMS Guest,Others,Not in SU,confirmed,,5659,Property #5659,Unassigned,not available,2026-10-01,,PMS Only,"Present in PMS Base Dump, not found in SU"
nan,1293534,PMS Guest,Others,Not in SU,confirmed,,5602,Property #5602,Unassigned,not available,2026-10-01,,PMS Only,"Present in PMS Base Dump, not found in SU"
pay_TeBcRg18oddiR2,1293539,PMS Guest,Others,Not in SU,confirmed,,5390,Property #5390,Unassigned,not available,2026-10-01,,PMS Only,"Present in PMS Base Dump, not found in SU"
pay_TeGexMMfarf0T6,1293617,PMS Guest,Others,Not in SU,confirmed,,1048,Lake Mansion - 3BR,Unassigned,https://www.stayvista.com/villa/lake-mansion-5-bhk-villa-in-lonavala-with-private-pool-and-spacious-rooms,2026-10-01,,PMS Only,"Present in PMS Base Dump, not found in SU"
pay_TeIaU8g4J3E9UI,1293642,PMS Guest,Others,Not in SU,confirmed,,5487,Weather Vane- Sea Facing Villa in Varkala,Unassigned,https://www.stayvista.com/villa/weather-vane-villa,2026-10-01,,PMS Only,"Present in PMS Base Dump, not found in SU"
pay_TeIi7vQp0RwmuZ,1293645,PMS Guest,Others,Not in SU,confirmed,,5887,Property #5887,Unassigned,not available,2026-10-01,,PMS Only,"Present in PMS Base Dump, not found in SU"
pay_TeKyIaGZPfTY9e,1293665,PMS Guest,Others,Not in SU,confirmed,,4700,The Altair - 7BR,Unassigned,https://www.stayvista.com/villa/the-altair,2026-10-01,,PMS Only,"Present in PMS Base Dump, not found in SU"
pay_TeMdcZfqOzdEz5,1293682,PMS Guest,Others,Not in SU,confirmed,,4958,Ocean Breeze - 7BR,Unassigned,https://www.stayvista.com/villa/ocean-breeze,2026-10-01,,PMS Only,"Present in PMS Base Dump, not found in SU"
30828737619,1293759,PMS Guest,Others,Not in SU,confirmed,,2790,Mystic Nest,Unassigned,https://www.stayvista.com/villa/mystic-nest,2026-10-01,,PMS Only,"Present in PMS Base Dump, not found in SU"
pay_TehMxrufFXdtmi,1293836,PMS Guest,Others,Not in SU,confirmed,,4897,Casa Clarence,Unassigned,https://www.stayvista.com/villa/casa-clarence-pool-jacuzzi-villa,2026-10-01,,PMS Only,"Present in PMS Base Dump, not found in SU"
pay_TefzWIqRssoc2O,1293847,PMS Guest,Others,Not in SU,confirmed,,2707,Casa Boho,Unassigned,https://www.stayvista.com/villa/casa-boho-4-bhk-villa-in-nashik-with-private-pool-and-spacious-rooms,2026-10-01,,PMS Only,"Present in PMS Base Dump, not found in SU"
pay_Teh9eAMd5pTLOf,1293873,PMS Guest,Others,Not in SU,confirmed,,1827,Villa Amethyst,Shital,https://www.stayvista.com/villa/villa-amethyst-saligao-4-bhk-villa-in-goa-with-spacious-rooms,2026-10-01,,PMS Only,"Present in PMS Base Dump, not found in SU"
pay_TehPF9Fz2nqmcu,1293876,PMS Guest,Others,Not in SU,confirmed,,5470,The Eminence Villa,Unassigned,https://www.stayvista.com/villa/the-eminence-villa,2026-10-01,,PMS Only,"Present in PMS Base Dump, not found in SU"
981886407,1293878,PMS Guest,Others,Not in SU,confirmed,,4774,The Emily Chalet,Unassigned,https://www.stayvista.com/villa/the-emily-chalet,2026-10-01,,PMS Only,"Present in PMS Base Dump, not found in SU"
pay_TemyYkUZIHAapT,1293951,PMS Guest,Others,Not in SU,confirmed,,5445,The Heliconia Bungalows,Tanvi,https://www.stayvista.com/villa/the-heliconia-bungalows,2026-10-01,,PMS Only,"Present in PMS Base Dump, not found in SU"
pay_TezXJ1wzfnrH2U,1294016,PMS Guest,Others,Not in SU,confirmed,,5578,The Azure Perch,Unassigned,https://www.stayvista.com/villa/the-azure-perch,2026-10-01,,PMS Only,"Present in PMS Base Dump, not found in SU"
pay_Tf0eAg42N8uNx8,1294036,PMS Guest,Others,Not in SU,confirmed,,357,Cottage in the Clouds,Shital,https://www.stayvista.com/villa/cottage-in-the-clouds,2026-10-01,,PMS Only,"Present in PMS Base Dump, not found in SU"
pay_Tf12XTUadbUptn,1294040,PMS Guest,Others,Not in SU,confirmed,,4478,Vaana,Unassigned,https://www.stayvista.com/villa/vaana,2026-10-01,,PMS Only,"Present in PMS Base Dump, not found in SU"
pay_Tf61pIBKJCTdqp,1294156,PMS Guest,Others,Not in SU,confirmed,,1745,Emerald Acres,Unassigned,https://www.stayvista.com/villa/emerald-acres-7-bhk-villa-in-lonavala-with-private-pool-and-spacious-rooms,2026-10-01,,PMS Only,"Present in PMS Base Dump, not found in SU"
nan,1294157,PMS Guest,Others,Not in SU,confirmed,,5602,Property #5602,Unassigned,not available,2026-10-01,,PMS Only,"Present in PMS Base Dump, not found in SU"
nan,1294185,PMS Guest,Others,Not in SU,cancelled,,5332,Property #5332,Unassigned,not available,2026-10-01,,PMS Only,"Present in PMS Base Dump, not found in SU"
pay_Tf9q9ulYaWxfpx,1294219,PMS Guest,Others,Not in SU,confirmed,,5332,Property #5332,Unassigned,not available,2026-10-01,,PMS Only,"Present in PMS Base Dump, not found in SU"
pay_TfCZhwOSESfHA8,1294246,PMS Guest,Others,Not in SU,confirmed,,5107,Cerulean Frame,Unassigned,https://www.stayvista.com/villa/cerulean-frame,2026-10-01,,PMS Only,"Present in PMS Base Dump, not found in SU"
30857640582,1294289,PMS Guest,Others,Not in SU,confirmed,,2430,The Den,Unassigned,https://www.stayvista.com/villa/the-den,2026-10-01,,PMS Only,"Present in PMS Base Dump, not found in SU"
pay_TfOotfOANuavIV,1294331,PMS Guest,Others,Not in SU,confirmed,,2044,Lost in the Alps,Unassigned,https://www.stayvista.com/villa/lost-in-the-alps,2026-10-01,,PMS Only,"Present in PMS Base Dump, not found in SU"
pay_TfQR4kRqUD1l51,1294367,PMS Guest,Others,Not in SU,confirmed,,5843,Property #5843,Unassigned,not available,2026-10-01,,PMS Only,"Present in PMS Base Dump, not found in SU"
pay_TfRq8PJ4sR5hIH,1294403,PMS Guest,Others,Not in SU,confirmed,,5262,Sapphire Shores Beachfront Villa,Unassigned,https://www.stayvista.com/villa/sapphire-shores-beachfront-villa,2026-10-01,,PMS Only,"Present in PMS Base Dump, not found in SU"
pay_SsfhpeVNQKGr7B,1260618,PMS Guest,Others,Not in SU,confirmed,,3875,Whispering Meadows - Igatpuri,Unassigned,https://www.stayvista.com/villa/whispering-meadows-igatpuri-8-bhk-villa-in-nashik-with-private-pool-and-spacious-rooms,2026-10-02,,PMS Only,"Present in PMS Base Dump, not found in SU"
pay_T3UkrV7hQP2LzM,1268893,PMS Guest,Others,Not in SU,confirmed,,2035,Property #2035,Unassigned,not available,2026-10-02,,PMS Only,"Present in PMS Base Dump, not found in SU"
T8zAETvFPwsSL1,1272700,PMS Guest,Others,Not in SU,confirmed,,4661,Avyanna Villa,Sharon,https://www.stayvista.com/villa/avyanna-villa,2026-10-02,,PMS Only,"Present in PMS Base Dump, not found in SU"
pay_TBIfqVJg8XljLC,1274128,PMS Guest,Others,Not in SU,confirmed,,3987,Dolce Montagna,Tanvi,https://www.stayvista.com/villa/dolce-montagna-7-bhk-villa-in-lonavala-with-private-pool-and-spacious-rooms,2026-10-02,,PMS Only,"Present in PMS Base Dump, not found in SU"
pay_TE8tiMu43yT0MK,1276019,PMS Guest,Others,Not in SU,confirmed,,2582,Regal Retreat,Unassigned,https://www.stayvista.com/villa/regal-retreat,2026-10-02,,PMS Only,"Present in PMS Base Dump, not found in SU"
CMS2012618445318,1277116,PMS Guest,Others,Not in SU,confirmed,,5703,Property #5703,Unassigned,not available,2026-10-02,,PMS Only,"Present in PMS Base Dump, not found in SU"
pay_THG2s7HJlUeXpD,1278181,PMS Guest,Others,Not in SU,confirmed,,2005,Viva La Vida,Unassigned,https://www.stayvista.com/villa/viva-la-vida,2026-10-02,,PMS Only,"Present in PMS Base Dump, not found in SU"
pay_TIyRUD2c5K6LNo,1279383,PMS Guest,Others,Not in SU,confirmed,,5082,Aria by the Hills,Unassigned,https://www.stayvista.com/villa/aria-by-the-hills,2026-10-02,,PMS Only,"Present in PMS Base Dump, not found in SU"
620854000000,1279541,PMS Guest,Others,Not in SU,tentative,,3654,Casa Armeh,Unassigned,https://www.stayvista.com/villa/casa-armeh-siolim-4-bhk-villa-in-goa-with-private-pool-and-spacious-rooms,2026-10-02,,PMS Only,"Present in PMS Base Dump, not found in SU"
NH71186505707488,1280560,PMS Guest,Gommt,Not in SU,cancelled,,4694,Property #4694,Unassigned,not available,2026-10-02,,PMS Only,"Present in PMS Base Dump, not found in SU"
NH24167505960512,1280871,PMS Guest,Gommt,Not in SU,cancelled,,3171,Aqua Vista,Unassigned,https://www.makemytrip.com/hotels/hotel-details/?hotelId=202312181256554955&_uCurrency=INR&checkin=11252025&checkout=11262025&city=CTAGR&country=IN&funnelType=getaway&lat=27.16779&lng=78.04893&locusId=ZNDEL67F7E280&locusType=zone&rank=1&roomStayQualifier=2e0e&seekSummaryRequired=false&viewType=LUXE&mtkeys=defaultMtkey1000502092,2026-10-02,,PMS Only,"Present in PMS Base Dump, not found in SU"
pay_TLelSkMZ9DBW15,1281399,PMS Guest,Others,Not in SU,confirmed,,5629,Ridge & Root,Unassigned,https://www.stayvista.com/villa/ridge-root,2026-10-02,,PMS Only,"Present in PMS Base Dump, not found in SU"
pay_TM0uilFvMB0LTw,1281576,PMS Guest,Others,Not in SU,confirmed,,5613,Property #5613,Unassigned,not available,2026-10-02,,PMS Only,"Present in PMS Base Dump, not found in SU"
29630335791,1284138,PMS Guest,Others,Not in SU,confirmed,,2931,Emerald,Unassigned,https://www.stayvista.com/villa/emerald-10-bhk-villa-in-lonavala-with-private-pool-and-spacious-rooms,2026-10-02,,PMS Only,"Present in PMS Base Dump, not found in SU"
pay_TQ82QS6zdcbAU8,1284790,PMS Guest,Others,Not in SU,cancelled,,3884,Property #3884,Unassigned,not available,2026-10-02,,PMS Only,"Present in PMS Base Dump, not found in SU"
pay_TQTRMD44qxgJ3K,1284973,PMS Guest,Others,Not in SU,confirmed,,3816,Seraphine,Unassigned,https://www.stayvista.com/villa/seraphine-6-bhk-villa-in-lonavala-with-private-pool-and-spacious-rooms,2026-10-02,,PMS Only,"Present in PMS Base Dump, not found in SU"
pay_TQndVzbgcMmn2r,1285101,PMS Guest,Others,Not in SU,cancelled,,4921,Miraai Farm,Ajay,https://www.stayvista.com/villa/miraai-farm,2026-10-02,,PMS Only,"Present in PMS Base Dump, not found in SU"
pay_TQndVzbgcMmn2r,1285107,PMS Guest,Others,Not in SU,confirmed,,3649,Majestic Whispers - 5BR,Unassigned,https://www.stayvista.com/villa/majestic-whispers,2026-10-02,,PMS Only,"Present in PMS Base Dump, not found in SU"
pay_TQ82QS6zdcbAU8,1285263,PMS Guest,Others,Not in SU,cancelled,,5086,Red Gable,Unassigned,https://www.stayvista.com/villa/red-gable,2026-10-02,,PMS Only,"Present in PMS Base Dump, not found in SU"
pay_TR7e22BFhjLSRg,1285277,PMS Guest,B.com,Not in SU,cancelled,,5347,Property #5347,Unassigned,not available,2026-10-02,,PMS Only,"Present in PMS Base Dump, not found in SU"
pay_TRGx7kgQPGm0VW,1285440,PMS Guest,Others,Not in SU,cancelled,,3748,Property #3748,Unassigned,not available,2026-10-02,,PMS Only,"Present in PMS Base Dump, not found in SU"
30201122282,1285507,PMS Guest,Others,Not in SU,confirmed,,3928,Property #3928,Unassigned,not available,2026-10-02,,PMS Only,"Present in PMS Base Dump, not found in SU"
30201708809,1285510,PMS Guest,Others,Not in SU,confirmed,,3937,The Grand Crest,Unassigned,https://www.stayvista.com/villa/the-grand-crest-9-bhk-villa-in-karjat-with-private-pool-and-spacious-rooms,2026-10-02,,PMS Only,"Present in PMS Base Dump, not found in SU"
CMS2322626836261,1285628,PMS Guest,Others,Not in SU,cancelled,,5144,Saya Infinity,Giftson,https://www.stayvista.com/villa/saya-infinity,2026-10-02,,PMS Only,"Present in PMS Base Dump, not found in SU"
2968333005,1285642,PMS Guest,Others,Not in SU,cancelled,,4154,Pranah,Unassigned,https://www.stayvista.com/villa/pranah,2026-10-02,,PMS Only,"Present in PMS Base Dump, not found in SU"
pay_TRfZgt1gtD2VnO,1285722,PMS Guest,Others,Not in SU,confirmed,,5215,Montara View,Unassigned,https://www.stayvista.com/villa/montara-view,2026-10-02,,PMS Only,"Present in PMS Base Dump, not found in SU"
pay_TSQILrEf3Xyq0g,1286301,PMS Guest,Others,Not in SU,confirmed,,2740,Cedar Haven,Unassigned,https://www.stayvista.com/villa/cedar-haven-nahan-woutdoor-infinity-pool,2026-10-02,,PMS Only,"Present in PMS Base Dump, not found in SU"
pay_TSXLDYQ56FsQQQ,1286413,PMS Guest,Others,Not in SU,confirmed,,4857,Villa Ekanta,Pratiksha,https://www.stayvista.com/villa/villa-ekanta,2026-10-02,,PMS Only,"Present in PMS Base Dump, not found in SU"
pay_TSi2wFbEQAUsQZ,1286458,PMS Guest,Others,Not in SU,cancelled,,3781,The Rainfield Villa,Unassigned,https://www.stayvista.com/villa/the-rainfield-villa-3-bhk-villa-in-nashik-with-private-pool-and-spacious-rooms,2026-10-02,,PMS Only,"Present in PMS Base Dump, not found in SU"
pay_TSlCXYzA1JFBMF,1286518,PMS Guest,Others,Not in SU,confirmed,,3967,Bahava,Unassigned,https://www.stayvista.com/villa/bahava,2026-10-02,,PMS Only,"Present in PMS Base Dump, not found in SU"
CAN1280485,1286527,PMS Guest,Others,Not in SU,confirmed,,3403,Cobblestone Cottage,Unassigned,https://www.stayvista.com/villa/cobblestone-cottage-3-bhk-villa-in-lonavala-with-private-pool-and-spacious-rooms,2026-10-02,,PMS Only,"Present in PMS Base Dump, not found in SU"
pay_TRGx7kgQPGm0VW,1286616,PMS Guest,Others,Not in SU,confirmed,,4302,Sasha Farms - Roha,Tanvi,https://www.stayvista.com/villa/sasha-farms,2026-10-02,,PMS Only,"Present in PMS Base Dump, not found in SU"
pay_TSuhZOF2atglRc,1286679,PMS Guest,Others,Not in SU,confirmed,,3526,Cerenity Castle,Shital,https://www.stayvista.com/villa/cerenity-castle-4-bhk-villa-in-nashik-with-spacious-rooms,2026-10-02,,PMS Only,"Present in PMS Base Dump, not found in SU"
pay_TTSS46zGlEQiYQ,1286906,PMS Guest,Others,Not in SU,confirmed,,4025,Casa Frangipani,Sharon,https://www.stayvista.com/villa/casa-frangipani,2026-10-02,,PMS Only,"Present in PMS Base Dump, not found in SU"
ICICR12026082412430552,1286936,PMS Guest,Others,Not in SU,confirmed,,3914,Croft @ The Glen - 7BR,Unassigned,https://www.stayvista.com/villa/croft-at-the-glen-7-bhk-villa-in-lonavala-with-private-pool-and-spacious-rooms,2026-10-02,,PMS Only,"Present in PMS Base Dump, not found in SU"
pay_TU60o2ubTiStQt,1287371,PMS Guest,Others,Not in SU,confirmed,,1544,Villa mountain crest,Jakee,https://www.stayvista.com/villa/villa-mountain-crest,2026-10-02,,PMS Only,"Present in PMS Base Dump, not found in SU"
pay_TUGVi2GlBvTis4,1287393,PMS Guest,Others,Not in SU,cancelled,,2736,Kismet Villa,Ajay,https://www.stayvista.com/villa/kismet-villa-moira-4-bhk-villa-in-goa-with-private-pool-and-spacious-rooms,2026-10-02,,PMS Only,"Present in PMS Base Dump, not found in SU"
30331752589,1287521,PMS Guest,Others,Not in SU,confirmed,,3258,Esperanza,Unassigned,https://www.stayvista.com/villa/esperanza-5-bhk-villa-in-lonavala-with-private-pool-and-spacious-rooms,2026-10-02,,PMS Only,"Present in PMS Base Dump, not found in SU"
pay_TUhBalPAGzI7Rf,1287662,PMS Guest,Others,Not in SU,cancelled,,2017,Coffee & Mist,Unassigned,https://www.stayvista.com/villa/coffee-and-mist-5-bhk-villa-in-coorg-with-private-pool-and-spacious-rooms,2026-10-02,,PMS Only,"Present in PMS Base Dump, not found in SU"
pay_TUkrFRjNxmyYAo,1287721,PMS Guest,Others,Not in SU,confirmed,,432,Padam Hill,Shital,https://www.stayvista.com/villa/padam-hill,2026-10-02,,PMS Only,"Present in PMS Base Dump, not found in SU"
30350483304,1287773,PMS Guest,Others,Not in SU,confirmed,,510,Casa Do Amor,Shital,https://www.stayvista.com/villa/casa-do-amor-sangolda-6-bhk-villa-in-goa-with-private-pool-and-spacious-rooms,2026-10-02,,PMS Only,"Present in PMS Base Dump, not found in SU"
CANNM14072026,1288044,PMS Guest,Others,Not in SU,confirmed,,3672,Bean & Blanc,Unassigned,https://www.stayvista.com/villa/bean-and-blanc,2026-10-02,,PMS Only,"Present in PMS Base Dump, not found in SU"
pay_TVRLact1HY3hnL,1288157,PMS Guest,Others,Not in SU,confirmed,,2749,Property #2749,Unassigned,not available,2026-10-02,,PMS Only,"Present in PMS Base Dump, not found in SU"
temp_6a929b70c3c34,1288214,PMS Guest,Others,Not in SU,confirmed,,5243,Premium Rooms @ Princess of Wayanad,Unassigned,https://www.stayvista.com/villa/premium-rooms-at-princess-of-wayanad,2026-10-02,,PMS Only,"Present in PMS Base Dump, not found in SU"
624114000000,1288272,PMS Guest,Others,Not in SU,confirmed,,2687,Emilia Villa,Unassigned,https://www.stayvista.com/villa/emilia-villa,2026-10-02,,PMS Only,"Present in PMS Base Dump, not found in SU"
pay_TW516hOtp0shdt,1288534,PMS Guest,Others,Not in SU,confirmed,,4936,Oriana Palms,Tanvi,https://www.stayvista.com/villa/oriana-palms,2026-10-02,,PMS Only,"Present in PMS Base Dump, not found in SU"
128727000000,1288565,PMS Guest,Others,Not in SU,confirmed,,5262,Sapphire Shores Beachfront Villa,Unassigned,https://www.stayvista.com/villa/sapphire-shores-beachfront-villa,2026-10-02,,PMS Only,"Present in PMS Base Dump, not found in SU"
pay_TWivAhMKSz2Kpq,1288873,PMS Guest,Others,Not in SU,confirmed,,5142,The Kasa w/ Infinity Pool & Home Theatre,Unassigned,https://www.stayvista.com/villa/the-kasa,2026-10-02,,PMS Only,"Present in PMS Base Dump, not found in SU"
pay_TWkwGBctTix9a3,1288905,PMS Guest,Others,Not in SU,confirmed,,4598,27 Flora,Unassigned,https://www.stayvista.com/villa/27-flora,2026-10-02,,PMS Only,"Present in PMS Base Dump, not found in SU"
nan,1288916,PMS Guest,Others,Not in SU,confirmed,,4647,Gardenéa,Unassigned,https://www.stayvista.com/villa/gardenea,2026-10-02,,PMS Only,"Present in PMS Base Dump, not found in SU"
pay_TX2zolLJuWnzcb,1289045,PMS Guest,Others,Not in SU,confirmed,,4004,A Portuguese Tale,Unassigned,https://www.stayvista.com/villa/a-portuguese-tale-assagao-7-bhk-villa-in-goa-with-private-pool-and-spacious-rooms,2026-10-02,,PMS Only,"Present in PMS Base Dump, not found in SU"
pay_TX4tsut9yH7TFh,1289076,PMS Guest,Others,Not in SU,confirmed,,1634,Casa Paun - Kamshet,Unassigned,https://www.stayvista.com/villa/casa-paun-kamshet-2-bhk-villa-in-lonavala-with-private-pool-and-spacious-rooms,2026-10-02,,PMS Only,"Present in PMS Base Dump, not found in SU"
pay_TX6W06bWeDVxP3,1289104,PMS Guest,Others,Not in SU,confirmed,,3427,Dusk by the hills,Unassigned,https://www.stayvista.com/villa/dusk-by-the-hills-4-bhk-villa-in-lonavala-with-private-pool-and-spacious-rooms,2026-10-02,,PMS Only,"Present in PMS Base Dump, not found in SU"
nan,1289126,PMS Guest,Others,Not in SU,confirmed,,5720,Property #5720,Unassigned,not available,2026-10-02,,PMS Only,"Present in PMS Base Dump, not found in SU"
pay_TX7kFJHX1jRGVl,1289131,PMS Guest,Others,Not in SU,confirmed,,7,Vista Valencia Villa,Nirmala,https://www.stayvista.com/villa/vista-valencia-villa-4-bhk-villa-in-lonavala-with-spacious-rooms,2026-10-02,,PMS Only,"Present in PMS Base Dump, not found in SU"
30458431616,1289161,PMS Guest,Others,Not in SU,confirmed,,3845,Middle Earth 8BHK,Unassigned,https://www.stayvista.com/villa/middle-earth-8-bhk-villa-in-karjat-with-private-pool-and-spacious-rooms,2026-10-02,,PMS Only,"Present in PMS Base Dump, not found in SU"
nan,1289177,PMS Guest,Others,Not in SU,cancelled,,2430,The Den,Unassigned,https://www.stayvista.com/villa/the-den,2026-10-02,,PMS Only,"Present in PMS Base Dump, not found in SU"
30461240094,1289179,PMS Guest,Others,Not in SU,confirmed,,2430,The Den,Unassigned,https://www.stayvista.com/villa/the-den,2026-10-02,,PMS Only,"Present in PMS Base Dump, not found in SU"
30478744331,1289344,PMS Guest,Others,Not in SU,confirmed,,1749,Nivaant Farms,Shital,https://www.stayvista.com/villa/nivaant-farms-5-bhk-villa-in-karjat-with-private-pool-and-spacious-rooms,2026-10-02,,PMS Only,"Present in PMS Base Dump, not found in SU"
pay_TXVL8t35SXHcgo,1289375,PMS Guest,Others,Not in SU,confirmed,,5616,Property #5616,Unassigned,not available,2026-10-02,,PMS Only,"Present in PMS Base Dump, not found in SU"
pay_TXZ4wuN7trb18S,1289448,PMS Guest,Others,Not in SU,confirmed,,5124,Property #5124,Unassigned,not available,2026-10-02,,PMS Only,"Present in PMS Base Dump, not found in SU"
temp_6a9a655760483,1289578,PMS Guest,Others,Not in SU,confirmed,,5819,Property #5819,Unassigned,not available,2026-10-02,,PMS Only,"Present in PMS Base Dump, not found in SU"
30499599634,1289604,PMS Guest,Others,Not in SU,cancelled,,4722,Serenova,Unassigned,https://www.stayvista.com/villa/serenova,2026-10-02,,PMS Only,"Present in PMS Base Dump, not found in SU"
pay_TXyHaUWn4H2m0Q,1289736,PMS Guest,Others,Not in SU,confirmed,,3452,The Isabella House,Unassigned,https://www.stayvista.com/villa/the-isabella-house-3-bhk-villa-in-karjat-with-private-pool-and-spacious-rooms,2026-10-02,,PMS Only,"Present in PMS Base Dump, not found in SU"
pay_TXyKdlU2OhPYF6,1289738,PMS Guest,Others,Not in SU,confirmed,,3667,Willow Cove,Unassigned,https://www.stayvista.com/villa/willow-cove,2026-10-02,,PMS Only,"Present in PMS Base Dump, not found in SU"
30505305045,1289839,PMS Guest,Others,Not in SU,confirmed,,5317,Suvas Villa,Sharon,https://www.stayvista.com/villa/suvas-villa,2026-10-02,,PMS Only,"Present in PMS Base Dump, not found in SU"
pay_TYFgT7GlRwiWAN,1289872,PMS Guest,Others,Not in SU,confirmed,,5347,Property #5347,Unassigned,not available,2026-10-02,,PMS Only,"Present in PMS Base Dump, not found in SU"
pay_TYKAArYXdIUQQc,1289967,PMS Guest,Others,Not in SU,confirmed,,5072,Hermitage (Boutique Stay),Unassigned,https://www.stayvista.com/villa/hermitage-boutique-stay,2026-10-02,,PMS Only,"Present in PMS Base Dump, not found in SU"
30522184432,1289981,PMS Guest,Others,Not in SU,confirmed,,4901,The Birdwood Estate,Unassigned,https://www.stayvista.com/villa/the-birdwood-estate,2026-10-02,,PMS Only,"Present in PMS Base Dump, not found in SU"
pay_TYL7dzbU8crCUA,1289985,PMS Guest,Others,Not in SU,confirmed,,692,Villa Hugel - 5BR,Unassigned,https://www.stayvista.com/villa/villa-hugel-5-bhk-villa-in-ooty-with-spacious-rooms,2026-10-02,,PMS Only,"Present in PMS Base Dump, not found in SU"
30526445956,1290048,PMS Guest,Others,Not in SU,confirmed,,1709,Mysty View,Jakee,https://www.stayvista.com/villa/mysty-view,2026-10-02,,PMS Only,"Present in PMS Base Dump, not found in SU"
pay_TYRw2cc8yiXTz6,1290082,PMS Guest,Others,Not in SU,confirmed,,4035,Crystalline w/ Kid’s Room,Shital,https://www.stayvista.com/villa/crystalline-kids-room-3-bhk-villa-in-alibaug-with-private-pool-and-spacious-rooms,2026-10-02,,PMS Only,"Present in PMS Base Dump, not found in SU"
30528649012,1290085,PMS Guest,Others,Not in SU,confirmed,,2142,The CinCin,Unassigned,https://www.stayvista.com/villa/the-cincin-6-bhk-villa-in-lonavala-with-private-pool-and-spacious-rooms,2026-10-02,,PMS Only,"Present in PMS Base Dump, not found in SU"
nan,1290139,PMS Guest,Others,Not in SU,cancelled,,3891,Zen Haven - Igatpuri,Unassigned,https://www.stayvista.com/villa/zen-haven-igatpuri-5-bhk-villa-in-nashik-with-private-pool-and-spacious-rooms,2026-10-02,,PMS Only,"Present in PMS Base Dump, not found in SU"
pay_TYgC62h6vQqFcu,1290150,PMS Guest,Others,Not in SU,confirmed,,1626,Bellevue,Shital,https://www.stayvista.com/villa/bellevue,2026-10-02,,PMS Only,"Present in PMS Base Dump, not found in SU"
pay_TYksOXS0eJ2aD6,1290221,PMS Guest,Others,Not in SU,confirmed,,4482,Azure Bliss,Unassigned,https://www.stayvista.com/villa/azure-bliss,2026-10-02,,PMS Only,"Present in PMS Base Dump, not found in SU"
pay_TYqH6uER0QuYY6,1290280,PMS Guest,Others,Not in SU,confirmed,,3661,Tarika's Villa,Unassigned,https://www.stayvista.com/villa/tarikas-villa,2026-10-02,,PMS Only,"Present in PMS Base Dump, not found in SU"
pay_TYrawN9N9wIZsO,1290284,PMS Guest,Others,Not in SU,confirmed,,4825,Meadows Land,Unassigned,https://www.stayvista.com/villa/meadows-land,2026-10-02,,PMS Only,"Present in PMS Base Dump, not found in SU"
1937013899,1290296,PMS Guest,Others,Not in SU,confirmed,,3577,The Mohru Estate - Chail w/ Heated Pool,Unassigned,https://www.stayvista.com/villa/the-mohru-estate,2026-10-02,,PMS Only,"Present in PMS Base Dump, not found in SU"
pay_TZ44SSflSOPzJA,1290332,PMS Guest,Others,Not in SU,confirmed,,4933,Cielo House,Unassigned,https://www.stayvista.com/villa/cielo-house,2026-10-02,,PMS Only,"Present in PMS Base Dump, not found in SU"
pay_TZ4xOZYhCZytak,1290356,PMS Guest,Others,Not in SU,confirmed,,2449,Breezy Whispers,Unassigned,https://www.stayvista.com/villa/breezy-whispers-igatpuri-3-bhk-villa-in-nashik-with-private-pool-and-spacious-rooms,2026-10-02,,PMS Only,"Present in PMS Base Dump, not found in SU"
pay_TZ5mo0adJqU92l,1290366,PMS Guest,Others,Not in SU,confirmed,,4683,Property #4683,Unassigned,not available,2026-10-02,,PMS Only,"Present in PMS Base Dump, not found in SU"
pay_TZ9caeXMbrw9bh,1290439,PMS Guest,Others,Not in SU,confirmed,,5453,The Summer House,Shital,https://www.stayvista.com/villa/the-summer-house,2026-10-02,,PMS Only,"Present in PMS Base Dump, not found in SU"
pay_TZD9tXJ6FT4rg1,1290494,PMS Guest,Others,Not in SU,confirmed,,4629,Sky Hills,Unassigned,https://www.stayvista.com/villa/sky-hills,2026-10-02,,PMS Only,"Present in PMS Base Dump, not found in SU"
1676,1290568,PMS Guest,Others,Not in SU,confirmed,,4223,Property #4223,Unassigned,not available,2026-10-02,,PMS Only,"Present in PMS Base Dump, not found in SU"
pay_TZTPwqk6cfeEuX,1290620,PMS Guest,Others,Not in SU,confirmed,,2353,Property #2353,Unassigned,not available,2026-10-02,,PMS Only,"Present in PMS Base Dump, not found in SU"
temp_6a9fc7291a049,1290625,PMS Guest,Others,Not in SU,confirmed,,3001,Sunnyside Farmstay - Denkanikottai,Unassigned,https://www.stayvista.com/villa/sunnyside-farmstay-denkanikottai,2026-10-02,,PMS Only,"Present in PMS Base Dump, not found in SU"
pay_TejR0wRhpr1fgR,1290676,PMS Guest,Others,Not in SU,confirmed,,4817,Bael Leaf,Unassigned,https://www.stayvista.com/villa/bael-leaf,2026-10-02,,PMS Only,"Present in PMS Base Dump, not found in SU"
temp_6a9ff6848712f,1290678,PMS Guest,Others,Not in SU,confirmed,,2362,The Charcoal Villa,Shital,https://www.stayvista.com/villa/the-charcoal-villa,2026-10-02,,PMS Only,"Present in PMS Base Dump, not found in SU"
30581285679,1290713,PMS Guest,Others,Not in SU,confirmed,,5648,Property #5648,Unassigned,not available,2026-10-02,,PMS Only,"Present in PMS Base Dump, not found in SU"
pay_TZZuQhzcAD5Qi4,1290732,PMS Guest,Others,Not in SU,confirmed,,4393,tatvam,Unassigned,https://www.stayvista.com/villa/tatvam,2026-10-02,,PMS Only,"Present in PMS Base Dump, not found in SU"
pay_TZeCJWNqcMkR57,1290764,PMS Guest,Others,Not in SU,confirmed,,5478,Casa Riva - 3BR,Unassigned,https://www.stayvista.com/villa/casa-riva,2026-10-02,,PMS Only,"Present in PMS Base Dump, not found in SU"
pay_TZemRBkIaVvvfW,1290766,PMS Guest,Others,Not in SU,cancelled,,308,Tall Silver,Lakshmi,https://www.stayvista.com/villa/tall-silver,2026-10-02,,PMS Only,"Present in PMS Base Dump, not found in SU"
pay_TZojWiQNPa9kGh,1290789,PMS Guest,Others,Not in SU,confirmed,,1621,EL Cottage,Shital,https://www.stayvista.com/villa/el-cottage-3-bhk-villa-in-lonavala-with-private-pool-and-spacious-rooms,2026-10-02,,PMS Only,"Present in PMS Base Dump, not found in SU"
625212000000,1290816,PMS Guest,Others,Not in SU,confirmed,,1198,The Banyan Abode,Heena,https://www.stayvista.com/villa/the-banyan-abode,2026-10-02,,PMS Only,"Present in PMS Base Dump, not found in SU"
30585204068,1290819,PMS Guest,Others,Not in SU,confirmed,,3475,La Belleza,Unassigned,https://www.stayvista.com/villa/la-belleza-6-bhk-villa-in-lonavala-with-private-pool-and-spacious-rooms,2026-10-02,,PMS Only,"Present in PMS Base Dump, not found in SU"
pay_TZyqXtTkf9yWg0,1290934,PMS Guest,Others,Not in SU,cancelled,,3232,Property #3232,Unassigned,not available,2026-10-02,,PMS Only,"Present in PMS Base Dump, not found in SU"
pay_Ta0vNKs5wFX6op,1290958,PMS Guest,Others,Not in SU,confirmed,,536,EL Lodge,Heena,https://www.stayvista.com/villa/el-lodge-3-bhk-villa-in-lonavala-with-private-pool-and-spacious-rooms,2026-10-02,,PMS Only,"Present in PMS Base Dump, not found in SU"
pay_TaF6hQQKrMw2fZ,1291032,PMS Guest,Others,Not in SU,confirmed,,218,Verde Villa,Lakshmi,https://www.stayvista.com/villa/verde-villa-4-bhk-villa-in-lonavala-with-private-pool-and-spacious-rooms,2026-10-02,,PMS Only,"Present in PMS Base Dump, not found in SU"
30613263269,1291073,PMS Guest,Others,Not in SU,tentative,,5283,Property #5283,Unassigned,not available,2026-10-02,,PMS Only,"Present in PMS Base Dump, not found in SU"
pay_TaI1lfiaqama4k,1291075,PMS Guest,Others,Not in SU,confirmed,,3839,Amber & Mist,Unassigned,https://www.stayvista.com/villa/amber-and-mist-5-bhk-villa-in-nashik-with-private-pool-and-spacious-rooms,2026-10-02,,PMS Only,"Present in PMS Base Dump, not found in SU"
30615131788,1291080,PMS Guest,Others,Not in SU,confirmed,,4580,Amalfi,Unassigned,https://www.stayvista.com/villa/amalfi,2026-10-02,,PMS Only,"Present in PMS Base Dump, not found in SU"
pay_TaK7RDHmwEXTcq,1291103,PMS Guest,Others,Not in SU,confirmed,,3380,Two Villa,Unassigned,https://www.stayvista.com/villa/two-villa-3-bhk-villa-in-karjat-with-private-pool-and-spacious-rooms,2026-10-02,,PMS Only,"Present in PMS Base Dump, not found in SU"
pay_TaLXGDZuD7carm,1291141,PMS Guest,Others,Not in SU,confirmed,,5063,Aangan Tales - 3BR,Unassigned,https://www.stayvista.com/villa/aangan-tales,2026-10-02,,PMS Only,"Present in PMS Base Dump, not found in SU"
pay_TaOnzO3zRnob56,1291191,PMS Guest,Others,Not in SU,confirmed,,4920,Waves by the Beach,Unassigned,https://www.stayvista.com/villa/waves-by-the-beach,2026-10-02,,PMS Only,"Present in PMS Base Dump, not found in SU"
pay_TaQF4q7DZq9h4n,1291205,PMS Guest,Others,Not in SU,confirmed,,5556,Property #5556,Unassigned,not available,2026-10-02,,PMS Only,"Present in PMS Base Dump, not found in SU"
pay_TacAd1pwgWPLjx,1291275,PMS Guest,Others,Not in SU,confirmed,,5382,Bricks and Tides,Unassigned,https://www.stayvista.com/villa/bricks-and-tides,2026-10-02,,PMS Only,"Present in PMS Base Dump, not found in SU"
pay_Tactm3XrmPiO1Q,1291294,PMS Guest,Others,Not in SU,confirmed,,3315,Sun n Sky,Unassigned,https://www.stayvista.com/villa/sun-n-sky-4-bhk-villa-in-alibaug-with-private-pool-and-spacious-rooms,2026-10-02,,PMS Only,"Present in PMS Base Dump, not found in SU"
pay_Tadbt2JfBEsXy5,1291309,PMS Guest,Others,Not in SU,confirmed,,5559,Solmira Haven - 4BR,Unassigned,https://www.stayvista.com/villa/solmira-haven,2026-10-02,,PMS Only,"Present in PMS Base Dump, not found in SU"
IOBAN26253068091,1291319,PMS Guest,Others,Not in SU,confirmed,,5433,Cottage Rivera,Sharon,https://www.stayvista.com/villa/cottage-rivera,2026-10-02,,PMS Only,"Present in PMS Base Dump, not found in SU"
pay_TafjrgVLOiz2sl,1291365,PMS Guest,Others,Not in SU,confirmed,,5105,Rooted by Frangipani - 8BR,Unassigned,https://www.stayvista.com/villa/rooted-by-frangipani,2026-10-02,,PMS Only,"Present in PMS Base Dump, not found in SU"
pay_TagYy9o17X6THf,1291377,PMS Guest,Others,Not in SU,cancelled,,5363,Property #5363,Unassigned,not available,2026-10-02,,PMS Only,"Present in PMS Base Dump, not found in SU"
30634122735,1291390,PMS Guest,Others,Not in SU,tentative,,4715,Villa Alora,Unassigned,https://www.stayvista.com/villa/villa-alora,2026-10-02,,PMS Only,"Present in PMS Base Dump, not found in SU"
pay_TUhBalPAGzI7Rf,1291417,PMS Guest,Others,Not in SU,cancelled,,2017,Coffee & Mist,Unassigned,https://www.stayvista.com/villa/coffee-and-mist-5-bhk-villa-in-coorg-with-private-pool-and-spacious-rooms,2026-10-02,,PMS Only,"Present in PMS Base Dump, not found in SU"
pay_TanR6LdRam3oKO,1291520,PMS Guest,Others,Not in SU,confirmed,,3729,Wellnest Natural Farms - Ecostay Retreat near Tirupati,Unassigned,https://www.stayvista.com/villa/wellnest-natural-farms,2026-10-02,,PMS Only,"Present in PMS Base Dump, not found in SU"
pay_Tb1LfmkY5i7Kwi,1291620,PMS Guest,Others,Not in SU,cancelled,,4908,Villa Lemonade,Jakee,https://www.stayvista.com/villa/villa-lemonade,2026-10-02,,PMS Only,"Present in PMS Base Dump, not found in SU"
pay_Tb25sjAu3VzsbX,1291631,PMS Guest,Others,Not in SU,confirmed,,5615,Property #5615,Unassigned,not available,2026-10-02,,PMS Only,"Present in PMS Base Dump, not found in SU"
30649143673,1291648,PMS Guest,Others,Not in SU,confirmed,,2423,Le Sutra Great Escapes - Udaan,Tej,https://www.stayvista.com/villa/le-sutra-great-escapes-udaan-4-bhk-villa-in-lonavala-with-spacious-rooms,2026-10-02,,PMS Only,"Present in PMS Base Dump, not found in SU"
pay_Tb4mzl2aRTrIYT,1291698,PMS Guest,Others,Not in SU,confirmed,,3647,Reflection by the Woods,Keshav,https://www.stayvista.com/villa/reflection-by-the-woods-4-bhk-villa-in-coorg-with-private-pool-and-spacious-rooms,2026-10-02,,PMS Only,"Present in PMS Base Dump, not found in SU"
pay_Tb5WA1BAsMvaJD,1291711,PMS Guest,Others,Not in SU,confirmed,,4728,Belas Palmeiras,Unassigned,https://www.stayvista.com/villa/belas-palmeiras,2026-10-02,,PMS Only,"Present in PMS Base Dump, not found in SU"
pay_Tb6TEHVFGZsNKn,1291736,PMS Guest,Others,Not in SU,confirmed,,5138,Property #5138,Unassigned,not available,2026-10-02,,PMS Only,"Present in PMS Base Dump, not found in SU"
pay_TbNHxeYTWWXYRR,1291842,PMS Guest,Others,Not in SU,cancelled,,5395,White Owl,Giftson,https://www.stayvista.com/villa/white-owl,2026-10-02,,PMS Only,"Present in PMS Base Dump, not found in SU"
pay_TbNKofpMT2CrPP,1291843,PMS Guest,Others,Not in SU,confirmed,,3137,The Courtyard,Keshav,https://www.stayvista.com/villa/the-courtyard-3-bhk-villa-in-alibaug-with-private-pool-and-spacious-rooms,2026-10-02,,PMS Only,"Present in PMS Base Dump, not found in SU"
pay_TbRfqe4mhPzTMU,1291886,PMS Guest,Others,Not in SU,confirmed,,133,Vista Grande Luxury Villa,Tejal,https://www.stayvista.com/villa/grande-montana,2026-10-02,,PMS Only,"Present in PMS Base Dump, not found in SU"
pay_TbStKNuHg4mvWc,1291900,PMS Guest,Others,Not in SU,confirmed,,4393,tatvam,Unassigned,https://www.stayvista.com/villa/tatvam,2026-10-02,,PMS Only,"Present in PMS Base Dump, not found in SU"
pay_TbTb72OW9wj0Sw,1291909,PMS Guest,Others,Not in SU,cancelled,,3074,Backwater Hills,Navita,https://www.stayvista.com/villa/backwater-hills-4-bhk-villa-in-karjat-with-private-pool-and-spacious-rooms,2026-10-02,,PMS Only,"Present in PMS Base Dump, not found in SU"
30315410600,1291912,PMS Guest,Others,Not in SU,confirmed,,5282,Azalea,Unassigned,https://www.stayvista.com/villa/azalea,2026-10-02,,PMS Only,"Present in PMS Base Dump, not found in SU"
pay_TbViHiwITeHgod,1291932,PMS Guest,Others,Not in SU,confirmed,,4996,The Arks Villa w/ Private Infinity Pool,Unassigned,https://www.stayvista.com/villa/the-arks-villa,2026-10-02,,PMS Only,"Present in PMS Base Dump, not found in SU"
30673566936,1291935,PMS Guest,Others,Not in SU,confirmed,,5509,Property #5509,Unassigned,not available,2026-10-02,,PMS Only,"Present in PMS Base Dump, not found in SU"
pay_TbWeC6Wj4PnA81,1291945,PMS Guest,Others,Not in SU,confirmed,,2017,Coffee & Mist,Unassigned,https://www.stayvista.com/villa/coffee-and-mist-5-bhk-villa-in-coorg-with-private-pool-and-spacious-rooms,2026-10-02,,PMS Only,"Present in PMS Base Dump, not found in SU"
pay_TbX1ix7OdaFn6h,1291951,PMS Guest,Others,Not in SU,confirmed,,2709,Villa Sereno,Unassigned,https://www.stayvista.com/villa/villa-sereno-5-bhk-villa-in-alibaug-with-private-pool-and-spacious-rooms,2026-10-02,,PMS Only,"Present in PMS Base Dump, not found in SU"
pay_TbZOgRhuWnOn3A,1291981,PMS Guest,Others,Not in SU,cancelled,,462,Casa Del Verde,Lakshmi,https://www.stayvista.com/villa/casa-del-verde-4-bhk-villa-in-nashik-with-private-pool-and-spacious-rooms,2026-10-02,,PMS Only,"Present in PMS Base Dump, not found in SU"
pay_TbZNtFNsGbVh2V,1291982,PMS Guest,Others,Not in SU,confirmed,,2466,Amoda Villa,Unassigned,https://www.stayvista.com/villa/amoda-villa,2026-10-02,,PMS Only,"Present in PMS Base Dump, not found in SU"
pay_TbaxUyX0nUWf69,1291995,PMS Guest,Others,Not in SU,confirmed,,5348,Property #5348,Unassigned,not available,2026-10-02,,PMS Only,"Present in PMS Base Dump, not found in SU"
pay_TboYu4ZrhhlVvU,1292045,PMS Guest,Others,Not in SU,confirmed,,1739,Casa Enchante,Shital,https://www.stayvista.com/villa/casa-enchante-4-bhk-villa-in-lonavala-with-private-pool-and-spacious-rooms,2026-10-02,,PMS Only,"Present in PMS Base Dump, not found in SU"
pay_TbppiTjwk9gBp7,1292055,PMS Guest,Others,Not in SU,confirmed,,2042,Lake Arches,Unassigned,https://www.stayvista.com/villa/lake-arches-igatpuri-4-bhk-villa-in-nashik-with-private-pool-and-spacious-rooms,2026-10-02,,PMS Only,"Present in PMS Base Dump, not found in SU"
pay_TbqlO54wrsPavK,1292062,PMS Guest,Others,Not in SU,confirmed,,2087,Tarika's Seascapes,Unassigned,https://www.stayvista.com/villa/tarikas-seascapes-dabolim-3-bhk-villa-in-goa-with-private-pool-and-spacious-rooms,2026-10-02,,PMS Only,"Present in PMS Base Dump, not found in SU"
pay_Tbsl8auJXkfTtP,1292083,PMS Guest,Others,Not in SU,confirmed,,5514,Bean & Brick Villa,Unassigned,https://www.stayvista.com/villa/bean-brick-villa,2026-10-02,,PMS Only,"Present in PMS Base Dump, not found in SU"
pay_Tbte6VyMmzz0ep,1292096,PMS Guest,Others,Not in SU,confirmed,,4099,Chitrakoot,Unassigned,https://www.stayvista.com/villa/chitrakoot-5-bhk-villa-in-lonavala-with-private-pool-and-spacious-rooms,2026-10-02,,PMS Only,"Present in PMS Base Dump, not found in SU"
pay_TbteIFV5ULruWP,1292098,PMS Guest,Others,Not in SU,confirmed,,5700,Property #5700,Unassigned,not available,2026-10-02,,PMS Only,"Present in PMS Base Dump, not found in SU"
pay_TbufIvPUtu4ms9,1292108,PMS Guest,Others,Not in SU,confirmed,,4632,Echoes of Ease,Unassigned,https://www.stayvista.com/villa/echoes-of-ease,2026-10-02,,PMS Only,"Present in PMS Base Dump, not found in SU"
pay_TbzKgDTnr4NZ0b,1292155,PMS Guest,Others,Not in SU,tentative,,2744,Gulmohar Gardens,Shital,https://www.stayvista.com/villa/gulmohar-gardens-6-bhk-villa-in-lonavala-with-private-pool-and-spacious-rooms,2026-10-02,,PMS Only,"Present in PMS Base Dump, not found in SU"
pay_TcEGX6Tt2Efqz9,1292217,PMS Guest,Others,Not in SU,confirmed,,2834,Jungle Retreat - Kot Baliyan,Unassigned,https://www.stayvista.com/villa/jungle-retreat,2026-10-02,,PMS Only,"Present in PMS Base Dump, not found in SU"
pay_TcG3puQPerbeE7,1292239,PMS Guest,Others,Not in SU,confirmed,,5352,Amelia,Sharon,https://www.stayvista.com/villa/amelia,2026-10-02,,PMS Only,"Present in PMS Base Dump, not found in SU"
pay_TcJjVMu2QfpMXu,1292242,PMS Guest,Others,Not in SU,confirmed,,5503,Forest Pearl - 7BR,Unassigned,https://www.stayvista.com/villa/forest-pearl,2026-10-02,,PMS Only,"Present in PMS Base Dump, not found in SU"
30707417323,1292253,PMS Guest,Others,Not in SU,confirmed,,5093,Morbaugh Palace,Unassigned,https://www.stayvista.com/villa/morbaugh-palace,2026-10-02,,PMS Only,"Present in PMS Base Dump, not found in SU"
SVBI/156390,1292266,PMS Guest,Others,Not in SU,confirmed,,4781,Silver Leaf,Unassigned,https://www.stayvista.com/villa/silver-leaf,2026-10-02,,PMS Only,"Present in PMS Base Dump, not found in SU"
pay_TcIPUjC2OBLzLj,1292272,PMS Guest,Others,Not in SU,cancelled,,3990,Solaris,Unassigned,https://www.stayvista.com/villa/solaris-5-bhk-villa-in-alibaug-with-private-pool-and-spacious-rooms,2026-10-02,,PMS Only,"Present in PMS Base Dump, not found in SU"
nan,1292291,PMS Guest,Others,Not in SU,tentative,,5285,Property #5285,Unassigned,not available,2026-10-02,,PMS Only,"Present in PMS Base Dump, not found in SU"
30709170064,1292294,PMS Guest,Others,Not in SU,confirmed,,2674,Sierra Skies,Unassigned,https://www.stayvista.com/villa/sierra-skies-5-bhk-villa-in-lonavala-with-spacious-rooms,2026-10-02,,PMS Only,"Present in PMS Base Dump, not found in SU"
pay_TcKIwKKu0Z8Uqi,1292303,PMS Guest,Others,Not in SU,cancelled,,4869,Property #4869,Unassigned,not available,2026-10-02,,PMS Only,"Present in PMS Base Dump, not found in SU"
pay_TcOfIib6RK5oUd,1292343,PMS Guest,Others,Not in SU,confirmed,,1684,Horizon,Anchal,https://www.stayvista.com/villa/horizon,2026-10-02,,PMS Only,"Present in PMS Base Dump, not found in SU"
pay_TcbTBKhdWcKdYX,1292398,PMS Guest,Others,Not in SU,confirmed,,4237,The Chirping Villa,Unassigned,https://www.stayvista.com/villa/the-chirping-villa,2026-10-02,,PMS Only,"Present in PMS Base Dump, not found in SU"
pay_TccIhYqpC7SosV,1292406,PMS Guest,Others,Not in SU,confirmed,,308,Tall Silver,Lakshmi,https://www.stayvista.com/villa/tall-silver,2026-10-02,,PMS Only,"Present in PMS Base Dump, not found in SU"
CANAS15082026,1292407,PMS Guest,Others,Not in SU,confirmed,,4172,Serai Sukoon,Unassigned,https://www.stayvista.com/villa/serai-sukoon,2026-10-02,,PMS Only,"Present in PMS Base Dump, not found in SU"
BARBR52026091600892740,1292437,PMS Guest,Others,Not in SU,confirmed,,4270,Villa Wine,Shital,https://www.stayvista.com/villa/villawine,2026-10-02,,PMS Only,"Present in PMS Base Dump, not found in SU"
pay_Tce54DtWm4jhkD,1292446,PMS Guest,Others,Not in SU,confirmed,,5168,Jungle Jade,Unassigned,https://www.stayvista.com/villa/jungle-jade,2026-10-02,,PMS Only,"Present in PMS Base Dump, not found in SU"
30733861237,1292511,PMS Guest,Others,Not in SU,confirmed,,4989,Ivory Palms - 3BR,Unassigned,https://www.stayvista.com/villa/ivory-palms,2026-10-02,,PMS Only,"Present in PMS Base Dump, not found in SU"
pay_TciDPZFVl5GoeW,1292522,PMS Guest,Others,Not in SU,confirmed,,5306,Property #5306,Unassigned,not available,2026-10-02,,PMS Only,"Present in PMS Base Dump, not found in SU"
pay_TQ82QS6zdcbAU8,1292536,PMS Guest,Others,Not in SU,cancelled,,5929,Property #5929,Unassigned,not available,2026-10-02,,PMS Only,"Present in PMS Base Dump, not found in SU"
pay_TcyCJbyh7mPpqG,1292612,PMS Guest,Others,Not in SU,confirmed,,4458,Windy Ridge,Pratiksha,https://www.stayvista.com/villa/windy-ridge,2026-10-02,,PMS Only,"Present in PMS Base Dump, not found in SU"
IN42625950466391,1292621,PMS Guest,Others,Not in SU,confirmed,,4406,Bourbon Sky,Unassigned,https://www.stayvista.com/villa/bourbon-sky,2026-10-02,,PMS Only,"Present in PMS Base Dump, not found in SU"
30745820078,1292632,PMS Guest,Others,Not in SU,confirmed,,3232,Property #3232,Unassigned,not available,2026-10-02,,PMS Only,"Present in PMS Base Dump, not found in SU"
pay_Td14kN4etJESyo,1292655,PMS Guest,Others,Not in SU,confirmed,,3505,Lotus Lumiere,Unassigned,https://www.stayvista.com/villa/lotus-lumiere-indoor-jacuzzi-3-bhk-villa-in-coorg-with-spacious-rooms,2026-10-02,,PMS Only,"Present in PMS Base Dump, not found in SU"
pay_Td3CwAULMQL7an,1292687,PMS Guest,Others,Not in SU,confirmed,,5658,Property #5658,Unassigned,not available,2026-10-02,,PMS Only,"Present in PMS Base Dump, not found in SU"
pay_Td3e9R5HwMIM3z,1292699,PMS Guest,Others,Not in SU,confirmed,,4935,Amara Palms,Sharon,https://www.stayvista.com/villa/amara-palms,2026-10-02,,PMS Only,"Present in PMS Base Dump, not found in SU"
pay_Td5edNZx11MDbX,1292739,PMS Guest,Others,Not in SU,confirmed,,2883,Sapphire Sands,Unassigned,https://www.stayvista.com/villa/sapphire-sands-siolim-7-bhk-villa-in-goa-with-private-pool-and-spacious-rooms,2026-10-02,,PMS Only,"Present in PMS Base Dump, not found in SU"
pay_Td70Ety30HObLv,1292764,PMS Guest,Others,Not in SU,confirmed,,5290,Crimson Bleu,Unassigned,https://www.stayvista.com/villa/crimson-bleu,2026-10-02,,PMS Only,"Present in PMS Base Dump, not found in SU"
nan,1292769,PMS Guest,Others,Not in SU,cancelled,,2117,Property #2117,Unassigned,not available,2026-10-02,,PMS Only,"Present in PMS Base Dump, not found in SU"
pay_Td7MTCynHxTKBs,1292776,PMS Guest,Others,Not in SU,confirmed,,4238,Property #4238,Unassigned,not available,2026-10-02,,PMS Only,"Present in PMS Base Dump, not found in SU"
pay_Td97tjai2yuYSc,1292795,PMS Guest,Others,Not in SU,confirmed,,5670,Property #5670,Unassigned,not available,2026-10-02,,PMS Only,"Present in PMS Base Dump, not found in SU"
pay_TdMO5RZNpLXVUL,1292851,PMS Guest,Others,Not in SU,confirmed,,5739,Property #5739,Unassigned,not available,2026-10-02,,PMS Only,"Present in PMS Base Dump, not found in SU"
29982485844,1292886,PMS Guest,Others,Not in SU,confirmed,,3823,Property #3823,Unassigned,not available,2026-10-02,,PMS Only,"Present in PMS Base Dump, not found in SU"
pay_TdQ51f1PK8T75k,1292917,PMS Guest,Others,Not in SU,confirmed,,3762,La Rive,Unassigned,https://www.stayvista.com/villa/la-rive-5-bhk-villa-in-lonavala-with-private-pool-and-spacious-rooms,2026-10-02,,PMS Only,"Present in PMS Base Dump, not found in SU"
30773922549,1292956,PMS Guest,Others,Not in SU,confirmed,,5146,The River Story - Raison,Unassigned,https://www.stayvista.com/villa/the-river-story,2026-10-02,,PMS Only,"Present in PMS Base Dump, not found in SU"
30773275789,1292966,PMS Guest,Others,Not in SU,confirmed,,5175,the ray,Ajay,https://www.stayvista.com/villa/the-ray,2026-10-02,,PMS Only,"Present in PMS Base Dump, not found in SU"
30778146135,1293105,PMS Guest,Others,Not in SU,confirmed,,3296,The Estate - Luxury Living,Unassigned,https://www.stayvista.com/villa/the-estate-luxury-living-kusur-3-bhk-villa-in-lonavala-with-private-pool-and-spacious-rooms,2026-10-02,,PMS Only,"Present in PMS Base Dump, not found in SU"
pay_TdWjqML1tj0YF2,1293166,PMS Guest,Others,Not in SU,confirmed,,2712,The Glasscape,Unassigned,https://www.stayvista.com/villa/the-glasscape-2-bhk-villa-in-nashik-with-private-pool-and-spacious-rooms,2026-10-02,,PMS Only,"Present in PMS Base Dump, not found in SU"
30776232079,1293168,PMS Guest,Others,Not in SU,confirmed,,5592,Property #5592,Unassigned,not available,2026-10-02,,PMS Only,"Present in PMS Base Dump, not found in SU"
pay_TdazK5aC0FBEXR,1293230,PMS Guest,Others,Not in SU,confirmed,,1577,Chitrita bhavan,Lakshmi,https://www.stayvista.com/villa/chitrita-bhavan,2026-10-02,,PMS Only,"Present in PMS Base Dump, not found in SU"
CAN1272151,1293242,PMS Guest,Others,Not in SU,confirmed,,3169,Tree House @ Shrimant Wada Royal Stay,Unassigned,https://www.stayvista.com/villa/tree-house-at-shrimant-wada-royal-stay,2026-10-02,,PMS Only,"Present in PMS Base Dump, not found in SU"
pay_TdjMDFx9ZtHXi8,1293252,PMS Guest,Others,Not in SU,confirmed,,5255,Aradhya Villa,Unassigned,https://www.stayvista.com/villa/aradhya-villa,2026-10-02,,PMS Only,"Present in PMS Base Dump, not found in SU"
pay_Tdne5ZObwJtOJW,1293305,PMS Guest,Others,Not in SU,confirmed,,4205,Property #4205,Unassigned,not available,2026-10-02,,PMS Only,"Present in PMS Base Dump, not found in SU"
30793468370,1293308,PMS Guest,Others,Not in SU,tentative,,4271,Blisswood Cottage,Unassigned,https://www.stayvista.com/villa/blisswood-cottage,2026-10-02,,PMS Only,"Present in PMS Base Dump, not found in SU"
pay_TdoPjzWIsYx8li,1293314,PMS Guest,Others,Not in SU,confirmed,,5634,Property #5634,Unassigned,not available,2026-10-02,,PMS Only,"Present in PMS Base Dump, not found in SU"
pay_TdoYtfP02MAktj,1293318,PMS Guest,Others,Not in SU,confirmed,,5762,Property #5762,Unassigned,not available,2026-10-02,,PMS Only,"Present in PMS Base Dump, not found in SU"
nan,1293322,PMS Guest,Others,Not in SU,cancelled,,5052,Prana Zen House,Unassigned,https://www.stayvista.com/villa/prana-zen-house,2026-10-02,,PMS Only,"Present in PMS Base Dump, not found in SU"
30795054595,1293347,PMS Guest,Others,Not in SU,tentative,,4227,Casa Del Lusso,Tanvi,https://www.stayvista.com/villa/casa-del-lusso,2026-10-02,,PMS Only,"Present in PMS Base Dump, not found in SU"
pay_Tdq9TlzPdO0d5k,1293351,PMS Guest,Others,Not in SU,confirmed,,1558,Paris Villa W/ Outdoor Pool,Unassigned,https://www.stayvista.com/villa/paris-villa,2026-10-02,,PMS Only,"Present in PMS Base Dump, not found in SU"
30796159093,1293373,PMS Guest,Others,Not in SU,confirmed,,3066,Alpine Bliss,Unassigned,https://www.stayvista.com/villa/alpine-bliss,2026-10-02,,PMS Only,"Present in PMS Base Dump, not found in SU"
pay_TdrdYDEjpwAmCW,1293380,PMS Guest,Others,Not in SU,confirmed,,3074,Backwater Hills,Navita,https://www.stayvista.com/villa/backwater-hills-4-bhk-villa-in-karjat-with-private-pool-and-spacious-rooms,2026-10-02,,PMS Only,"Present in PMS Base Dump, not found in SU"
pay_TdsY3gsGET1bJR,1293394,PMS Guest,Others,Not in SU,confirmed,,4808,The Poetry House,Unassigned,https://www.stayvista.com/villa/the-poetry-house,2026-10-02,,PMS Only,"Present in PMS Base Dump, not found in SU"
30795917890,1293397,PMS Guest,Others,Not in SU,confirmed,,1606,Boho Banyan,Unassigned,https://www.stayvista.com/villa/boho-banyan-3-bhk-villa-in-alibaug-with-private-pool-and-spacious-rooms,2026-10-02,,PMS Only,"Present in PMS Base Dump, not found in SU"
SVBI/156397,1293405,PMS Guest,Others,Not in SU,confirmed,,2485,Mahendra Yadav 4bhk,Janvi,https://www.stayvista.com/villa/bel-air-mansion-talegaon-4-bhk-villa-in-lonavala-with-private-pool-and-spacious-rooms,2026-10-02,,PMS Only,"Present in PMS Base Dump, not found in SU"
pay_Tb1LfmkY5i7Kwi,1293416,PMS Guest,Others,Not in SU,confirmed,,2630,Villa Capri,Unassigned,https://www.stayvista.com/villa/villa-capri-5-bhk-villa-in-alibaug-with-private-pool-and-spacious-rooms,2026-10-02,,PMS Only,"Present in PMS Base Dump, not found in SU"
pay_TduKJALyYuTrna,1293418,PMS Guest,Others,Not in SU,confirmed,,2467,Mountain Rain,Navita,https://www.stayvista.com/villa/mountain-rain,2026-10-02,,PMS Only,"Present in PMS Base Dump, not found in SU"
pay_TduOHtfAU8zDLX,1293421,PMS Guest,Others,Not in SU,confirmed,,2949,Ava - The Country House,Unassigned,https://www.stayvista.com/villa/ava-the-country-house,2026-10-02,,PMS Only,"Present in PMS Base Dump, not found in SU"
pay_Tdv0oyaPAUqWUT,1293431,PMS Guest,Others,Not in SU,confirmed,,2169,Stars & Boulevards,Unassigned,https://www.stayvista.com/villa/stars-boulevards,2026-10-02,,PMS Only,"Present in PMS Base Dump, not found in SU"
pay_TdwOmP5k8oGklt,1293450,PMS Guest,Others,Not in SU,confirmed,,4873,The Nest - Salvador Do Mundo,Unassigned,https://www.stayvista.com/villa/the-nest-salvador-do-mundo,2026-10-02,,PMS Only,"Present in PMS Base Dump, not found in SU"
pay_TdxBdIFZW2nuEp,1293464,PMS Guest,Others,Not in SU,confirmed,,2409,Sunshine Brooks,Unassigned,https://www.stayvista.com/villa/sunshine-brooks,2026-10-02,,PMS Only,"Present in PMS Base Dump, not found in SU"
pay_TdzGVuZGqj2vhD,1293510,PMS Guest,Others,Not in SU,confirmed,,5038,Villa Springfield,Unassigned,https://www.stayvista.com/villa/villa-springfield,2026-10-02,,PMS Only,"Present in PMS Base Dump, not found in SU"
pay_TeAFcIKSE3212D,1293522,PMS Guest,Others,Not in SU,confirmed,,4440,Property #4440,Unassigned,not available,2026-10-02,,PMS Only,"Present in PMS Base Dump, not found in SU"
30802485544,1293543,PMS Guest,Others,Not in SU,confirmed,,4153,Laguna Escape,Unassigned,https://www.stayvista.com/villa/laguna-escape,2026-10-02,,PMS Only,"Present in PMS Base Dump, not found in SU"
30816753927,1293554,PMS Guest,Others,Not in SU,confirmed,,3971,Everdale,Unassigned,https://www.stayvista.com/villa/everdale,2026-10-02,,PMS Only,"Present in PMS Base Dump, not found in SU"
2968333005,1293562,PMS Guest,Others,Not in SU,confirmed,,5144,Saya Infinity,Giftson,https://www.stayvista.com/villa/saya-infinity,2026-10-02,,PMS Only,"Present in PMS Base Dump, not found in SU"
pay_TeDssSosaDCL8R,1293582,PMS Guest,Others,Not in SU,confirmed,,187,Gram’s at Pawna - Private Rooms,Priya,https://www.stayvista.com/villa/grams-at-shivom-pawna,2026-10-02,,PMS Only,"Present in PMS Base Dump, not found in SU"
pay_TeECYkupWcF8ws,1293586,PMS Guest,Others,Not in SU,confirmed,,3781,The Rainfield Villa,Unassigned,https://www.stayvista.com/villa/the-rainfield-villa-3-bhk-villa-in-nashik-with-private-pool-and-spacious-rooms,2026-10-02,,PMS Only,"Present in PMS Base Dump, not found in SU"
pay_TeFKfOun7Z0yOF,1293599,PMS Guest,Others,Not in SU,confirmed,,4290,Eden Springs,Unassigned,https://www.stayvista.com/villa/eden-springs,2026-10-02,,PMS Only,"Present in PMS Base Dump, not found in SU"
pay_TeFT9HKwdDwuZR,1293602,PMS Guest,Others,Not in SU,confirmed,,4322,The Solitaire Home (Horizon),Unassigned,https://www.stayvista.com/villa/the-solitaire-home,2026-10-02,,PMS Only,"Present in PMS Base Dump, not found in SU"
pay_TeGr5IuvUUSFQt,1293621,PMS Guest,Others,Not in SU,confirmed,,3636,Rio Vista,Unassigned,https://www.stayvista.com/villa/rio-vista-5-bhk-villa-in-karjat-with-private-pool-and-spacious-rooms,2026-10-02,,PMS Only,"Present in PMS Base Dump, not found in SU"
pay_TeHIleSX1W9uSq,1293626,PMS Guest,Others,Not in SU,confirmed,,1053,Spirits Unplugged - 4BR,Unassigned,https://www.stayvista.com/villa/spirits-unplugged-karyali,2026-10-02,,PMS Only,"Present in PMS Base Dump, not found in SU"
30815641980,1293627,PMS Guest,Others,Not in SU,confirmed,,5356,Mana - 5BR,Unassigned,https://www.stayvista.com/villa/mana,2026-10-02,,PMS Only,"Present in PMS Base Dump, not found in SU"
SVS1299325942164,1293638,PMS Guest,Others,Not in SU,confirmed,,5371,Stories by the River - 4BR,Unassigned,https://www.stayvista.com/villa/stories-by-the-river,2026-10-02,,PMS Only,"Present in PMS Base Dump, not found in SU"
pay_TeL27MQbsuOjZk,1293668,PMS Guest,Others,Not in SU,confirmed,,5048,Emerald Haven,Unassigned,https://www.stayvista.com/villa/emerald-haven,2026-10-02,,PMS Only,"Present in PMS Base Dump, not found in SU"
pay_TeL8fPPszLib33,1293671,PMS Guest,Others,Not in SU,confirmed,,1574,Hillside Cove,Shital,https://www.stayvista.com/villa/hillside-cove-4-bhk-villa-in-lonavala-with-private-pool-and-spacious-rooms,2026-10-02,,PMS Only,"Present in PMS Base Dump, not found in SU"
pay_TeLmjd6WEJCsAx,1293676,PMS Guest,Others,Not in SU,confirmed,,4845,Property #4845,Unassigned,not available,2026-10-02,,PMS Only,"Present in PMS Base Dump, not found in SU"
pay_TeMoC9QwArt9vH,1293686,PMS Guest,Others,Not in SU,confirmed,,5927,Property #5927,Unassigned,not available,2026-10-02,,PMS Only,"Present in PMS Base Dump, not found in SU"
pay_TeNH6UwnCja4cY,1293692,PMS Guest,Others,Not in SU,confirmed,,4438,Rivendell,Unassigned,https://www.stayvista.com/villa/rivendell,2026-10-02,,PMS Only,"Present in PMS Base Dump, not found in SU"
pay_TeXIlqR2VR9Qje,1293722,PMS Guest,Others,Not in SU,confirmed,,4729,Villa Mirador,Kajal,https://www.stayvista.com/villa/villa-mirador,2026-10-02,,PMS Only,"Present in PMS Base Dump, not found in SU"
pay_TeXqx66fa8tp1u,1293724,PMS Guest,Others,Not in SU,confirmed,,4117,Serene Garden,Tanvi,https://www.stayvista.com/villa/serene-garden,2026-10-02,,PMS Only,"Present in PMS Base Dump, not found in SU"
pay_TeYRBbn22DTkQU,1293728,PMS Guest,Others,Not in SU,confirmed,,242,Cascades Villa,Anchal,https://www.stayvista.com/villa/cascades-villa-3-bhk-villa-in-lonavala-with-private-pool-and-spacious-rooms,2026-10-02,,PMS Only,"Present in PMS Base Dump, not found in SU"
pay_Tea8BPuPSfA5l6,1293747,PMS Guest,Others,Not in SU,confirmed,,687,PleasantVille,Unassigned,https://www.stayvista.com/villa/pleasantville,2026-10-02,,PMS Only,"Present in PMS Base Dump, not found in SU"
pay_TebVLnbhEJCiCG,1293769,PMS Guest,Others,Not in SU,confirmed,,5363,Property #5363,Unassigned,not available,2026-10-02,,PMS Only,"Present in PMS Base Dump, not found in SU"
30830334945,1293793,PMS Guest,Others,Not in SU,confirmed,,3990,Solaris,Unassigned,https://www.stayvista.com/villa/solaris-5-bhk-villa-in-alibaug-with-private-pool-and-spacious-rooms,2026-10-02,,PMS Only,"Present in PMS Base Dump, not found in SU"
pay_TeeXhUpSzg2Ie1,1293829,PMS Guest,Others,Not in SU,confirmed,,5604,Property #5604,Unassigned,not available,2026-10-02,,PMS Only,"Present in PMS Base Dump, not found in SU"
pay_TegYe30goijns3,1293862,PMS Guest,Others,Not in SU,confirmed,,4412,Taranag The Nest,Kajal,https://www.stayvista.com/villa/tarang-the-nest,2026-10-02,,PMS Only,"Present in PMS Base Dump, not found in SU"
pay_Tegogw3CBkL8al,1293865,PMS Guest,Others,Not in SU,confirmed,,2170,Property #2170,Unassigned,not available,2026-10-02,,PMS Only,"Present in PMS Base Dump, not found in SU"
pay_TegvAPZrCiWHKG,1293868,PMS Guest,Others,Not in SU,confirmed,,3004,Golden Sunsets,Unassigned,https://www.stayvista.com/villa/golden-sunsets-4-bhk-villa-in-alibaug-with-private-pool-and-spacious-rooms,2026-10-02,,PMS Only,"Present in PMS Base Dump, not found in SU"
pay_TehJqbhfdtsUTm,1293875,PMS Guest,Others,Not in SU,confirmed,,3624,Serenity by the Ganges,Unassigned,https://www.stayvista.com/villa/serenity-by-the-ganges,2026-10-02,,PMS Only,"Present in PMS Base Dump, not found in SU"
30934652722,1293879,PMS Guest,Others,Not in SU,cancelled,,2837,Rivulet Waters,Unassigned,https://www.stayvista.com/villa/rivulet-waters,2026-10-02,,PMS Only,"Present in PMS Base Dump, not found in SU"
pay_Tej1DuZI32rkJy,1293911,PMS Guest,Others,Not in SU,confirmed,,5583,House of Dawn,Unassigned,https://www.stayvista.com/villa/house-of-dawn,2026-10-02,,PMS Only,"Present in PMS Base Dump, not found in SU"
30839322514,1293972,PMS Guest,Others,Not in SU,confirmed,,2201,Mawi Infinitty Villa,Atif,https://www.stayvista.com/villa/mawi-infinitty-villa-pawna-8-bhk-villa-in-lonavala-with-private-pool-and-spacious-rooms,2026-10-02,,PMS Only,"Present in PMS Base Dump, not found in SU"
pay_Tez16I6YFd6CKK,1294004,PMS Guest,Others,Not in SU,cancelled,,1559,Paashaan - Khopoli,Priya,https://www.stayvista.com/villa/paashaan-heated-pool-khopoli-all-meals-included-4-bhk-villa-in-lonavala-with-private-pool-and-spacious-rooms,2026-10-02,,PMS Only,"Present in PMS Base Dump, not found in SU"
pay_Tez6JJ2VHG0l3e,1294011,PMS Guest,Others,Not in SU,confirmed,,5333,Property #5333,Unassigned,not available,2026-10-02,,PMS Only,"Present in PMS Base Dump, not found in SU"
30834652711,1294017,PMS Guest,Others,Not in SU,tentative,,2837,Rivulet Waters,Unassigned,https://www.stayvista.com/villa/rivulet-waters,2026-10-02,,PMS Only,"Present in PMS Base Dump, not found in SU"
pay_TeziaoNBURzMGU,1294020,PMS Guest,Others,Not in SU,confirmed,,187,Gram’s at Pawna - Private Rooms,Priya,https://www.stayvista.com/villa/grams-at-shivom-pawna,2026-10-02,,PMS Only,"Present in PMS Base Dump, not found in SU"
pay_Tf02FiUppjonC3,1294027,PMS Guest,Others,Not in SU,confirmed,,5183,White Nook,Unassigned,https://www.stayvista.com/villa/white-nook,2026-10-02,,PMS Only,"Present in PMS Base Dump, not found in SU"
30849315814,1294043,PMS Guest,Others,Not in SU,confirmed,,4803,Whispers of Green,Unassigned,https://www.stayvista.com/villa/whispers-of-green,2026-10-02,,PMS Only,"Present in PMS Base Dump, not found in SU"
pay_Tf1lVVKCzHlUZh,1294052,PMS Guest,Others,Not in SU,confirmed,,223,Property #223,Unassigned,not available,2026-10-02,,PMS Only,"Present in PMS Base Dump, not found in SU"
pay_Tf2M6fwd7kWBN8,1294060,PMS Guest,Others,Not in SU,confirmed,,2528,Nature’s Odyssey,Unassigned,https://www.stayvista.com/villa/natures-odyssey-4-bhk-villa-in-karjat-with-private-pool-and-spacious-rooms,2026-10-02,,PMS Only,"Present in PMS Base Dump, not found in SU"
nan,1294061,PMS Guest,Others,Not in SU,confirmed,,5786,Property #5786,Unassigned,not available,2026-10-02,,PMS Only,"Present in PMS Base Dump, not found in SU"
4513,1294068,PMS Guest,Others,Not in SU,confirmed,,5501,The Earth Stone - 7BR,Unassigned,https://www.stayvista.com/villa/the-earth-stone,2026-10-02,,PMS Only,"Present in PMS Base Dump, not found in SU"
pay_Tf3btQprDleI5b,1294088,PMS Guest,Others,Not in SU,confirmed,,5195,La Beaumont,Sharon,https://www.stayvista.com/villa/la-beaumont,2026-10-02,,PMS Only,"Present in PMS Base Dump, not found in SU"
pay_Tf3d9BefrG0G2E,1294090,PMS Guest,Others,Not in SU,confirmed,,5136,Visthaan,Unassigned,https://www.stayvista.com/villa/visthaan,2026-10-02,,PMS Only,"Present in PMS Base Dump, not found in SU"
SVBI/156404,1294135,PMS Guest,Others,Not in SU,confirmed,,3571,The Amaryllis,Unassigned,https://www.stayvista.com/villa/the-amaryllis-5-bhk-villa-in-karjat-with-private-pool-and-spacious-rooms,2026-10-02,,PMS Only,"Present in PMS Base Dump, not found in SU"
30852994872,1294137,PMS Guest,Others,Not in SU,confirmed,,1787,Property #1787,Unassigned,not available,2026-10-02,,PMS Only,"Present in PMS Base Dump, not found in SU"
30853050049,1294150,PMS Guest,Others,Not in SU,confirmed,,4942,PS’ Infinity Hideout,Jakee,https://www.stayvista.com/villa/ps-infinity-hideout,2026-10-02,,PMS Only,"Present in PMS Base Dump, not found in SU"
30854492863,1294169,PMS Guest,Others,Not in SU,confirmed,,1778,Primrose @ Albert Estate - 4BR,Unassigned,https://www.stayvista.com/villa/primrose-at-albert-estate,2026-10-02,,PMS Only,"Present in PMS Base Dump, not found in SU"
pay_Tf6f5yMvnKtlrg,1294171,PMS Guest,Others,Not in SU,confirmed,,1875,The Blue Horizon,Unassigned,https://www.stayvista.com/villa/the-blue-horizon,2026-10-02,,PMS Only,"Present in PMS Base Dump, not found in SU"
pay_Tf6ghCepRJOwbh,1294172,PMS Guest,Others,Not in SU,confirmed,,5786,Property #5786,Unassigned,not available,2026-10-02,,PMS Only,"Present in PMS Base Dump, not found in SU"
nan,1294177,PMS Guest,Others,Not in SU,confirmed,,5876,Property #5876,Unassigned,not available,2026-10-02,,PMS Only,"Present in PMS Base Dump, not found in SU"
nan,1294197,PMS Guest,Others,Not in SU,tentative,,2064,Willowbrook Hill,Unassigned,https://www.stayvista.com/villa/willowbrook-hill,2026-10-02,,PMS Only,"Present in PMS Base Dump, not found in SU"
pay_Tf8hsccB9uygl2,1294202,PMS Guest,Others,Not in SU,confirmed,,5346,Property #5346,Unassigned,not available,2026-10-02,,PMS Only,"Present in PMS Base Dump, not found in SU"
NH73163518858876,1294213,PMS Guest,Gommt,Not in SU,cancelled,,5896,Property #5896,Unassigned,not available,2026-10-02,,PMS Only,"Present in PMS Base Dump, not found in SU"
pay_Tf9w0TcJ3T1zLX,1294221,PMS Guest,Others,Not in SU,confirmed,,5070,Tranquil Crest,Unassigned,https://www.stayvista.com/villa/tranquil-crest,2026-10-02,,PMS Only,"Present in PMS Base Dump, not found in SU"
pay_TfARvXbxZrumRQ,1294227,PMS Guest,Others,Not in SU,confirmed,,107,el house,Nirmala,https://www.stayvista.com/villa/el-house-4-bhk-villa-in-lonavala-with-private-pool-and-spacious-rooms,2026-10-02,,PMS Only,"Present in PMS Base Dump, not found in SU"
pay_TfAVBIjvZhEV9i,1294228,PMS Guest,Others,Not in SU,confirmed,,5759,Property #5759,Unassigned,not available,2026-10-02,,PMS Only,"Present in PMS Base Dump, not found in SU"
pay_TfM9Qn3m3NMQMb,1294283,PMS Guest,Others,Not in SU,confirmed,,4923,Arden Blu,Unassigned,https://www.stayvista.com/villa/arden-blu,2026-10-02,,PMS Only,"Present in PMS Base Dump, not found in SU"
nan,1294285,PMS Guest,Others,Not in SU,cancelled,,5207,Villa Solasta - 5BR,Unassigned,https://www.stayvista.com/villa/villa-solasta,2026-10-02,,PMS Only,"Present in PMS Base Dump, not found in SU"
pay_TfNU0V3WF5t9u2,1294307,PMS Guest,Others,Not in SU,confirmed,,5050,A frame of Mind - Denkanikottai,Unassigned,https://www.stayvista.com/villa/a-frame-of-mind,2026-10-02,,PMS Only,"Present in PMS Base Dump, not found in SU"
30857105500,1294315,PMS Guest,Others,Not in SU,confirmed,,2117,Property #2117,Unassigned,not available,2026-10-02,,PMS Only,"Present in PMS Base Dump, not found in SU"
pay_TfPCnyq4yfyaXF,1294337,PMS Guest,Others,Not in SU,confirmed,,3861,Griha Sankalpa,Shital,https://www.stayvista.com/villa/griha-sankalpa,2026-10-02,,PMS Only,"Present in PMS Base Dump, not found in SU"
pay_TfPwCAhTNerWWD,1294352,PMS Guest,Others,Not in SU,confirmed,,4418,Casa Ti Amo,Unassigned,https://www.stayvista.com/villa/casa-ti-amo,2026-10-02,,PMS Only,"Present in PMS Base Dump, not found in SU"
nan,1294356,PMS Guest,Others,Not in SU,tentative,,4581,Sicily,Unassigned,https://www.stayvista.com/villa/sicily,2026-10-02,,PMS Only,"Present in PMS Base Dump, not found in SU"
pay_TfQJgUDNi8JzcE,1294365,PMS Guest,Others,Not in SU,confirmed,,5494,AVASAA - The House In The Wild,Unassigned,https://www.stayvista.com/villa/avasaa-the-house-in-the-wild,2026-10-02,,PMS Only,"Present in PMS Base Dump, not found in SU"
pay_TfQdOQH5ebjzEU,1294371,PMS Guest,Others,Not in SU,confirmed,,662,Pura Vida Villa,Shital,https://www.stayvista.com/villa/pura-vida-villa-3-bhk-villa-in-lonavala-with-private-pool-and-spacious-rooms,2026-10-02,,PMS Only,"Present in PMS Base Dump, not found in SU"
30867932312,1294373,PMS Guest,Others,Not in SU,tentative,,5164,Ilaka Stone House,Unassigned,https://www.stayvista.com/villa/ilaka-stone-house,2026-10-02,,PMS Only,"Present in PMS Base Dump, not found in SU"
pay_Tez16I6YFd6CKK,1294374,PMS Guest,Others,Not in SU,confirmed,,3581,Nilaya By The Lake,Tanvi,https://www.stayvista.com/villa/nilaya-by-the-lake,2026-10-02,,PMS Only,"Present in PMS Base Dump, not found in SU"
pay_TfQjVNuyjvpjmI,1294375,PMS Guest,Others,Not in SU,confirmed,,4959,Arabella,Unassigned,https://www.stayvista.com/villa/arabella,2026-10-02,,PMS Only,"Present in PMS Base Dump, not found in SU"
pay_TfQyLB0Zv0yp0e,1294383,PMS Guest,Others,Not in SU,confirmed,,1731,Arihant villa,Shital,https://www.stayvista.com/villa/arihant-villa-5-bhk-villa-with-private-pool,2026-10-02,,PMS Only,"Present in PMS Base Dump, not found in SU"
NH76184485383632,1257674,PMS Guest,Gommt,Not in SU,cancelled,,2123,Property #2123,Unassigned,not available,2026-10-03,,PMS Only,"Present in PMS Base Dump, not found in SU"
pay_THCpOEbeIrcXHm,1278121,PMS Guest,Others,Not in SU,confirmed,,4418,Casa Ti Amo,Unassigned,https://www.stayvista.com/villa/casa-ti-amo,2026-10-03,,PMS Only,"Present in PMS Base Dump, not found in SU"
pay_TJiGcUvdz4FeYj,1279941,PMS Guest,Others,Not in SU,confirmed,,5644,Property #5644,Unassigned,not available,2026-10-03,,PMS Only,"Present in PMS Base Dump, not found in SU"
pay_TOnOow1p2cxxdD,1283674,PMS Guest,Others,Not in SU,confirmed,,5668,Property #5668,Unassigned,not available,2026-10-03,,PMS Only,"Present in PMS Base Dump, not found in SU"
pay_TOv86B4pZPPjxY,1283846,PMS Guest,Others,Not in SU,confirmed,,1555,Pranaam,Shital,https://www.stayvista.com/villa/pranaam-6-bhk-villa-in-alibaug-with-private-pool-and-spacious-rooms,2026-10-03,,PMS Only,"Present in PMS Base Dump, not found in SU"
30835419768,1284499,PMS Guest,Others,Not in SU,confirmed,,4900,Emaarat Chalet,Kajal,https://www.stayvista.com/villa/emaarat-chalet,2026-10-03,,PMS Only,"Present in PMS Base Dump, not found in SU"
30274115322,1286756,PMS Guest,Others,Not in SU,confirmed,,2528,Nature’s Odyssey,Unassigned,https://www.stayvista.com/villa/natures-odyssey-4-bhk-villa-in-karjat-with-private-pool-and-spacious-rooms,2026-10-03,,PMS Only,"Present in PMS Base Dump, not found in SU"
pay_TUg6vh3UHtYXa3,1287641,PMS Guest,Others,Not in SU,confirmed,,3135,Mudra Manor - 4BR,Unassigned,https://www.stayvista.com/villa/mudra-manor-4-bhk-villa-in-coorg-with-private-pool-and-spacious-rooms,2026-10-03,,PMS Only,"Present in PMS Base Dump, not found in SU"
pay_TX5M3SaB9S5FV6,1289083,PMS Guest,Others,Not in SU,confirmed,,5721,Property #5721,Unassigned,not available,2026-10-03,,PMS Only,"Present in PMS Base Dump, not found in SU"
pay_TaCqlsSclWufxu,1291000,PMS Guest,Others,Not in SU,confirmed,,3314,Rustique Radiance - Khopoli,Unassigned,https://www.stayvista.com/villa/rustique-radiance-khopoli-4-bhk-villa-in-lonavala-with-private-pool-and-spacious-rooms,2026-10-03,,PMS Only,"Present in PMS Base Dump, not found in SU"
pay_TaE5YnZmOUlrh4,1291016,PMS Guest,Others,Not in SU,confirmed,,5332,Property #5332,Unassigned,not available,2026-10-03,,PMS Only,"Present in PMS Base Dump, not found in SU"
pay_TadX16XTYr91ir,1291305,PMS Guest,Others,Not in SU,confirmed,,3349,Ivycrest Estate,Unassigned,https://www.stayvista.com/villa/ivycrest-estate,2026-10-03,,PMS Only,"Present in PMS Base Dump, not found in SU"
pay_TbQx78hhk73XMS,1291877,PMS Guest,Others,Not in SU,confirmed,,4205,Property #4205,Unassigned,not available,2026-10-03,,PMS Only,"Present in PMS Base Dump, not found in SU"
CAN1286141,1292339,PMS Guest,Others,Not in SU,confirmed,,5278,Casa Bliss,Unassigned,https://www.stayvista.com/villa/casa-bliss,2026-10-03,,PMS Only,"Present in PMS Base Dump, not found in SU"
pay_TdzOSgqPvo8KZO,1292663,PMS Guest,Others,Not in SU,confirmed,,5194,Maison Privée,Unassigned,https://www.stayvista.com/villa/maison-privee,2026-10-03,,PMS Only,"Present in PMS Base Dump, not found in SU"
pay_Td20stew92AHKg,1292669,PMS Guest,Others,Not in SU,confirmed,,5877,Property #5877,Unassigned,not available,2026-10-03,,PMS Only,"Present in PMS Base Dump, not found in SU"
pay_TdOo2L30XJbQjq,1292888,PMS Guest,Others,Not in SU,confirmed,,2400,Scenic Solitude,Unassigned,https://www.stayvista.com/villa/scenic-solitude,2026-10-03,,PMS Only,"Present in PMS Base Dump, not found in SU"
nan,1292937,PMS Guest,Others,Not in SU,confirmed,,563,The wild orchid,Heena,https://www.stayvista.com/villa/the-wild-orchid,2026-10-03,,PMS Only,"Present in PMS Base Dump, not found in SU"
pay_TdokX216QONVuz,1293321,PMS Guest,Others,Not in SU,confirmed,,5876,Property #5876,Unassigned,not available,2026-10-03,,PMS Only,"Present in PMS Base Dump, not found in SU"
pay_TeJIlgmELaq2CK,1293649,PMS Guest,Others,Not in SU,confirmed,,4910,Property #4910,Unassigned,not available,2026-10-03,,PMS Only,"Present in PMS Base Dump, not found in SU"
pay_Tea1rqnEWMEUfP,1293745,PMS Guest,Others,Not in SU,confirmed,,3454,Mangifera Agro Estate,Unassigned,https://www.stayvista.com/villa/mangifera-agro-estate-5-bhk-villa-with-spacious-rooms,2026-10-03,,PMS Only,"Present in PMS Base Dump, not found in SU"
pay_TedZlwq1SwiNeu,1293809,PMS Guest,Others,Not in SU,confirmed,,5177,Mai Ludvina,Shital,https://www.stayvista.com/villa/mai-ludvina,2026-10-03,,PMS Only,"Present in PMS Base Dump, not found in SU"
pay_Telr2WMqCFZLJY,1293938,PMS Guest,Others,Not in SU,confirmed,,5103,Casa Doro,Unassigned,https://www.stayvista.com/villa/casa-doro,2026-10-03,,PMS Only,"Present in PMS Base Dump, not found in SU"
pay_Tf3vy2Ufcvy0My,1294067,PMS Guest,Others,Not in SU,confirmed,,5046,Moets Palm Villa,Shital,https://www.stayvista.com/villa/stayvista-residences-at-moets-palm,2026-10-03,,PMS Only,"Present in PMS Base Dump, not found in SU"
temp_6ab37379a8dce,1294312,PMS Guest,Others,Not in SU,confirmed,,4416,Aarna Estate,Unassigned,https://www.stayvista.com/villa/aarna-estate,2026-10-03,,PMS Only,"Present in PMS Base Dump, not found in SU"
30868646794,1294404,PMS Guest,Others,Not in SU,tentative,,3531,Nyra Farms - Wada,Unassigned,https://www.stayvista.com/villa/nyra-farms-wada-5-bhk-villa-in-mumbai-with-private-pool-and-spacious-rooms,2026-10-03,,PMS Only,"Present in PMS Base Dump, not found in SU"
pay_Sz7eJPW1iqePwv,1265622,PMS Guest,Others,Not in SU,confirmed,,2123,Property #2123,Unassigned,not available,2026-10-04,,PMS Only,"Present in PMS Base Dump, not found in SU"
pay_TIUPwBuj87wisg,1279026,PMS Guest,Others,Not in SU,confirmed,,3581,Nilaya By The Lake,Tanvi,https://www.stayvista.com/villa/nilaya-by-the-lake,2026-10-04,,PMS Only,"Present in PMS Base Dump, not found in SU"
pay_TW7QITeulMkV4I,1288541,PMS Guest,Others,Not in SU,cancelled,,4855,Property #4855,Unassigned,not available,2026-10-04,,PMS Only,"Present in PMS Base Dump, not found in SU"
pay_TYgFzpufkaDzWb,1290152,PMS Guest,Others,Not in SU,confirmed,,4653,Tarika's Goldshore,Unassigned,https://www.stayvista.com/villa/tarikas-goldshore,2026-10-04,,PMS Only,"Present in PMS Base Dump, not found in SU"
pay_TZ6bxOqkqPSPZd,1290385,PMS Guest,Others,Not in SU,confirmed,,2001,Mawi Summers,Unassigned,https://www.stayvista.com/villa/mawi-summers-arambol-4-bhk-villa-in-goa-with-spacious-rooms,2026-10-04,,PMS Only,"Present in PMS Base Dump, not found in SU"
pay_Ta1HgTNEvSWTr3,1290963,PMS Guest,Others,Not in SU,confirmed,,4942,PS’ Infinity Hideout,Jakee,https://www.stayvista.com/villa/ps-infinity-hideout,2026-10-04,,PMS Only,"Present in PMS Base Dump, not found in SU"
pay_Tb13s3hiYt8DDe,1291615,PMS Guest,Others,Not in SU,confirmed,,5528,Property #5528,Unassigned,not available,2026-10-04,,PMS Only,"Present in PMS Base Dump, not found in SU"
pay_Tb8MvSAF821DSu,1291766,PMS Guest,Others,Not in SU,confirmed,,3447,The Sweet Life,Keshav,https://www.stayvista.com/villa/the-sweet-life,2026-10-04,,PMS Only,"Present in PMS Base Dump, not found in SU"
pay_TcKq69nCQA989I,1292309,PMS Guest,Others,Not in SU,confirmed,,5124,Property #5124,Unassigned,not available,2026-10-04,,PMS Only,"Present in PMS Base Dump, not found in SU"
pay_TccJSX38P0ueoX,1292408,PMS Guest,Others,Not in SU,confirmed,,4445,Property #4445,Unassigned,not available,2026-10-04,,PMS Only,"Present in PMS Base Dump, not found in SU"
pay_TcnPiDBmeLjLVq,1292586,PMS Guest,Others,Not in SU,confirmed,,5057,Di Mora by the Sea,Unassigned,https://www.stayvista.com/villa/di-mora-by-the-sea,2026-10-04,,PMS Only,"Present in PMS Base Dump, not found in SU"
pay_TdbHLx297T9NKh,1293233,PMS Guest,Others,Not in SU,confirmed,,5487,Weather Vane- Sea Facing Villa in Varkala,Unassigned,https://www.stayvista.com/villa/weather-vane-villa,2026-10-04,,PMS Only,"Present in PMS Base Dump, not found in SU"
pay_Tdm7PvyCNtTFxt,1293276,PMS Guest,Others,Not in SU,confirmed,,4157,Property #4157,Unassigned,not available,2026-10-04,,PMS Only,"Present in PMS Base Dump, not found in SU"
pay_TdoVgyJGqzb4jB,1293316,PMS Guest,Others,Not in SU,confirmed,,3541,Property #3541,Unassigned,not available,2026-10-04,,PMS Only,"Present in PMS Base Dump, not found in SU"
pay_TexomSxnVEC5l6,1293985,PMS Guest,Others,Not in SU,confirmed,,2334,Stars By The Bay,Unassigned,https://www.stayvista.com/villa/stars-by-the-bay-dabolim-3-bhk-villa-in-goa-with-private-pool-and-spacious-rooms,2026-10-04,,PMS Only,"Present in PMS Base Dump, not found in SU"
pay_TezeQK5BM3Mhk5,1294019,PMS Guest,Others,Not in SU,tentative,,3763,La Sierra,Unassigned,https://www.stayvista.com/villa/la-sierra-5-bhk-villa-in-lonavala-with-private-pool-and-spacious-rooms,2026-10-04,,PMS Only,"Present in PMS Base Dump, not found in SU"
pay_Tf1HiMEVGRSWsa,1294045,PMS Guest,Others,Not in SU,confirmed,,4934,Zenith Palms,Unassigned,https://www.stayvista.com/villa/zenith-palms,2026-10-04,,PMS Only,"Present in PMS Base Dump, not found in SU"
nan,1294195,PMS Guest,Others,Not in SU,tentative,,3179,Savara,Ajay,https://www.stayvista.com/villa/savara,2026-10-04,,PMS Only,"Present in PMS Base Dump, not found in SU"
nan,1294380,PMS Guest,Others,Not in SU,tentative,,5142,The Kasa w/ Infinity Pool & Home Theatre,Unassigned,https://www.stayvista.com/villa/the-kasa,2026-10-04,,PMS Only,"Present in PMS Base Dump, not found in SU"
pay_SZdVnyYbIi7ctZ,1247806,PMS Guest,Others,Not in SU,confirmed,,4322,The Solitaire Home (Horizon),Unassigned,https://www.stayvista.com/villa/the-solitaire-home,2026-10-05,,PMS Only,"Present in PMS Base Dump, not found in SU"
pay_TMNMqgxkaqLV1N,1281822,PMS Guest,Others,Not in SU,confirmed,,4634,The Edge of Sky,Unassigned,https://www.stayvista.com/villa/the-edge-of-sky,2026-10-05,,PMS Only,"Present in PMS Base Dump, not found in SU"
nan,1283085,PMS Guest,Others,Not in SU,cancelled,,4759,Property #4759,Unassigned,not available,2026-10-05,,PMS Only,"Present in PMS Base Dump, not found in SU"
nan,1283088,PMS Guest,Others,Not in SU,confirmed,,4759,Property #4759,Unassigned,not available,2026-10-05,,PMS Only,"Present in PMS Base Dump, not found in SU"
nan,1285888,PMS Guest,Others,Not in SU,confirmed,,4759,Property #4759,Unassigned,not available,2026-10-05,,PMS Only,"Present in PMS Base Dump, not found in SU"
nan,1285891,PMS Guest,Others,Not in SU,confirmed,,4759,Property #4759,Unassigned,not available,2026-10-05,,PMS Only,"Present in PMS Base Dump, not found in SU"
nan,1285903,PMS Guest,Others,Not in SU,cancelled,,4759,Property #4759,Unassigned,not available,2026-10-05,,PMS Only,"Present in PMS Base Dump, not found in SU"
nan,1285908,PMS Guest,Others,Not in SU,confirmed,,4759,Property #4759,Unassigned,not available,2026-10-05,,PMS Only,"Present in PMS Base Dump, not found in SU"
30416388228,1285917,PMS Guest,Others,Not in SU,confirmed,,4675,Kailaasa,Tanvi,https://www.stayvista.com/villa/kailaasa,2026-10-05,,PMS Only,"Present in PMS Base Dump, not found in SU"
nan,1285921,PMS Guest,Others,Not in SU,confirmed,,4759,Property #4759,Unassigned,not available,2026-10-05,,PMS Only,"Present in PMS Base Dump, not found in SU"
nan,1287014,PMS Guest,Others,Not in SU,confirmed,,4759,Property #4759,Unassigned,not available,2026-10-05,,PMS Only,"Present in PMS Base Dump, not found in SU"
nan,1291323,PMS Guest,Others,Not in SU,confirmed,,5602,Property #5602,Unassigned,not available,2026-10-05,,PMS Only,"Present in PMS Base Dump, not found in SU"
pay_TbuO844TE3gMxl,1292107,PMS Guest,Others,Not in SU,confirmed,,3459,Ikebana - Living by the Forest Edge,Unassigned,https://www.stayvista.com/villa/ikebana,2026-10-05,,PMS Only,"Present in PMS Base Dump, not found in SU"
nan,1294059,PMS Guest,Others,Not in SU,confirmed,,4759,Property #4759,Unassigned,not available,2026-10-05,,PMS Only,"Present in PMS Base Dump, not found in SU"
nan,1294327,PMS Guest,Others,Not in SU,confirmed,,1684,Horizon,Anchal,https://www.stayvista.com/villa/horizon,2026-10-05,,PMS Only,"Present in PMS Base Dump, not found in SU"
nan,1294406,PMS Guest,Others,Not in SU,confirmed,,5786,Property #5786,Unassigned,not available,2026-10-05,,PMS Only,"Present in PMS Base Dump, not found in SU"
TMNWI9Fnyzemu8,1281841,PMS Guest,Others,Not in SU,confirmed,,5002,Vintage Varanasi by the Ganges,Unassigned,https://www.stayvista.com/villa/vintage-varanasi-by-the-ganges,2026-10-06,,PMS Only,"Present in PMS Base Dump, not found in SU"
30246375172,1284504,PMS Guest,Others,Not in SU,confirmed,,4900,Emaarat Chalet,Kajal,https://www.stayvista.com/villa/emaarat-chalet,2026-10-06,,PMS Only,"Present in PMS Base Dump, not found in SU"
pay_TUKzNr6HUdSKF1,1287475,PMS Guest,Others,Not in SU,confirmed,,5130,Property #5130,Unassigned,not available,2026-10-06,,PMS Only,"Present in PMS Base Dump, not found in SU"
pay_TYK0tmaVqlPE6T,1289963,PMS Guest,Others,Not in SU,confirmed,,5327,Elysian Forest Villa - 6BR,Unassigned,https://www.stayvista.com/villa/elysian-forest-villa,2026-10-06,,PMS Only,"Present in PMS Base Dump, not found in SU"
pay_TbaTj1bvZFvJwC,1291991,PMS Guest,Others,Not in SU,confirmed,,4928,Rustling Pine,Unassigned,https://www.stayvista.com/villa/rustling-pine,2026-10-06,,PMS Only,"Present in PMS Base Dump, not found in SU"
30706021722,1292231,PMS Guest,Others,Not in SU,confirmed,,1709,Mysty View,Jakee,https://www.stayvista.com/villa/mysty-view,2026-10-06,,PMS Only,"Present in PMS Base Dump, not found in SU"
pay_TejKOxvRd6jwUx,1293915,PMS Guest,Others,Not in SU,confirmed,,5246,The Treetops - 5BR,Unassigned,https://www.stayvista.com/villa/the-treetops,2026-10-06,,PMS Only,"Present in PMS Base Dump, not found in SU"
nan,1294106,PMS Guest,Others,Not in SU,cancelled,,3942,Property #3942,Unassigned,not available,2026-10-06,,PMS Only,"Present in PMS Base Dump, not found in SU"
30864088298,1294302,PMS Guest,Others,Not in SU,confirmed,,5811,Property #5811,Unassigned,not available,2026-10-06,,PMS Only,"Present in PMS Base Dump, not found in SU"
IN42620358909183,1271648,PMS Guest,Others,Not in SU,confirmed,,1745,Emerald Acres,Unassigned,https://www.stayvista.com/villa/emerald-acres-7-bhk-villa-in-lonavala-with-private-pool-and-spacious-rooms,2026-10-07,,PMS Only,"Present in PMS Base Dump, not found in SU"
pay_TUmsScGaPdxDCB,1287767,PMS Guest,Others,Not in SU,confirmed,,3635,Property #3635,Unassigned,not available,2026-10-07,,PMS Only,"Present in PMS Base Dump, not found in SU"
pay_TVzDxvosXgV8Dy,1288477,PMS Guest,Others,Not in SU,confirmed,,5158,Casa Palacio,Unassigned,https://www.stayvista.com/villa/casa-palacio,2026-10-07,,PMS Only,"Present in PMS Base Dump, not found in SU"
1212120000000,1290310,PMS Guest,Others,Not in SU,confirmed,,5904,Property #5904,Unassigned,not available,2026-10-07,,PMS Only,"Present in PMS Base Dump, not found in SU"
pay_TZVdSY88z8r3pi,1290647,PMS Guest,Others,Not in SU,confirmed,,4071,Twilight Perch,Unassigned,https://www.stayvista.com/villa/twilight-perch,2026-10-07,,PMS Only,"Present in PMS Base Dump, not found in SU"
30580881303,1290703,PMS Guest,Others,Not in SU,confirmed,,5652,Property #5652,Unassigned,not available,2026-10-07,,PMS Only,"Present in PMS Base Dump, not found in SU"
SVS2884449164669,1290836,PMS Guest,Others,Not in SU,confirmed,,242,Cascades Villa,Anchal,https://www.stayvista.com/villa/cascades-villa-3-bhk-villa-in-lonavala-with-private-pool-and-spacious-rooms,2026-10-07,,PMS Only,"Present in PMS Base Dump, not found in SU"
pay_TaFbxKTruDrUH2,1291038,PMS Guest,Others,Not in SU,confirmed,,2334,Stars By The Bay,Unassigned,https://www.stayvista.com/villa/stars-by-the-bay-dabolim-3-bhk-villa-in-goa-with-private-pool-and-spacious-rooms,2026-10-07,,PMS Only,"Present in PMS Base Dump, not found in SU"
pay_TcOmGLxQBmQb1a,1292345,PMS Guest,Others,Not in SU,confirmed,,5761,Property #5761,Unassigned,not available,2026-10-07,,PMS Only,"Present in PMS Base Dump, not found in SU"
nan,1293762,PMS Guest,Others,Not in SU,tentative,,5687,Property #5687,Unassigned,not available,2026-10-07,,PMS Only,"Present in PMS Base Dump, not found in SU"
pay_TU1VDeEe5qzZMs,1287323,PMS Guest,Others,Not in SU,confirmed,,5432,Property #5432,Unassigned,not available,2026-10-08,,PMS Only,"Present in PMS Base Dump, not found in SU"
183,1288417,PMS Guest,Others,Not in SU,confirmed,,5468,Casa De Sai - 4BR,Unassigned,https://www.stayvista.com/villa/casa-de-sai,2026-10-08,,PMS Only,"Present in PMS Base Dump, not found in SU"
pay_TXA4vLiSPa7ywv,1289171,PMS Guest,Others,Not in SU,confirmed,,4793,Chico Estate,Unassigned,https://www.stayvista.com/villa/chico-estate,2026-10-08,,PMS Only,"Present in PMS Base Dump, not found in SU"
30541703922,1290209,PMS Guest,Others,Not in SU,confirmed,,1558,Paris Villa W/ Outdoor Pool,Unassigned,https://www.stayvista.com/villa/paris-villa,2026-10-08,,PMS Only,"Present in PMS Base Dump, not found in SU"
30579479731,1290600,PMS Guest,Others,Not in SU,tentative,,4221,The Grand Ten,Tanvi,https://www.stayvista.com/villa/the-grand-ten,2026-10-08,,PMS Only,"Present in PMS Base Dump, not found in SU"
pay_TdURWI17cuket3,1293114,PMS Guest,Others,Not in SU,confirmed,,5720,Property #5720,Unassigned,not available,2026-10-08,,PMS Only,"Present in PMS Base Dump, not found in SU"
pay_TekraUMsIJn3EX,1293926,PMS Guest,Others,Not in SU,confirmed,,3179,Savara,Ajay,https://www.stayvista.com/villa/savara,2026-10-08,,PMS Only,"Present in PMS Base Dump, not found in SU"
30865954145,1294132,PMS Guest,Others,Not in SU,tentative,,2409,Sunshine Brooks,Unassigned,https://www.stayvista.com/villa/sunshine-brooks,2026-10-08,,PMS Only,"Present in PMS Base Dump, not found in SU"
pay_TBkpPqsiW94ds4,1274513,PMS Guest,Others,Not in SU,confirmed,,1448,Casa Bella - Kashid,Unassigned,https://www.stayvista.com/villa/casa-bella-kashid-6-bhk-villa-in-alibaug-with-private-pool-and-spacious-rooms,2026-10-09,,PMS Only,"Present in PMS Base Dump, not found in SU"
pay_TEZF7h22Ghr9SV,1276462,PMS Guest,Others,Not in SU,confirmed,,3258,Esperanza,Unassigned,https://www.stayvista.com/villa/esperanza-5-bhk-villa-in-lonavala-with-private-pool-and-spacious-rooms,2026-10-09,,PMS Only,"Present in PMS Base Dump, not found in SU"
CANDJ24072026,1279638,PMS Guest,Others,Not in SU,confirmed,,2643,Farmhouse Retreat,Unassigned,https://www.stayvista.com/villa/farmhouse-retreat-3-bhk-villa-in-nashik-with-private-pool-and-spacious-rooms,2026-10-09,,PMS Only,"Present in PMS Base Dump, not found in SU"
pay_TJLa0sGzwNTmJR,1279656,PMS Guest,Others,Not in SU,confirmed,,5490,Palmshade M2 Retreat - 7BR,Unassigned,https://www.stayvista.com/villa/palmshade-m2-retreat,2026-10-09,,PMS Only,"Present in PMS Base Dump, not found in SU"
30832332048,1283477,PMS Guest,Others,Not in SU,confirmed,,5203,Saket Loak by the Lake,Unassigned,https://www.stayvista.com/villa/saket-loak-by-the-lake,2026-10-09,,PMS Only,"Present in PMS Base Dump, not found in SU"
30258854932,1286562,PMS Guest,Others,Not in SU,confirmed,,5438,The Ivory Courtyard - 8BR,Unassigned,https://www.stayvista.com/villa/the-ivory-courtyard,2026-10-09,,PMS Only,"Present in PMS Base Dump, not found in SU"
pay_TVAB8MNqGxnsej,1288008,PMS Guest,Others,Not in SU,confirmed,,4066,Villa Tesoro,Unassigned,https://www.stayvista.com/villa/villa-tesoro-6-bhk-villa-in-lonavala-with-private-pool-and-spacious-rooms,2026-10-09,,PMS Only,"Present in PMS Base Dump, not found in SU"
pay_TWINDIELQOFJDw,1288590,PMS Guest,Others,Not in SU,confirmed,,5195,La Beaumont,Sharon,https://www.stayvista.com/villa/la-beaumont,2026-10-09,,PMS Only,"Present in PMS Base Dump, not found in SU"
30413472102,1288601,PMS Guest,Others,Not in SU,confirmed,,4737,Hillcrest Serenity - Kotagiri,Unassigned,https://www.stayvista.com/villa/hillcrest-serenity,2026-10-09,,PMS Only,"Present in PMS Base Dump, not found in SU"
pay_TWfvRkEIOmU3Un,1288828,PMS Guest,Others,Not in SU,confirmed,,2001,Mawi Summers,Unassigned,https://www.stayvista.com/villa/mawi-summers-arambol-4-bhk-villa-in-goa-with-spacious-rooms,2026-10-09,,PMS Only,"Present in PMS Base Dump, not found in SU"
pay_TYFdKl8ccMsSKY,1289871,PMS Guest,Others,Not in SU,confirmed,,5333,Property #5333,Unassigned,not available,2026-10-09,,PMS Only,"Present in PMS Base Dump, not found in SU"
30523344682,1290003,PMS Guest,Others,Not in SU,confirmed,,4922,Orchard by the River,Unassigned,https://www.stayvista.com/villa/orchard-by-the-river,2026-10-09,,PMS Only,"Present in PMS Base Dump, not found in SU"
1234567,1290784,PMS Guest,Others,Not in SU,tentative,,228,Property #228,Unassigned,not available,2026-10-09,,PMS Only,"Present in PMS Base Dump, not found in SU"
pay_TaGHfcp2fOSrep,1291055,PMS Guest,Others,Not in SU,confirmed,,5262,Sapphire Shores Beachfront Villa,Unassigned,https://www.stayvista.com/villa/sapphire-shores-beachfront-villa,2026-10-09,,PMS Only,"Present in PMS Base Dump, not found in SU"
pay_Tah84ERiyEK9cc,1291399,PMS Guest,Others,Not in SU,confirmed,,462,Casa Del Verde,Lakshmi,https://www.stayvista.com/villa/casa-del-verde-4-bhk-villa-in-nashik-with-private-pool-and-spacious-rooms,2026-10-09,,PMS Only,"Present in PMS Base Dump, not found in SU"
pay_Talj9l371WQ6gP,1291485,PMS Guest,Others,Not in SU,confirmed,,1875,The Blue Horizon,Unassigned,https://www.stayvista.com/villa/the-blue-horizon,2026-10-09,,PMS Only,"Present in PMS Base Dump, not found in SU"
1929175256,1291640,PMS Guest,Others,Not in SU,confirmed,,2045,Vine & Splash,Unassigned,https://www.stayvista.com/villa/vine-and-splash-9-bhk-villa-with-private-pool,2026-10-09,,PMS Only,"Present in PMS Base Dump, not found in SU"
pay_TbrpxMgTXvZmMm,1292075,PMS Guest,Others,Not in SU,confirmed,,4279,Property #4279,Unassigned,not available,2026-10-09,,PMS Only,"Present in PMS Base Dump, not found in SU"
pay_Tccor3YgzHwA5p,1292422,PMS Guest,Others,Not in SU,confirmed,,2035,Property #2035,Unassigned,not available,2026-10-09,,PMS Only,"Present in PMS Base Dump, not found in SU"
CANAS21082026,1292554,PMS Guest,Others,Not in SU,confirmed,,4030,Elm @ Elysium Estate,Unassigned,https://www.stayvista.com/villa/elm-at-elysium-estate,2026-10-09,,PMS Only,"Present in PMS Base Dump, not found in SU"
pay_TcmItPR7eOEEjb,1292577,PMS Guest,Others,Not in SU,confirmed,,4996,The Arks Villa w/ Private Infinity Pool,Unassigned,https://www.stayvista.com/villa/the-arks-villa,2026-10-09,,PMS Only,"Present in PMS Base Dump, not found in SU"
pay_Td3vpf0QyL8VSp,1292705,PMS Guest,Others,Not in SU,confirmed,,4221,The Grand Ten,Tanvi,https://www.stayvista.com/villa/the-grand-ten,2026-10-09,,PMS Only,"Present in PMS Base Dump, not found in SU"
pay_Td4UhwEVri5MQU,1292718,PMS Guest,Others,Not in SU,confirmed,,3473,The Black Box Auroville StayVista,Unassigned,https://www.stayvista.com/villa/the-black-box,2026-10-09,,PMS Only,"Present in PMS Base Dump, not found in SU"
30728371905,1292911,PMS Guest,Others,Not in SU,confirmed,,4071,Twilight Perch,Unassigned,https://www.stayvista.com/villa/twilight-perch,2026-10-09,,PMS Only,"Present in PMS Base Dump, not found in SU"
pay_TdVhbJiZxOafS0,1293145,PMS Guest,Others,Not in SU,confirmed,,223,Property #223,Unassigned,not available,2026-10-09,,PMS Only,"Present in PMS Base Dump, not found in SU"
pay_TdYDAYQXmDPHyy,1293200,PMS Guest,Others,Not in SU,confirmed,,2715,Driftwood Cottage,Unassigned,https://www.stayvista.com/villa/driftwood-cottage,2026-10-09,,PMS Only,"Present in PMS Base Dump, not found in SU"
pay_TdqTG7W9yMkeeE,1293356,PMS Guest,Others,Not in SU,confirmed,,5786,Property #5786,Unassigned,not available,2026-10-09,,PMS Only,"Present in PMS Base Dump, not found in SU"
30795493757,1293357,PMS Guest,Others,Not in SU,confirmed,,1798,Villa Bharat,Shital,https://www.stayvista.com/villa/villa-bharat,2026-10-09,,PMS Only,"Present in PMS Base Dump, not found in SU"
30852406507,1294121,PMS Guest,Others,Not in SU,tentative,,357,Cottage in the Clouds,Shital,https://www.stayvista.com/villa/cottage-in-the-clouds,2026-10-09,,PMS Only,"Present in PMS Base Dump, not found in SU"
30864088298,1294304,PMS Guest,Others,Not in SU,confirmed,,3701,Property #3701,Unassigned,not available,2026-10-09,,PMS Only,"Present in PMS Base Dump, not found in SU"
INV108179001340198300,1294323,PMS Guest,Others,Not in SU,confirmed,,5911,Property #5911,Unassigned,not available,2026-10-09,,PMS Only,"Present in PMS Base Dump, not found in SU"
pay_TfPgtrGId0fh8E,1294349,PMS Guest,Others,Not in SU,confirmed,,3475,La Belleza,Unassigned,https://www.stayvista.com/villa/la-belleza-6-bhk-villa-in-lonavala-with-private-pool-and-spacious-rooms,2026-10-09,,PMS Only,"Present in PMS Base Dump, not found in SU"
HSBCN21874452542,1279617,PMS Guest,Others,Not in SU,confirmed,,3249,Grey Hues,Unassigned,https://www.stayvista.com/villa/grey-hues-8-bhk-villa-in-karjat-with-private-pool-and-spacious-rooms,2026-10-10,,PMS Only,"Present in PMS Base Dump, not found in SU"
30060850061,1283442,PMS Guest,Others,Not in SU,confirmed,,1749,Nivaant Farms,Shital,https://www.stayvista.com/villa/nivaant-farms-5-bhk-villa-in-karjat-with-private-pool-and-spacious-rooms,2026-10-10,,PMS Only,"Present in PMS Base Dump, not found in SU"
pay_TRZvxaJso0wuCi,1285580,PMS Guest,Others,Not in SU,confirmed,,1880,The Green Lagoon,Unassigned,https://www.stayvista.com/villa/the-green-lagoon,2026-10-10,,PMS Only,"Present in PMS Base Dump, not found in SU"
30241673907,1286307,PMS Guest,Others,Not in SU,confirmed,,4221,The Grand Ten,Tanvi,https://www.stayvista.com/villa/the-grand-ten,2026-10-10,,PMS Only,"Present in PMS Base Dump, not found in SU"
CAN1286621,1286643,PMS Guest,Others,Not in SU,confirmed,,5482,Nivara,Unassigned,https://www.stayvista.com/villa/nivara,2026-10-10,,PMS Only,"Present in PMS Base Dump, not found in SU"
6438748205,1287993,PMS Guest,B.com,Not in SU,cancelled,,5584,Fernwood,Unassigned,https://www.booking.com/hotel/in/fernwood-part-of-stayvista.html,2026-10-10,,PMS Only,"Present in PMS Base Dump, not found in SU"
HMECA82DRT,1288741,PMS Guest,Airbnb,Not in SU,confirmed,,5356,Mana - 5BR,Unassigned,https://www.airbnb.com/rooms/1647744094678535742,2026-10-10,,PMS Only,"Present in PMS Base Dump, not found in SU"
pay_TWoa3L8XhtN9OO,1288990,PMS Guest,Others,Not in SU,confirmed,,4629,Sky Hills,Unassigned,https://www.stayvista.com/villa/sky-hills,2026-10-10,,PMS Only,"Present in PMS Base Dump, not found in SU"
CANAD22082026,1289127,PMS Guest,Others,Not in SU,confirmed,,2971,Cascading Valleys,Giftson,https://www.stayvista.com/villa/cascading-valleys-4-bhk-villa-in-nashik-with-private-pool-and-spacious-rooms,2026-10-10,,PMS Only,"Present in PMS Base Dump, not found in SU"
pay_TX8eI4vTH4xpkm,1289147,PMS Guest,Others,Not in SU,confirmed,,4198,Daffodil Villa,Tanvi,https://www.stayvista.com/villa/daffodil-villa,2026-10-10,,PMS Only,"Present in PMS Base Dump, not found in SU"
pay_TXUVkZwI5jgAL2,1289363,PMS Guest,Others,Not in SU,confirmed,,4936,Oriana Palms,Tanvi,https://www.stayvista.com/villa/oriana-palms,2026-10-10,,PMS Only,"Present in PMS Base Dump, not found in SU"
HSBCN24683337449,1289458,PMS Guest,Others,Not in SU,confirmed,,97,Mehta Mansion,Jakee,https://www.stayvista.com/villa/mehta-mansion-9-bhk-villa-with-private-pool,2026-10-10,,PMS Only,"Present in PMS Base Dump, not found in SU"
CAN1253265,1289462,PMS Guest,Others,Not in SU,cancelled,,2368,Bask In The Greens,Unassigned,https://www.stayvista.com/villa/bask-in-the-greens-4-bhk-villa-in-coorg-with-private-pool-and-spacious-rooms,2026-10-10,,PMS Only,"Present in PMS Base Dump, not found in SU"
temp_6a9fb03c2aeb7,1290584,PMS Guest,Others,Not in SU,confirmed,,456,Shibu's House,Shital,https://www.stayvista.com/villa/cheppanam-house,2026-10-10,,PMS Only,"Present in PMS Base Dump, not found in SU"
nan,1290702,PMS Guest,Others,Not in SU,tentative,,3763,La Sierra,Unassigned,https://www.stayvista.com/villa/la-sierra-5-bhk-villa-in-lonavala-with-private-pool-and-spacious-rooms,2026-10-10,,PMS Only,"Present in PMS Base Dump, not found in SU"
30615131186,1291071,PMS Guest,Others,Not in SU,confirmed,,5262,Sapphire Shores Beachfront Villa,Unassigned,https://www.stayvista.com/villa/sapphire-shores-beachfront-villa,2026-10-10,,PMS Only,"Present in PMS Base Dump, not found in SU"
pay_TbCGQ6sbzxFkvy,1291807,PMS Guest,Others,Not in SU,cancelled,,5319,Comfort Rooms @ Lagoons Kuruva - 4BR,Unassigned,https://www.stayvista.com/villa/comfort-rooms-at-lagoons-kuruva,2026-10-10,,PMS Only,"Present in PMS Base Dump, not found in SU"
pay_TbUaxL3UYFhq28,1291919,PMS Guest,Others,Not in SU,confirmed,,5648,Property #5648,Unassigned,not available,2026-10-10,,PMS Only,"Present in PMS Base Dump, not found in SU"
pay_TbjYdPxFiLJ1bg,1292017,PMS Guest,Others,Not in SU,confirmed,,5347,Property #5347,Unassigned,not available,2026-10-10,,PMS Only,"Present in PMS Base Dump, not found in SU"
temp_6aaa3d285ab58,1292404,PMS Guest,Others,Not in SU,confirmed,,4661,Avyanna Villa,Sharon,https://www.stayvista.com/villa/avyanna-villa,2026-10-10,,PMS Only,"Present in PMS Base Dump, not found in SU"
30731185531,1292465,PMS Guest,Others,Not in SU,confirmed,,5517,Lavender Hills Villa - 4BR,Unassigned,https://www.stayvista.com/villa/lavender-hills-villa,2026-10-10,,PMS Only,"Present in PMS Base Dump, not found in SU"
pay_Tch7kDjnM4gjb3,1292496,PMS Guest,Others,Not in SU,confirmed,,2880,Lumos Paradise,Unassigned,https://www.stayvista.com/villa/lumos-paradise-3-bhk-villa-in-karjat-with-private-pool-and-spacious-rooms,2026-10-10,,PMS Only,"Present in PMS Base Dump, not found in SU"
nan,1292543,PMS Guest,Others,Not in SU,cancelled,,2598,House of Nine,Unassigned,https://www.stayvista.com/villa/house-of-nine,2026-10-10,,PMS Only,"Present in PMS Base Dump, not found in SU"
30739901400,1292665,PMS Guest,Others,Not in SU,confirmed,,2229,The Grey Medley,Unassigned,https://www.stayvista.com/villa/the-grey-medley-5-bhk-villa-in-lonavala-with-private-pool-and-spacious-rooms,2026-10-10,,PMS Only,"Present in PMS Base Dump, not found in SU"
nan,1292672,PMS Guest,Others,Not in SU,cancelled,,2598,House of Nine,Unassigned,https://www.stayvista.com/villa/house-of-nine,2026-10-10,,PMS Only,"Present in PMS Base Dump, not found in SU"
pay_Td3O0smYzwDnjg,1292692,PMS Guest,Others,Not in SU,confirmed,,2598,House of Nine,Unassigned,https://www.stayvista.com/villa/house-of-nine,2026-10-10,,PMS Only,"Present in PMS Base Dump, not found in SU"
pay_Td9RNk3bLzKWpQ,1292797,PMS Guest,Others,Not in SU,confirmed,,2528,Nature’s Odyssey,Unassigned,https://www.stayvista.com/villa/natures-odyssey-4-bhk-villa-in-karjat-with-private-pool-and-spacious-rooms,2026-10-10,,PMS Only,"Present in PMS Base Dump, not found in SU"
pay_TdNCOtZ99pbmiS,1292860,PMS Guest,Others,Not in SU,confirmed,,4035,Crystalline w/ Kid’s Room,Shital,https://www.stayvista.com/villa/crystalline-kids-room-3-bhk-villa-in-alibaug-with-private-pool-and-spacious-rooms,2026-10-10,,PMS Only,"Present in PMS Base Dump, not found in SU"
pay_TdPEkIbx7HCh0F,1292902,PMS Guest,Others,Not in SU,confirmed,,3816,Seraphine,Unassigned,https://www.stayvista.com/villa/seraphine-6-bhk-villa-in-lonavala-with-private-pool-and-spacious-rooms,2026-10-10,,PMS Only,"Present in PMS Base Dump, not found in SU"
pay_TdTeJNB4VgReNM,1293010,PMS Guest,Others,Not in SU,cancelled,,2518,Enchanting Haven,Unassigned,https://www.stayvista.com/villa/enchanting-haven,2026-10-10,,PMS Only,"Present in PMS Base Dump, not found in SU"
30790311545,1293175,PMS Guest,Others,Not in SU,tentative,,4099,Chitrakoot,Unassigned,https://www.stayvista.com/villa/chitrakoot-5-bhk-villa-in-lonavala-with-private-pool-and-spacious-rooms,2026-10-10,,PMS Only,"Present in PMS Base Dump, not found in SU"
pay_TdnSaUYQLnn7Cc,1293300,PMS Guest,Others,Not in SU,confirmed,,5556,Property #5556,Unassigned,not available,2026-10-10,,PMS Only,"Present in PMS Base Dump, not found in SU"
nan,1293633,PMS Guest,Others,Not in SU,tentative,,5046,Moets Palm Villa,Shital,https://www.stayvista.com/villa/stayvista-residences-at-moets-palm,2026-10-10,,PMS Only,"Present in PMS Base Dump, not found in SU"
pay_TeIDTl5dAL1Ptu,1293635,PMS Guest,Others,Not in SU,confirmed,,4322,The Solitaire Home (Horizon),Unassigned,https://www.stayvista.com/villa/the-solitaire-home,2026-10-10,,PMS Only,"Present in PMS Base Dump, not found in SU"
pay_TeJYOndWfhE6wJ,1293653,PMS Guest,Others,Not in SU,confirmed,,3135,Mudra Manor - 4BR,Unassigned,https://www.stayvista.com/villa/mudra-manor-4-bhk-villa-in-coorg-with-private-pool-and-spacious-rooms,2026-10-10,,PMS Only,"Present in PMS Base Dump, not found in SU"
pay_TeiYWMMiheDqBg,1293902,PMS Guest,Others,Not in SU,confirmed,,3506,Exotica Kabini,Unassigned,https://www.stayvista.com/villa/exotica-kabini,2026-10-10,,PMS Only,"Present in PMS Base Dump, not found in SU"
pay_TewUZw4EfFIWem,1293973,PMS Guest,Others,Not in SU,confirmed,,2674,Sierra Skies,Unassigned,https://www.stayvista.com/villa/sierra-skies-5-bhk-villa-in-lonavala-with-spacious-rooms,2026-10-10,,PMS Only,"Present in PMS Base Dump, not found in SU"
30840151100,1293979,PMS Guest,Others,Not in SU,confirmed,,4903,Treeansh,Unassigned,https://www.stayvista.com/villa/treeansh,2026-10-10,,PMS Only,"Present in PMS Base Dump, not found in SU"
pay_TexV986Un7pCHJ,1293981,PMS Guest,Others,Not in SU,confirmed,,3452,The Isabella House,Unassigned,https://www.stayvista.com/villa/the-isabella-house-3-bhk-villa-in-karjat-with-private-pool-and-spacious-rooms,2026-10-10,,PMS Only,"Present in PMS Base Dump, not found in SU"
nan,1294334,PMS Guest,Others,Not in SU,confirmed,,3928,Property #3928,Unassigned,not available,2026-10-10,,PMS Only,"Present in PMS Base Dump, not found in SU"
pay_TfQ5Dzu2YFT3il,1294357,PMS Guest,Others,Not in SU,confirmed,,958,Villa Maira,Unassigned,https://www.stayvista.com/villa/villa-maira-3-bhk-villa-in-lonavala-with-spacious-rooms,2026-10-10,,PMS Only,"Present in PMS Base Dump, not found in SU"
pay_TYlUF4j3OzZyUD,1290231,PMS Guest,Others,Not in SU,confirmed,,4634,The Edge of Sky,Unassigned,https://www.stayvista.com/villa/the-edge-of-sky,2026-10-11,,PMS Only,"Present in PMS Base Dump, not found in SU"
pay_Td6JdcVG0OcaFP,1292741,PMS Guest,Others,Not in SU,cancelled,,5262,Sapphire Shores Beachfront Villa,Unassigned,https://www.stayvista.com/villa/sapphire-shores-beachfront-villa,2026-10-11,,PMS Only,"Present in PMS Base Dump, not found in SU"
123,1292786,PMS Guest,Others,Not in SU,cancelled,,4780,Roze Home,Unassigned,https://www.stayvista.com/villa/roze-home,2026-10-11,,PMS Only,"Present in PMS Base Dump, not found in SU"
30754749026,1292914,PMS Guest,Others,Not in SU,confirmed,,4793,Chico Estate,Unassigned,https://www.stayvista.com/villa/chico-estate,2026-10-11,,PMS Only,"Present in PMS Base Dump, not found in SU"
pay_TeacwGuD6ylG09,1293755,PMS Guest,Others,Not in SU,confirmed,,3891,Zen Haven - Igatpuri,Unassigned,https://www.stayvista.com/villa/zen-haven-igatpuri-5-bhk-villa-in-nashik-with-private-pool-and-spacious-rooms,2026-10-11,,PMS Only,"Present in PMS Base Dump, not found in SU"
nan,1294047,PMS Guest,Others,Not in SU,confirmed,,2949,Ava - The Country House,Unassigned,https://www.stayvista.com/villa/ava-the-country-house,2026-10-11,,PMS Only,"Present in PMS Base Dump, not found in SU"
129868000000,1294064,PMS Guest,Others,Not in SU,confirmed,,5262,Sapphire Shores Beachfront Villa,Unassigned,https://www.stayvista.com/villa/sapphire-shores-beachfront-villa,2026-10-11,,PMS Only,"Present in PMS Base Dump, not found in SU"
nan,1283635,PMS Guest,Others,Not in SU,tentative,,228,Property #228,Unassigned,not available,2026-10-12,,PMS Only,"Present in PMS Base Dump, not found in SU"
pay_TReFo7Fx145alI,1285701,PMS Guest,Others,Not in SU,confirmed,,3654,Casa Armeh,Unassigned,https://www.stayvista.com/villa/casa-armeh-siolim-4-bhk-villa-in-goa-with-private-pool-and-spacious-rooms,2026-10-12,,PMS Only,"Present in PMS Base Dump, not found in SU"
30417696335,1288713,PMS Guest,Others,Not in SU,confirmed,,4478,Vaana,Unassigned,https://www.stayvista.com/villa/vaana,2026-10-12,,PMS Only,"Present in PMS Base Dump, not found in SU"
30457885327,1289142,PMS Guest,Others,Not in SU,confirmed,,2415,Property #2415,Unassigned,not available,2026-10-12,,PMS Only,"Present in PMS Base Dump, not found in SU"
nan,1291013,PMS Guest,Others,Not in SU,confirmed,,5487,Weather Vane- Sea Facing Villa in Varkala,Unassigned,https://www.stayvista.com/villa/weather-vane-villa,2026-10-12,,PMS Only,"Present in PMS Base Dump, not found in SU"
nan,1291325,PMS Guest,Others,Not in SU,confirmed,,5602,Property #5602,Unassigned,not available,2026-10-12,,PMS Only,"Present in PMS Base Dump, not found in SU"
pay_TeZLukkjnctfG4,1293740,PMS Guest,Others,Not in SU,confirmed,,5121,Property #5121,Unassigned,not available,2026-10-12,,PMS Only,"Present in PMS Base Dump, not found in SU"
pay_TeeYxaK3MD12Ua,1293830,PMS Guest,Others,Not in SU,confirmed,,2454,Strelitzia- 2BHK,Tej,https://www.stayvista.com/villa/cedar-at-strelitzia,2026-10-12,,PMS Only,"Present in PMS Base Dump, not found in SU"
pay_TKnGoGAqFxvxUv,1280791,PMS Guest,Others,Not in SU,confirmed,,2455,Sienna @ Strelitzia,Unassigned,https://www.stayvista.com/villa/sienna-at-strelitzia,2026-10-13,,PMS Only,"Present in PMS Base Dump, not found in SU"
CITIN26717051768,1285969,PMS Guest,Others,Not in SU,confirmed,,3987,Dolce Montagna,Tanvi,https://www.stayvista.com/villa/dolce-montagna-7-bhk-villa-in-lonavala-with-private-pool-and-spacious-rooms,2026-10-13,,PMS Only,"Present in PMS Base Dump, not found in SU"
57687845,1287926,PMS Guest,Others,Not in SU,confirmed,,228,Property #228,Unassigned,not available,2026-10-13,,PMS Only,"Present in PMS Base Dump, not found in SU"
pay_TYkuRNbfy8OpTy,1290222,PMS Guest,Others,Not in SU,confirmed,,5652,Property #5652,Unassigned,not available,2026-10-13,,PMS Only,"Present in PMS Base Dump, not found in SU"
pay_TaPCWUlVizzb0y,1291194,PMS Guest,Others,Not in SU,confirmed,,308,Tall Silver,Lakshmi,https://www.stayvista.com/villa/tall-silver,2026-10-13,,PMS Only,"Present in PMS Base Dump, not found in SU"
nan,1293171,PMS Guest,Others,Not in SU,cancelled,,3971,Everdale,Unassigned,https://www.stayvista.com/villa/everdale,2026-10-13,,PMS Only,"Present in PMS Base Dump, not found in SU"
nan,1293173,PMS Guest,Others,Not in SU,tentative,,3971,Everdale,Unassigned,https://www.stayvista.com/villa/everdale,2026-10-13,,PMS Only,"Present in PMS Base Dump, not found in SU"
nan,1293906,PMS Guest,Others,Not in SU,cancelled,,5687,Property #5687,Unassigned,not available,2026-10-13,,PMS Only,"Present in PMS Base Dump, not found in SU"
nan,1293983,PMS Guest,Others,Not in SU,tentative,,5687,Property #5687,Unassigned,not available,2026-10-13,,PMS Only,"Present in PMS Base Dump, not found in SU"
2045360411,1288146,PMS Guest,Agoda,Not in SU,confirmed,,5755,Property #5755,Unassigned,not available,2026-10-14,,PMS Only,"Present in PMS Base Dump, not found in SU"
pay_TVupzV86HZjmvC,1288421,PMS Guest,Others,Not in SU,confirmed,,5203,Saket Loak by the Lake,Unassigned,https://www.stayvista.com/villa/saket-loak-by-the-lake,2026-10-14,,PMS Only,"Present in PMS Base Dump, not found in SU"
pay_TYJuhYsQMR6fLn,1289960,PMS Guest,Others,Not in SU,confirmed,,4634,The Edge of Sky,Unassigned,https://www.stayvista.com/villa/the-edge-of-sky,2026-10-14,,PMS Only,"Present in PMS Base Dump, not found in SU"
SVS3095435608374,1293107,PMS Guest,Others,Not in SU,confirmed,,2534,Soul Serenity,Unassigned,https://www.stayvista.com/villa/soul-serenity-2-bhk-villa-in-nashik-with-private-pool-and-spacious-rooms,2026-10-14,,PMS Only,"Present in PMS Base Dump, not found in SU"
123456789,1293734,PMS Guest,Others,Not in SU,tentative,,228,Property #228,Unassigned,not available,2026-10-14,,PMS Only,"Present in PMS Base Dump, not found in SU"
30866422824,1294344,PMS Guest,Others,Not in SU,confirmed,,5079,Property #5079,Unassigned,not available,2026-10-14,,PMS Only,"Present in PMS Base Dump, not found in SU"
pay_SOPYepK0BdpOS8,1241397,PMS Guest,Others,Not in SU,cancelled,,4067,Nayak House,Ajay,https://www.stayvista.com/villa/nayak-house,2026-10-15,,PMS Only,"Present in PMS Base Dump, not found in SU"
pay_TFf0DhNbhLfHqG,1277031,PMS Guest,Others,Not in SU,confirmed,,3729,Wellnest Natural Farms - Ecostay Retreat near Tirupati,Unassigned,https://www.stayvista.com/villa/wellnest-natural-farms,2026-10-15,,PMS Only,"Present in PMS Base Dump, not found in SU"
pay_TXYHjdIjs3zEim,1289438,PMS Guest,Others,Not in SU,confirmed,,1751,Status villa,Jakee,https://www.stayvista.com/villa/status-villa,2026-10-15,,PMS Only,"Present in PMS Base Dump, not found in SU"
pay_TaDk4f2qdvCLX8,1291011,PMS Guest,Others,Not in SU,confirmed,,4909,Property #4909,Unassigned,not available,2026-10-15,,PMS Only,"Present in PMS Base Dump, not found in SU"
pay_TaLsjd0tyTd9ks,1291146,PMS Guest,Others,Not in SU,confirmed,,3427,Dusk by the hills,Unassigned,https://www.stayvista.com/villa/dusk-by-the-hills-4-bhk-villa-in-lonavala-with-private-pool-and-spacious-rooms,2026-10-15,,PMS Only,"Present in PMS Base Dump, not found in SU"
CANNB15082026,1291969,PMS Guest,Others,Not in SU,confirmed,,2374,Paradise Valley,Unassigned,https://www.stayvista.com/villa/paradise-valley,2026-10-15,,PMS Only,"Present in PMS Base Dump, not found in SU"
pay_TcgQ1RvFloT58A,1292481,PMS Guest,Others,Not in SU,confirmed,,451,Lilly,Shrutika,https://www.stayvista.com/villa/the-lilly-4-bhk-villa-in-ooty-with-spacious-rooms,2026-10-15,,PMS Only,"Present in PMS Base Dump, not found in SU"
30478820940,1292757,PMS Guest,Others,Not in SU,confirmed,,4004,A Portuguese Tale,Unassigned,https://www.stayvista.com/villa/a-portuguese-tale-assagao-7-bhk-villa-in-goa-with-private-pool-and-spacious-rooms,2026-10-15,,PMS Only,"Present in PMS Base Dump, not found in SU"
pay_TeaCwgtXjpwcy9,1293748,PMS Guest,Others,Not in SU,confirmed,,5081,Property #5081,Unassigned,not available,2026-10-15,,PMS Only,"Present in PMS Base Dump, not found in SU"
pay_Tf02xgrSqyDPKw,1294028,PMS Guest,Others,Not in SU,cancelled,,2454,Strelitzia- 2BHK,Tej,https://www.stayvista.com/villa/cedar-at-strelitzia,2026-10-15,,PMS Only,"Present in PMS Base Dump, not found in SU"
30866422824,1294340,PMS Guest,Others,Not in SU,confirmed,,5080,Property #5080,Unassigned,not available,2026-10-15,,PMS Only,"Present in PMS Base Dump, not found in SU"
CAN1256869,1260922,PMS Guest,Others,Not in SU,confirmed,,3740,Forktail House,Unassigned,https://www.stayvista.com/villa/forktail-house,2026-10-16,,PMS Only,"Present in PMS Base Dump, not found in SU"
28864809235,1263741,PMS Guest,Others,Not in SU,confirmed,,3987,Dolce Montagna,Tanvi,https://www.stayvista.com/villa/dolce-montagna-7-bhk-villa-in-lonavala-with-private-pool-and-spacious-rooms,2026-10-16,,PMS Only,"Present in PMS Base Dump, not found in SU"
28871871672,1263782,PMS Guest,Others,Not in SU,confirmed,,4581,Sicily,Unassigned,https://www.stayvista.com/villa/sicily,2026-10-16,,PMS Only,"Present in PMS Base Dump, not found in SU"
pay_TFFRct2JlBtOdG,1276837,PMS Guest,Others,Not in SU,confirmed,,1544,Villa mountain crest,Jakee,https://www.stayvista.com/villa/villa-mountain-crest,2026-10-16,,PMS Only,"Present in PMS Base Dump, not found in SU"
pay_TRdPPm1NVUYgi4,1285545,PMS Guest,Others,Not in SU,confirmed,,4580,Amalfi,Unassigned,https://www.stayvista.com/villa/amalfi,2026-10-16,,PMS Only,"Present in PMS Base Dump, not found in SU"
pay_TWg0mciOAg5nWs,1288830,PMS Guest,Others,Not in SU,confirmed,,4922,Orchard by the River,Unassigned,https://www.stayvista.com/villa/orchard-by-the-river,2026-10-16,,PMS Only,"Present in PMS Base Dump, not found in SU"
pay_TYeqHkZNynLu8x,1290134,PMS Guest,Others,Not in SU,confirmed,,4418,Casa Ti Amo,Unassigned,https://www.stayvista.com/villa/casa-ti-amo,2026-10-16,,PMS Only,"Present in PMS Base Dump, not found in SU"
30594523842,1290832,PMS Guest,Others,Not in SU,cancelled,,5126,Property #5126,Unassigned,not available,2026-10-16,,PMS Only,"Present in PMS Base Dump, not found in SU"
pay_TaHL7qkjJgHU3M,1291069,PMS Guest,Others,Not in SU,confirmed,,5453,The Summer House,Shital,https://www.stayvista.com/villa/the-summer-house,2026-10-16,,PMS Only,"Present in PMS Base Dump, not found in SU"
pay_TaKQJ3eEnBlRUX,1291116,PMS Guest,Others,Not in SU,confirmed,,691,Villa Sullivan,Unassigned,https://www.stayvista.com/villa/villa-sullivan-5-bhk-villa-in-ooty-with-spacious-rooms,2026-10-16,,PMS Only,"Present in PMS Base Dump, not found in SU"
pay_TaKSTVIJ4e1ms2,1291117,PMS Guest,Others,Not in SU,confirmed,,692,Villa Hugel - 5BR,Unassigned,https://www.stayvista.com/villa/villa-hugel-5-bhk-villa-in-ooty-with-spacious-rooms,2026-10-16,,PMS Only,"Present in PMS Base Dump, not found in SU"
pay_TaaICZhp3FwQvb,1291247,PMS Guest,Others,Not in SU,confirmed,,3624,Serenity by the Ganges,Unassigned,https://www.stayvista.com/villa/serenity-by-the-ganges,2026-10-16,,PMS Only,"Present in PMS Base Dump, not found in SU"
pay_Tac8hMIFKkisIM,1291276,PMS Guest,Others,Not in SU,confirmed,,1830,Bay View,Jakee,https://www.stayvista.com/villa/bay-view-magos-4-bhk-villa-in-goa-with-private-pool-and-spacious-rooms,2026-10-16,,PMS Only,"Present in PMS Base Dump, not found in SU"
nan,1292418,PMS Guest,Others,Not in SU,confirmed,,5720,Property #5720,Unassigned,not available,2026-10-16,,PMS Only,"Present in PMS Base Dump, not found in SU"
30751159108,1292737,PMS Guest,Others,Not in SU,confirmed,,1745,Emerald Acres,Unassigned,https://www.stayvista.com/villa/emerald-acres-7-bhk-villa-in-lonavala-with-private-pool-and-spacious-rooms,2026-10-16,,PMS Only,"Present in PMS Base Dump, not found in SU"
nan,1293794,PMS Guest,Others,Not in SU,tentative,,5144,Saya Infinity,Giftson,https://www.stayvista.com/villa/saya-infinity,2026-10-16,,PMS Only,"Present in PMS Base Dump, not found in SU"
pay_SlEXWoVrdbWRtW,1255192,PMS Guest,Others,Not in SU,confirmed,,4064,Ilika,Unassigned,https://www.stayvista.com/villa/ilika,2026-10-17,,PMS Only,"Present in PMS Base Dump, not found in SU"
GH25252268281186,1255861,PMS Guest,Gommt,Not in SU,confirmed,,5079,Property #5079,Unassigned,not available,2026-10-17,,PMS Only,"Present in PMS Base Dump, not found in SU"
pay_Snel9XzKt0BEvI,1256869,PMS Guest,Others,Not in SU,cancelled,,2927,Himalayan Horizon,Unassigned,https://www.stayvista.com/villa/himalayan-horizon,2026-10-17,,PMS Only,"Present in PMS Base Dump, not found in SU"
pay_TPEfebXtHBa8CQ,1284022,PMS Guest,Others,Not in SU,confirmed,,1979,Serenity Hills,Unassigned,https://www.stayvista.com/villa/serenity-hills,2026-10-17,,PMS Only,"Present in PMS Base Dump, not found in SU"
pay_TSrg0wXsUtTCRx,1286651,PMS Guest,Others,Not in SU,confirmed,,4908,Villa Lemonade,Jakee,https://www.stayvista.com/villa/villa-lemonade,2026-10-17,,PMS Only,"Present in PMS Base Dump, not found in SU"
pay_TTFyDqctwHDEPy,1286859,PMS Guest,Others,Not in SU,confirmed,,1688,Moets Waterfront Estate,Unassigned,https://www.stayvista.com/villa/moets-waterfront-estate-raison,2026-10-17,,PMS Only,"Present in PMS Base Dump, not found in SU"
temp_6a96528eefd20,1288805,PMS Guest,Others,Not in SU,confirmed,,2017,Coffee & Mist,Unassigned,https://www.stayvista.com/villa/coffee-and-mist-5-bhk-villa-in-coorg-with-private-pool-and-spacious-rooms,2026-10-17,,PMS Only,"Present in PMS Base Dump, not found in SU"
30478820940,1289340,PMS Guest,Others,Not in SU,cancelled,,2524,Isabella,Navita,https://www.stayvista.com/villa/isabella-siridao-10-bhk-villa-in-goa-with-private-pool-and-spacious-rooms,2026-10-17,,PMS Only,"Present in PMS Base Dump, not found in SU"
pay_TXZpMcgSVQT1sY,1289465,PMS Guest,Others,Not in SU,confirmed,,3847,Terracotta Skies,Unassigned,https://www.stayvista.com/villa/terracotta-skies-2-bhk-villa-in-nashik-with-private-pool-and-spacious-rooms,2026-10-17,,PMS Only,"Present in PMS Base Dump, not found in SU"
pay_TXw4ybS7Ihkv9r,1289676,PMS Guest,Others,Not in SU,confirmed,,100,Bungalow 89,Virag,https://www.stayvista.com/villa/bungalow-89-4-bhk-villa-in-lonavala-with-spacious-rooms,2026-10-17,,PMS Only,"Present in PMS Base Dump, not found in SU"
pay_TYhkUJ4ifEtqvb,1290181,PMS Guest,Others,Not in SU,confirmed,,5039,Truntum,Unassigned,https://www.stayvista.com/villa/truntum,2026-10-17,,PMS Only,"Present in PMS Base Dump, not found in SU"
625231000000,1290874,PMS Guest,Others,Not in SU,confirmed,,2117,Property #2117,Unassigned,not available,2026-10-17,,PMS Only,"Present in PMS Base Dump, not found in SU"
pay_TaNZO9ieOtjIIB,1291172,PMS Guest,Others,Not in SU,confirmed,,2582,Regal Retreat,Unassigned,https://www.stayvista.com/villa/regal-retreat,2026-10-17,,PMS Only,"Present in PMS Base Dump, not found in SU"
30639186663,1291501,PMS Guest,Others,Not in SU,cancelled,,2524,Isabella,Navita,https://www.stayvista.com/villa/isabella-siridao-10-bhk-villa-in-goa-with-private-pool-and-spacious-rooms,2026-10-17,,PMS Only,"Present in PMS Base Dump, not found in SU"
30478820940,1291511,PMS Guest,Others,Not in SU,cancelled,,2524,Isabella,Navita,https://www.stayvista.com/villa/isabella-siridao-10-bhk-villa-in-goa-with-private-pool-and-spacious-rooms,2026-10-17,,PMS Only,"Present in PMS Base Dump, not found in SU"
pay_TbRJpsOXzEVORD,1291881,PMS Guest,Others,Not in SU,confirmed,,5487,Weather Vane- Sea Facing Villa in Varkala,Unassigned,https://www.stayvista.com/villa/weather-vane-villa,2026-10-17,,PMS Only,"Present in PMS Base Dump, not found in SU"
pay_TbnaWUOfGxMeWw,1292032,PMS Guest,Others,Not in SU,confirmed,,1904,Firefly by the River,Unassigned,https://www.stayvista.com/villa/firefly-by-the-river-5-bhk-villa-in-coorg-with-spacious-rooms,2026-10-17,,PMS Only,"Present in PMS Base Dump, not found in SU"
pay_Tcd9nZSfGCvksQ,1292428,PMS Guest,Others,Not in SU,confirmed,,5171,Matchbox - Hosur,Unassigned,https://www.stayvista.com/villa/matchbox,2026-10-17,,PMS Only,"Present in PMS Base Dump, not found in SU"
pay_Tce0xyAUCZBihS,1292444,PMS Guest,Others,Not in SU,confirmed,,4249,The Nest at Canary Farms,Unassigned,https://www.stayvista.com/villa/the-nest-at-canary-farms,2026-10-17,,PMS Only,"Present in PMS Base Dump, not found in SU"
pay_TdUck7iISZ0bUh,1293124,PMS Guest,Others,Not in SU,confirmed,,5346,Property #5346,Unassigned,not available,2026-10-17,,PMS Only,"Present in PMS Base Dump, not found in SU"
pay_TdnvcnkRgBJt52,1293307,PMS Guest,Others,Not in SU,confirmed,,2879,Little Heaven,Unassigned,https://www.stayvista.com/villa/little-heaven-3-bhk-villa-in-ooty-with-spacious-rooms,2026-10-17,,PMS Only,"Present in PMS Base Dump, not found in SU"
SVBI/156398,1293387,PMS Guest,Others,Not in SU,confirmed,,5812,Property #5812,Unassigned,not available,2026-10-17,,PMS Only,"Present in PMS Base Dump, not found in SU"
pay_Tdy9xJyfLAffAA,1293476,PMS Guest,Others,Not in SU,confirmed,,3816,Seraphine,Unassigned,https://www.stayvista.com/villa/seraphine-6-bhk-villa-in-lonavala-with-private-pool-and-spacious-rooms,2026-10-17,,PMS Only,"Present in PMS Base Dump, not found in SU"
pay_TeGrQFfWi8owqG,1293620,PMS Guest,Others,Not in SU,confirmed,,5125,Property #5125,Unassigned,not available,2026-10-17,,PMS Only,"Present in PMS Base Dump, not found in SU"
30828727136,1293776,PMS Guest,Others,Not in SU,confirmed,,4035,Crystalline w/ Kid’s Room,Shital,https://www.stayvista.com/villa/crystalline-kids-room-3-bhk-villa-in-alibaug-with-private-pool-and-spacious-rooms,2026-10-17,,PMS Only,"Present in PMS Base Dump, not found in SU"
pay_Teyyyl9ImJPfeD,1294005,PMS Guest,Others,Not in SU,tentative,,5234,Verdant Farmstay - 10BR,Unassigned,https://www.stayvista.com/villa/verdant-farmstay,2026-10-17,,PMS Only,"Present in PMS Base Dump, not found in SU"
30848104799,1294030,PMS Guest,Others,Not in SU,confirmed,,4054,Nook @ Elysium Estate,Tanvi,https://www.stayvista.com/villa/nook-at-elysium-estate,2026-10-17,,PMS Only,"Present in PMS Base Dump, not found in SU"
pay_TfNIYFHdQNIErD,1294303,PMS Guest,Others,Not in SU,tentative,,3171,Aqua Vista,Unassigned,https://www.stayvista.com/villa/aqua-vista,2026-10-17,,PMS Only,"Present in PMS Base Dump, not found in SU"
pay_SF6OAkoA9yTYVD,1236716,PMS Guest,Others,Not in SU,cancelled,,2384,Property #2384,Unassigned,not available,2026-10-18,,PMS Only,"Present in PMS Base Dump, not found in SU"
nan,1236844,PMS Guest,Others,Not in SU,cancelled,,3914,Croft @ The Glen - 7BR,Unassigned,https://www.stayvista.com/villa/croft-at-the-glen-7-bhk-villa-in-lonavala-with-private-pool-and-spacious-rooms,2026-10-18,,PMS Only,"Present in PMS Base Dump, not found in SU"
6a995632-59dd-a9cd-92cf-ee0cb879f54e,1236846,PMS Guest,Others,Not in SU,confirmed,,3914,Croft @ The Glen - 7BR,Unassigned,https://www.stayvista.com/villa/croft-at-the-glen-7-bhk-villa-in-lonavala-with-private-pool-and-spacious-rooms,2026-10-18,,PMS Only,"Present in PMS Base Dump, not found in SU"
nan,1257883,PMS Guest,Others,Not in SU,confirmed,,1891,Nivriti,Unassigned,https://www.stayvista.com/villa/nivriti,2026-10-18,,PMS Only,"Present in PMS Base Dump, not found in SU"
GH73119271104306,1266920,PMS Guest,Gommt,Not in SU,cancelled,,5079,Property #5079,Unassigned,not available,2026-10-18,,PMS Only,"Present in PMS Base Dump, not found in SU"
pay_T3mVVzcaybfZwO,1269037,PMS Guest,Others,Not in SU,confirmed,,4930,Property #4930,Unassigned,not available,2026-10-18,,PMS Only,"Present in PMS Base Dump, not found in SU"
CAN1216328,1271844,PMS Guest,Others,Not in SU,cancelled,,2374,Paradise Valley,Unassigned,https://www.stayvista.com/villa/paradise-valley,2026-10-18,,PMS Only,"Present in PMS Base Dump, not found in SU"
pay_TKU6eMBjf7XFkh,1280663,PMS Guest,Others,Not in SU,confirmed,,4653,Tarika's Goldshore,Unassigned,https://www.stayvista.com/villa/tarikas-goldshore,2026-10-18,,PMS Only,"Present in PMS Base Dump, not found in SU"
temp_6a7ec2e33a600,1284314,PMS Guest,Others,Not in SU,confirmed,,5243,Premium Rooms @ Princess of Wayanad,Unassigned,https://www.stayvista.com/villa/premium-rooms-at-princess-of-wayanad,2026-10-18,,PMS Only,"Present in PMS Base Dump, not found in SU"
pay_TQ9aeG9RtBrV2A,1284803,PMS Guest,Others,Not in SU,confirmed,,2374,Paradise Valley,Unassigned,https://www.stayvista.com/villa/paradise-valley,2026-10-18,,PMS Only,"Present in PMS Base Dump, not found in SU"
pay_TU1Bmsbne5hYZD,1287312,PMS Guest,Others,Not in SU,confirmed,,4935,Amara Palms,Sharon,https://www.stayvista.com/villa/amara-palms,2026-10-18,,PMS Only,"Present in PMS Base Dump, not found in SU"
pay_TU1DPpM8iVGErl,1287313,PMS Guest,Others,Not in SU,confirmed,,4934,Zenith Palms,Unassigned,https://www.stayvista.com/villa/zenith-palms,2026-10-18,,PMS Only,"Present in PMS Base Dump, not found in SU"
pay_TVveBkZS2Wrfnw,1288430,PMS Guest,Others,Not in SU,confirmed,,2737,The Barn House,Unassigned,https://www.stayvista.com/villa/the-barn-house,2026-10-18,,PMS Only,"Present in PMS Base Dump, not found in SU"
nan,1289650,PMS Guest,Others,Not in SU,confirmed,,5684,Property #5684,Unassigned,not available,2026-10-18,,PMS Only,"Present in PMS Base Dump, not found in SU"
pay_TY3GEn2h9lZtkn,1289811,PMS Guest,Others,Not in SU,confirmed,,5687,Property #5687,Unassigned,not available,2026-10-18,,PMS Only,"Present in PMS Base Dump, not found in SU"
pay_TbnsAVWts9rmJJ,1292037,PMS Guest,Others,Not in SU,confirmed,,2455,Sienna @ Strelitzia,Unassigned,https://www.stayvista.com/villa/sienna-at-strelitzia,2026-10-18,,PMS Only,"Present in PMS Base Dump, not found in SU"
30713286923,1292207,PMS Guest,Others,Not in SU,confirmed,,4336,Property #4336,Unassigned,not available,2026-10-18,,PMS Only,"Present in PMS Base Dump, not found in SU"
pay_TdT3CgbBGnGIoy,1292981,PMS Guest,Others,Not in SU,confirmed,,2454,Strelitzia- 2BHK,Tej,https://www.stayvista.com/villa/cedar-at-strelitzia,2026-10-18,,PMS Only,"Present in PMS Base Dump, not found in SU"
pay_Tf5N1j6SQ1qhPS,1294138,PMS Guest,Others,Not in SU,tentative,,5246,The Treetops - 5BR,Unassigned,https://www.stayvista.com/villa/the-treetops,2026-10-18,,PMS Only,"Present in PMS Base Dump, not found in SU"
28450454663,1255191,PMS Guest,Others,Not in SU,confirmed,,4064,Ilika,Unassigned,https://www.stayvista.com/villa/ilika,2026-10-19,,PMS Only,"Present in PMS Base Dump, not found in SU"
CMS2122621039235,1280236,PMS Guest,Others,Not in SU,confirmed,,4729,Villa Mirador,Kajal,https://www.stayvista.com/villa/villa-mirador,2026-10-19,,PMS Only,"Present in PMS Base Dump, not found in SU"
nan,1285050,PMS Guest,Others,Not in SU,tentative,,2931,Emerald,Unassigned,https://www.stayvista.com/villa/emerald-10-bhk-villa-in-lonavala-with-private-pool-and-spacious-rooms,2026-10-19,,PMS Only,"Present in PMS Base Dump, not found in SU"
30207630998,1285655,PMS Guest,Others,Not in SU,confirmed,,4825,Meadows Land,Unassigned,https://www.stayvista.com/villa/meadows-land,2026-10-19,,PMS Only,"Present in PMS Base Dump, not found in SU"
260826073934436R01NCZMKRB,1286037,PMS Guest,Others,Not in SU,confirmed,,4341,Vista Residences at GK-1,Unassigned,https://www.stayvista.com/villa/stayvista-residences-at-gk-1,2026-10-19,,PMS Only,"Present in PMS Base Dump, not found in SU"
pay_TSi3p9twn9alKU,1286459,PMS Guest,B.com,Not in SU,confirmed,,5345,Property #5345,Unassigned,not available,2026-10-19,,PMS Only,"Present in PMS Base Dump, not found in SU"
pay_TSi7E4EXJ9FpKY,1286461,PMS Guest,B.com,Not in SU,confirmed,,5346,Property #5346,Unassigned,not available,2026-10-19,,PMS Only,"Present in PMS Base Dump, not found in SU"
30367871985,1288041,PMS Guest,Others,Not in SU,confirmed,,2426,Le Arc,Tej,https://www.stayvista.com/villa/le-arc-4-bhk-villa-in-lonavala-with-private-pool-and-spacious-rooms,2026-10-19,,PMS Only,"Present in PMS Base Dump, not found in SU"
30558932552,1290814,PMS Guest,Others,Not in SU,confirmed,,357,Cottage in the Clouds,Shital,https://www.stayvista.com/villa/cottage-in-the-clouds,2026-10-19,,PMS Only,"Present in PMS Base Dump, not found in SU"
nan,1291943,PMS Guest,Others,Not in SU,confirmed,,5605,Property #5605,Unassigned,not available,2026-10-19,,PMS Only,"Present in PMS Base Dump, not found in SU"
nan,1291944,PMS Guest,Others,Not in SU,confirmed,,5635,Property #5635,Unassigned,not available,2026-10-19,,PMS Only,"Present in PMS Base Dump, not found in SU"
pay_TbXn9oMJNsPM5k,1291955,PMS Guest,Others,Not in SU,confirmed,,4780,Roze Home,Unassigned,https://www.stayvista.com/villa/roze-home,2026-10-19,,PMS Only,"Present in PMS Base Dump, not found in SU"
pay_TGU81FaV6tdyMn,1277607,PMS Guest,Others,Not in SU,confirmed,,5062,Property #5062,Unassigned,not available,2026-10-20,,PMS Only,"Present in PMS Base Dump, not found in SU"
pay_TQWyjCYVwwyBvW,1285004,PMS Guest,Others,Not in SU,confirmed,,2417,Property #2417,Unassigned,not available,2026-10-20,,PMS Only,"Present in PMS Base Dump, not found in SU"
pay_TYgHQCGSVrH5SP,1290153,PMS Guest,Others,Not in SU,confirmed,,5175,the ray,Ajay,https://www.stayvista.com/villa/the-ray,2026-10-20,,PMS Only,"Present in PMS Base Dump, not found in SU"
pay_TakdCAaaECsOaH,1291467,PMS Guest,Others,Not in SU,cancelled,,5498,Property #5498,Unassigned,not available,2026-10-20,,PMS Only,"Present in PMS Base Dump, not found in SU"
pay_Tcgps6okbDcep9,1292486,PMS Guest,Others,Not in SU,cancelled,,2648,Ivory Hill,Tej,https://www.stayvista.com/villa/ivory-hill-madikeri-3-bhk-villa-in-coorg-with-spacious-rooms,2026-10-20,,PMS Only,"Present in PMS Base Dump, not found in SU"
CAN1292486,1292588,PMS Guest,Others,Not in SU,confirmed,,5072,Hermitage (Boutique Stay),Unassigned,https://www.stayvista.com/villa/hermitage-boutique-stay,2026-10-20,,PMS Only,"Present in PMS Base Dump, not found in SU"
pay_TdNbe2O9HttOPW,1292867,PMS Guest,Others,Not in SU,confirmed,,5253,The Hydrangeas - Coonoor,Unassigned,https://www.stayvista.com/villa/the-hydrangeas,2026-10-20,,PMS Only,"Present in PMS Base Dump, not found in SU"
30819653309,1293660,PMS Guest,B.com,Not in SU,confirmed,,5399,Property #5399,Unassigned,not available,2026-10-20,,PMS Only,"Present in PMS Base Dump, not found in SU"
NH20201492078694,1265394,PMS Guest,Gommt,Not in SU,confirmed,,5079,Property #5079,Unassigned,not available,2026-10-21,,PMS Only,"Present in PMS Base Dump, not found in SU"
pay_TKTKvOYZQ8zIDV,1280631,PMS Guest,Others,Not in SU,confirmed,,5415,Villa Rumjhum,Sharon,https://www.stayvista.com/villa/villa-rumjhum,2026-10-21,,PMS Only,"Present in PMS Base Dump, not found in SU"
pay_TQJipZl6zcZUtu,1284831,PMS Guest,Others,Not in SU,confirmed,,422,The Rain,Shital,https://www.stayvista.com/villa/the-rain,2026-10-21,,PMS Only,"Present in PMS Base Dump, not found in SU"
pay_TRaiawKHw8h2L1,1285607,PMS Guest,Others,Not in SU,confirmed,,2005,Viva La Vida,Unassigned,https://www.stayvista.com/villa/viva-la-vida,2026-10-21,,PMS Only,"Present in PMS Base Dump, not found in SU"
121212121,1287425,PMS Guest,Others,Not in SU,confirmed,,228,Property #228,Unassigned,not available,2026-10-21,,PMS Only,"Present in PMS Base Dump, not found in SU"
temp_6a94335804dcb,1288485,PMS Guest,Others,Not in SU,confirmed,,5710,Property #5710,Unassigned,not available,2026-10-21,,PMS Only,"Present in PMS Base Dump, not found in SU"
pay_TX8uYNsAzfTLQg,1289152,PMS Guest,Others,Not in SU,confirmed,,5866,Property #5866,Unassigned,not available,2026-10-21,,PMS Only,"Present in PMS Base Dump, not found in SU"
pay_Tb8NqpjRSqfpAE,1291789,PMS Guest,Others,Not in SU,confirmed,,357,Cottage in the Clouds,Shital,https://www.stayvista.com/villa/cottage-in-the-clouds,2026-10-21,,PMS Only,"Present in PMS Base Dump, not found in SU"
pay_TdSKV0G3NB0lYw,1292970,PMS Guest,Others,Not in SU,confirmed,,5019,HOB - House of Believer,Unassigned,https://www.stayvista.com/villa/hob-house-of-believer,2026-10-21,,PMS Only,"Present in PMS Base Dump, not found in SU"
pay_TdzCklxNZwLRHK,1293486,PMS Guest,Others,Not in SU,confirmed,,3389,Shwaas - 4BR,Unassigned,https://www.stayvista.com/villa/shwaas,2026-10-21,,PMS Only,"Present in PMS Base Dump, not found in SU"
temp_6ab0c9914ab81,1293746,PMS Guest,Others,Not in SU,confirmed,,4341,Vista Residences at GK-1,Unassigned,https://www.stayvista.com/villa/stayvista-residences-at-gk-1,2026-10-21,,PMS Only,"Present in PMS Base Dump, not found in SU"
pay_TedcF90gmMh5Ri,1293810,PMS Guest,Others,Not in SU,confirmed,,3135,Mudra Manor - 4BR,Unassigned,https://www.stayvista.com/villa/mudra-manor-4-bhk-villa-in-coorg-with-private-pool-and-spacious-rooms,2026-10-21,,PMS Only,"Present in PMS Base Dump, not found in SU"
pay_TeznvUSifIsZrL,1294021,PMS Guest,Others,Not in SU,confirmed,,3628,Property #3628,Unassigned,not available,2026-10-21,,PMS Only,"Present in PMS Base Dump, not found in SU"
NH71058463150142,1235279,PMS Guest,Gommt,Not in SU,cancelled,,4763,Property #4763,Unassigned,not available,2026-10-22,,PMS Only,"Present in PMS Base Dump, not found in SU"
pay_TKovGjgqlK5DXQ,1280825,PMS Guest,Others,Not in SU,confirmed,,4228,Property #4228,Unassigned,not available,2026-10-22,,PMS Only,"Present in PMS Base Dump, not found in SU"
pay_TMs1mZ0aYNe8qH,1282327,PMS Guest,Others,Not in SU,confirmed,,3506,Exotica Kabini,Unassigned,https://www.stayvista.com/villa/exotica-kabini,2026-10-22,,PMS Only,"Present in PMS Base Dump, not found in SU"
pay_Tb7RMfpgvNOLOI,1291751,PMS Guest,Others,Not in SU,cancelled,,5347,Property #5347,Unassigned,not available,2026-10-22,,PMS Only,"Present in PMS Base Dump, not found in SU"
pay_TciGxY3poar4wq,1292524,PMS Guest,Others,Not in SU,confirmed,,308,Tall Silver,Lakshmi,https://www.stayvista.com/villa/tall-silver,2026-10-22,,PMS Only,"Present in PMS Base Dump, not found in SU"
30751451972,1292750,PMS Guest,Others,Not in SU,confirmed,,5549,Property #5549,Unassigned,not available,2026-10-22,,PMS Only,"Present in PMS Base Dump, not found in SU"
pay_TdmkUab8Gg9ScL,1293288,PMS Guest,Others,Not in SU,confirmed,,5133,Property #5133,Unassigned,not available,2026-10-22,,PMS Only,"Present in PMS Base Dump, not found in SU"
pay_TeevT0CLM99KCy,1293834,PMS Guest,Others,Not in SU,confirmed,,2087,Tarika's Seascapes,Unassigned,https://www.stayvista.com/villa/tarikas-seascapes-dabolim-3-bhk-villa-in-goa-with-private-pool-and-spacious-rooms,2026-10-22,,PMS Only,"Present in PMS Base Dump, not found in SU"
30830121327,1293857,PMS Guest,Others,Not in SU,confirmed,,2182,Terra Nova,Unassigned,https://www.stayvista.com/villa/terra-nova-pawna-4-bhk-villa-in-lonavala-with-private-pool-and-spacious-rooms,2026-10-22,,PMS Only,"Present in PMS Base Dump, not found in SU"
nan,1254798,PMS Guest,Others,Not in SU,cancelled,,5146,The River Story - Raison,Unassigned,https://www.stayvista.com/villa/the-river-story,2026-10-23,,PMS Only,"Present in PMS Base Dump, not found in SU"
pay_T5R028rUKV7yrM,1270073,PMS Guest,Others,Not in SU,confirmed,,2229,The Grey Medley,Unassigned,https://www.stayvista.com/villa/the-grey-medley-5-bhk-villa-in-lonavala-with-private-pool-and-spacious-rooms,2026-10-23,,PMS Only,"Present in PMS Base Dump, not found in SU"
pay_THM9JsGj9o15AL,1278319,PMS Guest,Others,Not in SU,tentative,,4004,A Portuguese Tale,Unassigned,https://www.stayvista.com/villa/a-portuguese-tale-assagao-7-bhk-villa-in-goa-with-private-pool-and-spacious-rooms,2026-10-23,,PMS Only,"Present in PMS Base Dump, not found in SU"
IN42626050866789,1281119,PMS Guest,Others,Not in SU,confirmed,,4478,Vaana,Unassigned,https://www.stayvista.com/villa/vaana,2026-10-23,,PMS Only,"Present in PMS Base Dump, not found in SU"
pay_TOQL3wLPvODzXP,1283418,PMS Guest,Others,Not in SU,confirmed,,97,Mehta Mansion,Jakee,https://www.stayvista.com/villa/mehta-mansion-9-bhk-villa-with-private-pool,2026-10-23,,PMS Only,"Present in PMS Base Dump, not found in SU"
TOq6aPrbyS0HXQ,1283774,PMS Guest,Others,Not in SU,confirmed,,5490,Palmshade M2 Retreat - 7BR,Unassigned,https://www.stayvista.com/villa/palmshade-m2-retreat,2026-10-23,,PMS Only,"Present in PMS Base Dump, not found in SU"
nan,1284740,PMS Guest,Others,Not in SU,tentative,,4407,Villa Selene - Dolly J Homes,Unassigned,https://www.stayvista.com/villa/villa-selene,2026-10-23,,PMS Only,"Present in PMS Base Dump, not found in SU"
pay_TSkOENb2rU4lxi,1286505,PMS Guest,Others,Not in SU,confirmed,,5141,Property #5141,Unassigned,not available,2026-10-23,,PMS Only,"Present in PMS Base Dump, not found in SU"
pay_TWi1B5NS0FFba2,1288860,PMS Guest,Others,Not in SU,confirmed,,2195,Springfield,Jakee,https://www.stayvista.com/villa/springfield,2026-10-23,,PMS Only,"Present in PMS Base Dump, not found in SU"
pay_TZWKNUo8dEf2o8,1290664,PMS Guest,Others,Not in SU,confirmed,,5234,Verdant Farmstay - 10BR,Unassigned,https://www.stayvista.com/villa/verdant-farmstay,2026-10-23,,PMS Only,"Present in PMS Base Dump, not found in SU"
30584820244,1290692,PMS Guest,Others,Not in SU,confirmed,,2451,Pearl Lakeview Mansion,Unassigned,https://www.stayvista.com/villa/pearl-lakeview-mansion-igatpuri-5-bhk-villa-in-nashik-with-private-pool-and-spacious-rooms,2026-10-23,,PMS Only,"Present in PMS Base Dump, not found in SU"
625359000000,1291065,PMS Guest,Others,Not in SU,confirmed,,4971,Property #4971,Unassigned,not available,2026-10-23,,PMS Only,"Present in PMS Base Dump, not found in SU"
30616202474,1291098,PMS Guest,Others,Not in SU,confirmed,,5406,Whispering Trails,Unassigned,https://www.stayvista.com/villa/whispering-trails,2026-10-23,,PMS Only,"Present in PMS Base Dump, not found in SU"
nan,1291451,PMS Guest,Others,Not in SU,cancelled,,5363,Property #5363,Unassigned,not available,2026-10-23,,PMS Only,"Present in PMS Base Dump, not found in SU"
nan,1291452,PMS Guest,Others,Not in SU,confirmed,,5298,Flame @ Hill Top Heaven,Unassigned,https://www.stayvista.com/villa/flame-at-hill-top-heaven,2026-10-23,,PMS Only,"Present in PMS Base Dump, not found in SU"
30729101752,1291921,PMS Guest,Others,Not in SU,confirmed,,4159,Serenity Shores,Unassigned,https://www.stayvista.com/villa/serenity-shores,2026-10-23,,PMS Only,"Present in PMS Base Dump, not found in SU"
pay_TcimyMSj0y8EZx,1292534,PMS Guest,Others,Not in SU,confirmed,,100,Bungalow 89,Virag,https://www.stayvista.com/villa/bungalow-89-4-bhk-villa-in-lonavala-with-spacious-rooms,2026-10-23,,PMS Only,"Present in PMS Base Dump, not found in SU"
pay_TdNW2QEFdgkDzb,1292863,PMS Guest,Others,Not in SU,confirmed,,5468,Casa De Sai - 4BR,Unassigned,https://www.stayvista.com/villa/casa-de-sai,2026-10-23,,PMS Only,"Present in PMS Base Dump, not found in SU"
CANNN14082026,1293135,PMS Guest,Others,Not in SU,confirmed,,3314,Rustique Radiance - Khopoli,Unassigned,https://www.stayvista.com/villa/rustique-radiance-khopoli-4-bhk-villa-in-lonavala-with-private-pool-and-spacious-rooms,2026-10-23,,PMS Only,"Present in PMS Base Dump, not found in SU"
30811119317,1293579,PMS Guest,Others,Not in SU,confirmed,,2201,Mawi Infinitty Villa,Atif,https://www.stayvista.com/villa/mawi-infinitty-villa-pawna-8-bhk-villa-in-lonavala-with-private-pool-and-spacious-rooms,2026-10-23,,PMS Only,"Present in PMS Base Dump, not found in SU"
pay_TfNDukEeZO0JyP,1294301,PMS Guest,Others,Not in SU,confirmed,,4035,Crystalline w/ Kid’s Room,Shital,https://www.stayvista.com/villa/crystalline-kids-room-3-bhk-villa-in-alibaug-with-private-pool-and-spacious-rooms,2026-10-23,,PMS Only,"Present in PMS Base Dump, not found in SU"
pay_TfPjaAyGEfI3bp,1294350,PMS Guest,Others,Not in SU,confirmed,,1951,Our Beloved Summer,Unassigned,https://www.stayvista.com/villa/our-beloved-summer-6-bhk-villa-in-alibaug-with-private-pool-and-spacious-rooms,2026-10-23,,PMS Only,"Present in PMS Base Dump, not found in SU"
pay_ScdXhZIcxDooYG,1249614,PMS Guest,Others,Not in SU,confirmed,,4899,Villa Aera - 4BR,Unassigned,https://www.stayvista.com/villa/villa-aera,2026-10-24,,PMS Only,"Present in PMS Base Dump, not found in SU"
pay_Ss1xF8lTazNGoP,1260075,PMS Guest,Others,Not in SU,confirmed,,5002,Vintage Varanasi by the Ganges,Unassigned,https://www.stayvista.com/villa/vintage-varanasi-by-the-ganges,2026-10-24,,PMS Only,"Present in PMS Base Dump, not found in SU"
CAN1252054,1283237,PMS Guest,Others,Not in SU,confirmed,,4054,Nook @ Elysium Estate,Tanvi,https://www.stayvista.com/villa/nook-at-elysium-estate,2026-10-24,,PMS Only,"Present in PMS Base Dump, not found in SU"
pay_TPZWXyUc7tVDXz,1285059,PMS Guest,Others,Not in SU,confirmed,,4471,Vanya Veda,Shital,https://www.stayvista.com/villa/vanya-veda,2026-10-24,,PMS Only,"Present in PMS Base Dump, not found in SU"
nan,1285572,PMS Guest,Others,Not in SU,confirmed,,4008,Manvi Estate,Unassigned,https://www.stayvista.com/villa/the-manvi-estate,2026-10-24,,PMS Only,"Present in PMS Base Dump, not found in SU"
pay_TU011SF6nVkr37,1287297,PMS Guest,Others,Not in SU,confirmed,,5234,Verdant Farmstay - 10BR,Unassigned,https://www.stayvista.com/villa/verdant-farmstay,2026-10-24,,PMS Only,"Present in PMS Base Dump, not found in SU"
30331684955,1287496,PMS Guest,Others,Not in SU,tentative,,4625,Vrindara Niwas,Unassigned,https://www.stayvista.com/villa/vrindara-niwas,2026-10-24,,PMS Only,"Present in PMS Base Dump, not found in SU"
pay_TXaeLq9q0Wqoyt,1289476,PMS Guest,Others,Not in SU,confirmed,,2451,Pearl Lakeview Mansion,Unassigned,https://www.stayvista.com/villa/pearl-lakeview-mansion-igatpuri-5-bhk-villa-in-nashik-with-private-pool-and-spacious-rooms,2026-10-24,,PMS Only,"Present in PMS Base Dump, not found in SU"
nan,1289481,PMS Guest,Others,Not in SU,tentative,,5306,Property #5306,Unassigned,not available,2026-10-24,,PMS Only,"Present in PMS Base Dump, not found in SU"
pay_TXwmZCkJ14Z889,1289694,PMS Guest,Others,Not in SU,confirmed,,3955,Summer Days - Nagoa,Unassigned,https://www.stayvista.com/villa/summer-days-nagoa-5-bhk-villa-in-goa-with-private-pool-and-spacious-rooms,2026-10-24,,PMS Only,"Present in PMS Base Dump, not found in SU"
pay_TYies0AMrRZCie,1290189,PMS Guest,Others,Not in SU,confirmed,,5509,Property #5509,Unassigned,not available,2026-10-24,,PMS Only,"Present in PMS Base Dump, not found in SU"
30639579335,1291496,PMS Guest,Others,Not in SU,confirmed,,3354,Property #3354,Unassigned,not available,2026-10-24,,PMS Only,"Present in PMS Base Dump, not found in SU"
pay_TamcyP0j22B8Z8,1291509,PMS Guest,Others,Not in SU,confirmed,,3762,La Rive,Unassigned,https://www.stayvista.com/villa/la-rive-5-bhk-villa-in-lonavala-with-private-pool-and-spacious-rooms,2026-10-24,,PMS Only,"Present in PMS Base Dump, not found in SU"
pay_Tbmh4ksjSWqauf,1292024,PMS Guest,Others,Not in SU,confirmed,,3315,Sun n Sky,Unassigned,https://www.stayvista.com/villa/sun-n-sky-4-bhk-villa-in-alibaug-with-private-pool-and-spacious-rooms,2026-10-24,,PMS Only,"Present in PMS Base Dump, not found in SU"
pay_TbvBsKt6hyVko9,1292118,PMS Guest,Others,Not in SU,confirmed,,2210,Property #2210,Unassigned,not available,2026-10-24,,PMS Only,"Present in PMS Base Dump, not found in SU"
pay_TcJk2wirA6p3zr,1292296,PMS Guest,Others,Not in SU,confirmed,,4780,Roze Home,Unassigned,https://www.stayvista.com/villa/roze-home,2026-10-24,,PMS Only,"Present in PMS Base Dump, not found in SU"
pay_Td0KiOjF1MgMeY,1292636,PMS Guest,Others,Not in SU,confirmed,,5843,Property #5843,Unassigned,not available,2026-10-24,,PMS Only,"Present in PMS Base Dump, not found in SU"
pay_TdpdTThB7jsJLd,1293344,PMS Guest,Others,Not in SU,cancelled,,4205,Property #4205,Unassigned,not available,2026-10-24,,PMS Only,"Present in PMS Base Dump, not found in SU"
pay_TdpdTThB7jsJLd,1293587,PMS Guest,Others,Not in SU,confirmed,,4205,Property #4205,Unassigned,not available,2026-10-24,,PMS Only,"Present in PMS Base Dump, not found in SU"
308334000000,1293853,PMS Guest,Others,Not in SU,tentative,,5629,Ridge & Root,Unassigned,https://www.stayvista.com/villa/ridge-root,2026-10-24,,PMS Only,"Present in PMS Base Dump, not found in SU"
pay_TekMn3z58YAkzo,1293923,PMS Guest,Others,Not in SU,confirmed,,2638,The Barn,Unassigned,https://www.stayvista.com/villa/the-barn-5-bhk-villa-in-lonavala-with-private-pool-and-spacious-rooms,2026-10-24,,PMS Only,"Present in PMS Base Dump, not found in SU"
pay_TfN79owshQQ3v7,1294299,PMS Guest,Others,Not in SU,tentative,,3571,The Amaryllis,Unassigned,https://www.stayvista.com/villa/the-amaryllis-5-bhk-villa-in-karjat-with-private-pool-and-spacious-rooms,2026-10-24,,PMS Only,"Present in PMS Base Dump, not found in SU"
pay_TfQV4UL8sxF4tx,1294368,PMS Guest,Others,Not in SU,tentative,,3967,Bahava,Unassigned,https://www.stayvista.com/villa/bahava,2026-10-24,,PMS Only,"Present in PMS Base Dump, not found in SU"
30737350068,1292562,PMS Guest,Others,Not in SU,confirmed,,5403,Property #5403,Unassigned,not available,2026-10-25,,PMS Only,"Present in PMS Base Dump, not found in SU"
6839,1293203,PMS Guest,Others,Not in SU,confirmed,,5928,Property #5928,Unassigned,not available,2026-10-25,,PMS Only,"Present in PMS Base Dump, not found in SU"
temp_6a85a6b838427,1285689,PMS Guest,Others,Not in SU,cancelled,,5414,Property #5414,Unassigned,not available,2026-10-26,,PMS Only,"Present in PMS Base Dump, not found in SU"
pay_TVVJuEngnHPbH4,1288198,PMS Guest,Others,Not in SU,confirmed,,2374,Paradise Valley,Unassigned,https://www.stayvista.com/villa/paradise-valley,2026-10-26,,PMS Only,"Present in PMS Base Dump, not found in SU"
30814692348,1293766,PMS Guest,Others,Not in SU,confirmed,,432,Padam Hill,Shital,https://www.stayvista.com/villa/padam-hill,2026-10-26,,PMS Only,"Present in PMS Base Dump, not found in SU"
pay_TeL6JgmTmSJjOi,1293669,PMS Guest,Others,Not in SU,confirmed,,4958,Ocean Breeze - 7BR,Unassigned,https://www.stayvista.com/villa/ocean-breeze,2026-10-27,,PMS Only,"Present in PMS Base Dump, not found in SU"
pay_T5v1MjIStoeoPU,1270515,PMS Guest,Others,Not in SU,confirmed,,2457,Colonial Retreat - Ranikhet,Unassigned,https://www.stayvista.com/villa/colonial-retreat,2026-10-28,,PMS Only,"Present in PMS Base Dump, not found in SU"
pay_TS6nA1bh6axeRF,1286079,PMS Guest,Others,Not in SU,tentative,,3643,Property #3643,Unassigned,not available,2026-10-28,,PMS Only,"Present in PMS Base Dump, not found in SU"
pay_TX3DWlKNgukqD9,1289049,PMS Guest,Others,Not in SU,confirmed,,5590,Property #5590,Unassigned,not available,2026-10-28,,PMS Only,"Present in PMS Base Dump, not found in SU"
nan,1290318,PMS Guest,Others,Not in SU,confirmed,,228,Property #228,Unassigned,not available,2026-10-28,,PMS Only,"Present in PMS Base Dump, not found in SU"
nan,1293856,PMS Guest,Others,Not in SU,confirmed,,318,Property #318,Unassigned,not available,2026-10-28,,PMS Only,"Present in PMS Base Dump, not found in SU"
SVBI/1561312,1266142,PMS Guest,Others,Not in SU,confirmed,,4901,The Birdwood Estate,Unassigned,https://www.stayvista.com/villa/the-birdwood-estate,2026-10-29,,PMS Only,"Present in PMS Base Dump, not found in SU"
pay_TXwLoh6n1WtOKd,1289685,PMS Guest,Others,Not in SU,confirmed,,854,Nature's Abode,Unassigned,https://www.stayvista.com/villa/natures-abode-morjim-3-bhk-villa-in-goa-with-private-pool-and-spacious-rooms,2026-10-29,,PMS Only,"Present in PMS Base Dump, not found in SU"
30615153584,1291133,PMS Guest,Others,Not in SU,confirmed,,5720,Property #5720,Unassigned,not available,2026-10-29,,PMS Only,"Present in PMS Base Dump, not found in SU"
30685867279,1292043,PMS Guest,Others,Not in SU,confirmed,,4336,Property #4336,Unassigned,not available,2026-10-29,,PMS Only,"Present in PMS Base Dump, not found in SU"
FDRLH26180884583,1253256,PMS Guest,Others,Not in SU,tentative,,3706,M Villa,Unassigned,https://www.stayvista.com/villa/m-villa,2026-10-30,,PMS Only,"Present in PMS Base Dump, not found in SU"
pay_Sy1ZMhgUsefhE2,1264992,PMS Guest,Others,Not in SU,confirmed,,4297,Property #4297,Unassigned,not available,2026-10-30,,PMS Only,"Present in PMS Base Dump, not found in SU"
pay_Syzq0eIbMhauoD,1265494,PMS Guest,Others,Not in SU,confirmed,,3624,Serenity by the Ganges,Unassigned,https://www.stayvista.com/villa/serenity-by-the-ganges,2026-10-30,,PMS Only,"Present in PMS Base Dump, not found in SU"
pay_TFPcrU6k4YYaC2,1276955,PMS Guest,Others,Not in SU,confirmed,,2740,Cedar Haven,Unassigned,https://www.stayvista.com/villa/cedar-haven-nahan-woutdoor-infinity-pool,2026-10-30,,PMS Only,"Present in PMS Base Dump, not found in SU"
pay_TG6VKGQnEw9tGi,1277333,PMS Guest,Others,Not in SU,confirmed,,2035,Property #2035,Unassigned,not available,2026-10-30,,PMS Only,"Present in PMS Base Dump, not found in SU"
nan,1287704,PMS Guest,Others,Not in SU,cancelled,,3937,The Grand Crest,Unassigned,https://www.stayvista.com/villa/the-grand-crest-9-bhk-villa-in-karjat-with-private-pool-and-spacious-rooms,2026-10-30,,PMS Only,"Present in PMS Base Dump, not found in SU"
nan,1287745,PMS Guest,Others,Not in SU,cancelled,,3937,The Grand Crest,Unassigned,https://www.stayvista.com/villa/the-grand-crest-9-bhk-villa-in-karjat-with-private-pool-and-spacious-rooms,2026-10-30,,PMS Only,"Present in PMS Base Dump, not found in SU"
30460181106,1289183,PMS Guest,Others,Not in SU,confirmed,,3937,The Grand Crest,Unassigned,https://www.stayvista.com/villa/the-grand-crest-9-bhk-villa-in-karjat-with-private-pool-and-spacious-rooms,2026-10-30,,PMS Only,"Present in PMS Base Dump, not found in SU"
pay_TXu7UiasYiiOX3,1289641,PMS Guest,Others,Not in SU,confirmed,,2426,Le Arc,Tej,https://www.stayvista.com/villa/le-arc-4-bhk-villa-in-lonavala-with-private-pool-and-spacious-rooms,2026-10-30,,PMS Only,"Present in PMS Base Dump, not found in SU"
nan,1292293,PMS Guest,Others,Not in SU,confirmed,,5490,Palmshade M2 Retreat - 7BR,Unassigned,https://www.stayvista.com/villa/palmshade-m2-retreat,2026-10-30,,PMS Only,"Present in PMS Base Dump, not found in SU"
pay_TeJpHULIe4Q3Kn,1293655,PMS Guest,Others,Not in SU,confirmed,,2638,The Barn,Unassigned,https://www.stayvista.com/villa/the-barn-5-bhk-villa-in-lonavala-with-private-pool-and-spacious-rooms,2026-10-30,,PMS Only,"Present in PMS Base Dump, not found in SU"
pay_TOIiyMUV9l2FkW,1283281,PMS Guest,Others,Not in SU,confirmed,,2042,Lake Arches,Unassigned,https://www.stayvista.com/villa/lake-arches-igatpuri-4-bhk-villa-in-nashik-with-private-pool-and-spacious-rooms,2026-10-31,,PMS Only,"Present in PMS Base Dump, not found in SU"
IN22622537840217,1284370,PMS Guest,Others,Not in SU,tentative,,3661,Tarika's Villa,Unassigned,https://www.stayvista.com/villa/tarikas-villa,2026-10-31,,PMS Only,"Present in PMS Base Dump, not found in SU"
pay_TSoTvUsHRwA44Y,1286593,PMS Guest,Others,Not in SU,confirmed,,3074,Backwater Hills,Navita,https://www.stayvista.com/villa/backwater-hills-4-bhk-villa-in-karjat-with-private-pool-and-spacious-rooms,2026-10-31,,PMS Only,"Present in PMS Base Dump, not found in SU"
pay_TYnUzI2Fsapi19,1290248,PMS Guest,Others,Not in SU,confirmed,,3763,La Sierra,Unassigned,https://www.stayvista.com/villa/la-sierra-5-bhk-villa-in-lonavala-with-private-pool-and-spacious-rooms,2026-10-31,,PMS Only,"Present in PMS Base Dump, not found in SU"
pay_TZ4REay595PaBW,1290346,PMS Guest,Others,Not in SU,confirmed,,3475,La Belleza,Unassigned,https://www.stayvista.com/villa/la-belleza-6-bhk-villa-in-lonavala-with-private-pool-and-spacious-rooms,2026-10-31,,PMS Only,"Present in PMS Base Dump, not found in SU"
pay_TbvRcBVH6aBHvp,1292125,PMS Guest,Others,Not in SU,confirmed,,4265,Property #4265,Unassigned,not available,2026-10-31,,PMS Only,"Present in PMS Base Dump, not found in SU"
nan,1293154,PMS Guest,Others,Not in SU,cancelled,,1543,Khohar Haveli,Shital,https://www.stayvista.com/villa/khohar-haveli,2026-10-31,,PMS Only,"Present in PMS Base Dump, not found in SU"
30781065445,1293193,PMS Guest,Others,Not in SU,confirmed,,3354,Property #3354,Unassigned,not available,2026-10-31,,PMS Only,"Present in PMS Base Dump, not found in SU"
temp_6ab0cb31c7910,1293739,PMS Guest,Others,Not in SU,confirmed,,5710,Property #5710,Unassigned,not available,2026-10-31,,PMS Only,"Present in PMS Base Dump, not found in SU"
NH71058463154222,1235281,PMS Guest,Gommt,Not in SU,cancelled,,4763,Property #4763,Unassigned,not available,2026-11-01,,PMS Only,"Present in PMS Base Dump, not found in SU"
temp_69dcc5075b42f,1249741,PMS Guest,Others,Not in SU,confirmed,,4416,Aarna Estate,Unassigned,https://www.stayvista.com/villa/aarna-estate,2026-11-01,,PMS Only,"Present in PMS Base Dump, not found in SU"
9,1277373,PMS Guest,Others,Not in SU,cancelled,,5602,Property #5602,Unassigned,not available,2026-11-01,,PMS Only,"Present in PMS Base Dump, not found in SU"
temp_6a69ce108982e,1279563,PMS Guest,Others,Not in SU,cancelled,,5401,Property #5401,Unassigned,not available,2026-11-01,,PMS Only,"Present in PMS Base Dump, not found in SU"
29948194862,1281986,PMS Guest,Others,Not in SU,confirmed,,5151,Leopard's Haus,Unassigned,https://www.stayvista.com/villa/leopards-haus,2026-11-01,,PMS Only,"Present in PMS Base Dump, not found in SU"
nan,1287422,PMS Guest,Others,Not in SU,confirmed,,5008,StayVista Residences at Baner - Balewadi,Unassigned,https://www.stayvista.com/villa/stayvista-residences-at-baner-balewadi,2026-11-01,,PMS Only,"Present in PMS Base Dump, not found in SU"
CAN1235698,1287670,PMS Guest,Others,Not in SU,confirmed,,4250,Priana,Unassigned,https://www.stayvista.com/villa/priana,2026-11-01,,PMS Only,"Present in PMS Base Dump, not found in SU"
pay_TccbdSq0pz6feO,1292414,PMS Guest,Others,Not in SU,confirmed,,3624,Serenity by the Ganges,Unassigned,https://www.stayvista.com/villa/serenity-by-the-ganges,2026-11-01,,PMS Only,"Present in PMS Base Dump, not found in SU"
GH70076262559472,1235989,PMS Guest,Gommt,Not in SU,cancelled,,4763,Property #4763,Unassigned,not available,2026-11-02,,PMS Only,"Present in PMS Base Dump, not found in SU"
temp_6a5f4cee4d4f5,1277365,PMS Guest,Others,Not in SU,cancelled,,5399,Property #5399,Unassigned,not available,2026-11-02,,PMS Only,"Present in PMS Base Dump, not found in SU"
pay_TTWVem5IJqEdep,1286961,PMS Guest,Others,Not in SU,confirmed,,1830,Bay View,Jakee,https://www.stayvista.com/villa/bay-view-magos-4-bhk-villa-in-goa-with-private-pool-and-spacious-rooms,2026-11-02,,PMS Only,"Present in PMS Base Dump, not found in SU"
8465879863,1254298,PMS Guest,Others,Not in SU,tentative,,2042,Lake Arches,Unassigned,https://www.stayvista.com/villa/lake-arches-igatpuri-4-bhk-villa-in-nashik-with-private-pool-and-spacious-rooms,2026-11-03,,PMS Only,"Present in PMS Base Dump, not found in SU"
30694330622,1292506,PMS Guest,Others,Not in SU,confirmed,,1745,Emerald Acres,Unassigned,https://www.stayvista.com/villa/emerald-acres-7-bhk-villa-in-lonavala-with-private-pool-and-spacious-rooms,2026-11-03,,PMS Only,"Present in PMS Base Dump, not found in SU"
pay_TQQpB4mdeRItnb,1284938,PMS Guest,Others,Not in SU,confirmed,,3897,Wellbeing Villa,Giftson,https://www.stayvista.com/villa/wellbeing-villa,2026-11-04,,PMS Only,"Present in PMS Base Dump, not found in SU"
30850791688,1294074,PMS Guest,Others,Not in SU,confirmed,,2374,Paradise Valley,Unassigned,https://www.stayvista.com/villa/paradise-valley,2026-11-04,,PMS Only,"Present in PMS Base Dump, not found in SU"
pay_RgHlIwRUMtDMbv,1216648,PMS Guest,Others,Not in SU,cancelled,,2964,Villa Sierra Sky,Ajay,https://www.stayvista.com/villa/villa-sierra-sky,2026-11-05,,PMS Only,"Present in PMS Base Dump, not found in SU"
30704162319,1291898,PMS Guest,Others,Not in SU,confirmed,,5290,Crimson Bleu,Unassigned,https://www.stayvista.com/villa/crimson-bleu,2026-11-05,,PMS Only,"Present in PMS Base Dump, not found in SU"
pay_TdS4WqZ3R6Rp4N,1292961,PMS Guest,Others,Not in SU,confirmed,,2524,Isabella,Navita,https://www.stayvista.com/villa/isabella-siridao-10-bhk-villa-in-goa-with-private-pool-and-spacious-rooms,2026-11-05,,PMS Only,"Present in PMS Base Dump, not found in SU"
nan,1289352,PMS Guest,Others,Not in SU,cancelled,,4759,Property #4759,Unassigned,not available,2026-11-06,,PMS Only,"Present in PMS Base Dump, not found in SU"
pay_TdRzTuHFWkNJnG,1292958,PMS Guest,Others,Not in SU,confirmed,,2524,Isabella,Navita,https://www.stayvista.com/villa/isabella-siridao-10-bhk-villa-in-goa-with-private-pool-and-spacious-rooms,2026-11-06,,PMS Only,"Present in PMS Base Dump, not found in SU"
28093132554,1248722,PMS Guest,Others,Not in SU,confirmed,,5078,Mangal House By The Lake,Unassigned,https://www.stayvista.com/villa/mangal-house,2026-11-07,,PMS Only,"Present in PMS Base Dump, not found in SU"
2844903311,1273803,PMS Guest,Others,Not in SU,tentative,,3937,The Grand Crest,Unassigned,https://www.stayvista.com/villa/the-grand-crest-9-bhk-villa-in-karjat-with-private-pool-and-spacious-rooms,2026-11-07,,PMS Only,"Present in PMS Base Dump, not found in SU"
30117901756,1284442,PMS Guest,Others,Not in SU,confirmed,,3987,Dolce Montagna,Tanvi,https://www.stayvista.com/villa/dolce-montagna-7-bhk-villa-in-lonavala-with-private-pool-and-spacious-rooms,2026-11-07,,PMS Only,"Present in PMS Base Dump, not found in SU"
pay_TaH0GfRkcKuc4k,1291064,PMS Guest,Others,Not in SU,confirmed,,5762,Property #5762,Unassigned,not available,2026-11-07,,PMS Only,"Present in PMS Base Dump, not found in SU"
pay_Tb4AYkxlifSYUJ,1291684,PMS Guest,Others,Not in SU,cancelled,,5121,Property #5121,Unassigned,not available,2026-11-07,,PMS Only,"Present in PMS Base Dump, not found in SU"
pay_TchdkvDeR0W5GZ,1292510,PMS Guest,Others,Not in SU,confirmed,,5107,Cerulean Frame,Unassigned,https://www.stayvista.com/villa/cerulean-frame,2026-11-07,,PMS Only,"Present in PMS Base Dump, not found in SU"
pay_Tb4AYkxlifSYUJ,1293148,PMS Guest,Others,Not in SU,confirmed,,4675,Kailaasa,Tanvi,https://www.stayvista.com/villa/kailaasa,2026-11-07,,PMS Only,"Present in PMS Base Dump, not found in SU"
pay_TdYARo54DNnVaG,1293197,PMS Guest,Others,Not in SU,confirmed,,684,Shalom Villa,Unassigned,https://www.stayvista.com/villa/shalom-villa,2026-11-07,,PMS Only,"Present in PMS Base Dump, not found in SU"
30850817486,1294076,PMS Guest,Others,Not in SU,confirmed,,2374,Paradise Valley,Unassigned,https://www.stayvista.com/villa/paradise-valley,2026-11-07,,PMS Only,"Present in PMS Base Dump, not found in SU"
NH73177463145494,1235277,PMS Guest,Gommt,Not in SU,cancelled,,4763,Property #4763,Unassigned,not available,2026-11-08,,PMS Only,"Present in PMS Base Dump, not found in SU"
pay_THkZWha2Z0yDJg,1278600,PMS Guest,Others,Not in SU,confirmed,,5194,Maison Privée,Unassigned,https://www.stayvista.com/villa/maison-privee,2026-11-08,,PMS Only,"Present in PMS Base Dump, not found in SU"
temp_6a8eef76a2685,1287558,PMS Guest,Others,Not in SU,confirmed,,2362,The Charcoal Villa,Shital,https://www.stayvista.com/villa/the-charcoal-villa,2026-11-08,,PMS Only,"Present in PMS Base Dump, not found in SU"
IN42624456379025,1288898,PMS Guest,Others,Not in SU,tentative,,5658,Property #5658,Unassigned,not available,2026-11-08,,PMS Only,"Present in PMS Base Dump, not found in SU"
30445582292,1289052,PMS Guest,Others,Not in SU,confirmed,,4632,Echoes of Ease,Unassigned,https://www.stayvista.com/villa/echoes-of-ease,2026-11-08,,PMS Only,"Present in PMS Base Dump, not found in SU"
pay_TY1WuH2fF4Boww,1289795,PMS Guest,Others,Not in SU,confirmed,,5453,The Summer House,Shital,https://www.stayvista.com/villa/the-summer-house,2026-11-08,,PMS Only,"Present in PMS Base Dump, not found in SU"
pay_TcZtmAqFJRyBS2,1292377,PMS Guest,Others,Not in SU,confirmed,,2740,Cedar Haven,Unassigned,https://www.stayvista.com/villa/cedar-haven-nahan-woutdoor-infinity-pool,2026-11-08,,PMS Only,"Present in PMS Base Dump, not found in SU"
pay_TclhuGsoniYznh,1292571,PMS Guest,Others,Not in SU,confirmed,,456,Shibu's House,Shital,https://www.stayvista.com/villa/cheppanam-house,2026-11-08,,PMS Only,"Present in PMS Base Dump, not found in SU"
pay_TI8MMvMesvWhZM,1281031,PMS Guest,Others,Not in SU,confirmed,,5141,Property #5141,Unassigned,not available,2026-11-09,,PMS Only,"Present in PMS Base Dump, not found in SU"
pay_TRb4KsIlyGNPjR,1285614,PMS Guest,Others,Not in SU,confirmed,,4004,A Portuguese Tale,Unassigned,https://www.stayvista.com/villa/a-portuguese-tale-assagao-7-bhk-villa-in-goa-with-private-pool-and-spacious-rooms,2026-11-09,,PMS Only,"Present in PMS Base Dump, not found in SU"
CMS2392628216208,1287754,PMS Guest,Others,Not in SU,confirmed,,2142,The CinCin,Unassigned,https://www.stayvista.com/villa/the-cincin-6-bhk-villa-in-lonavala-with-private-pool-and-spacious-rooms,2026-11-09,,PMS Only,"Present in PMS Base Dump, not found in SU"
30498989557,1289601,PMS Guest,Others,Not in SU,confirmed,,5142,The Kasa w/ Infinity Pool & Home Theatre,Unassigned,https://www.stayvista.com/villa/the-kasa,2026-11-09,,PMS Only,"Present in PMS Base Dump, not found in SU"
pay_TYmLqoTIRvUEvE,1290239,PMS Guest,Others,Not in SU,confirmed,,5090,Casa Lucent,Unassigned,https://www.stayvista.com/villa/casa-lucent,2026-11-09,,PMS Only,"Present in PMS Base Dump, not found in SU"
AXOMB22302116226,1290640,PMS Guest,Others,Not in SU,tentative,,1688,Moets Waterfront Estate,Unassigned,https://www.stayvista.com/villa/moets-waterfront-estate-raison,2026-11-09,,PMS Only,"Present in PMS Base Dump, not found in SU"
pay_TZrIovebSK4xkJ,1290827,PMS Guest,Others,Not in SU,confirmed,,2320,La Grove,Shital,https://www.stayvista.com/villa/la-grove,2026-11-09,,PMS Only,"Present in PMS Base Dump, not found in SU"
pay_TaJ3X0LlIgCyTJ,1291091,PMS Guest,Others,Not in SU,confirmed,,2229,The Grey Medley,Unassigned,https://www.stayvista.com/villa/the-grey-medley-5-bhk-villa-in-lonavala-with-private-pool-and-spacious-rooms,2026-11-09,,PMS Only,"Present in PMS Base Dump, not found in SU"
pay_Tb760QiV1R7ESM,1291745,PMS Guest,Others,Not in SU,confirmed,,3661,Tarika's Villa,Unassigned,https://www.stayvista.com/villa/tarikas-villa,2026-11-09,,PMS Only,"Present in PMS Base Dump, not found in SU"
pay_TcG0eqJHCxkIY5,1292241,PMS Guest,Others,Not in SU,confirmed,,2836,Mokshah,Unassigned,https://www.stayvista.com/villa/mokshah-6-bhk-villa-in-nashik-with-private-pool-and-spacious-rooms,2026-11-09,,PMS Only,"Present in PMS Base Dump, not found in SU"
nan,1292283,PMS Guest,Others,Not in SU,cancelled,,2430,The Den,Unassigned,https://www.stayvista.com/villa/the-den,2026-11-09,,PMS Only,"Present in PMS Base Dump, not found in SU"
pay_TcLExiLp0kur7t,1292314,PMS Guest,Others,Not in SU,confirmed,,2430,The Den,Unassigned,https://www.stayvista.com/villa/the-den,2026-11-09,,PMS Only,"Present in PMS Base Dump, not found in SU"
30747440644,1292654,PMS Guest,Others,Not in SU,confirmed,,5010,Lacielo,Sharon,https://www.stayvista.com/villa/lacielo,2026-11-09,,PMS Only,"Present in PMS Base Dump, not found in SU"
30750879515,1292709,PMS Guest,Others,Not in SU,confirmed,,209,Ashore By Vista,Lakshmi,https://www.stayvista.com/villa/ashore-by-vista-morjim-6-bhk-villa-in-goa-with-private-pool-and-spacious-rooms,2026-11-09,,PMS Only,"Present in PMS Base Dump, not found in SU"
pay_Tdzc2NRKBlxiYq,1293390,PMS Guest,Others,Not in SU,confirmed,,4936,Oriana Palms,Tanvi,https://www.stayvista.com/villa/oriana-palms,2026-11-09,,PMS Only,"Present in PMS Base Dump, not found in SU"
pay_TeNLLIJkYW2ZHc,1293694,PMS Guest,Others,Not in SU,confirmed,,3098,Nautical Nook,Unassigned,https://www.stayvista.com/villa/nautical-nook-4-bhk-villa-in-tarkarli-with-spacious-rooms,2026-11-09,,PMS Only,"Present in PMS Base Dump, not found in SU"
pay_TQ2AVZcXFxUM1Z,1284712,PMS Guest,Others,Not in SU,confirmed,,3668,House of Hive,Ajay,https://www.stayvista.com/villa/house-of-hive,2026-11-10,,PMS Only,"Present in PMS Base Dump, not found in SU"
pay_TRyjncRmmU3deb,1285927,PMS Guest,Others,Not in SU,confirmed,,2042,Lake Arches,Unassigned,https://www.stayvista.com/villa/lake-arches-igatpuri-4-bhk-villa-in-nashik-with-private-pool-and-spacious-rooms,2026-11-10,,PMS Only,"Present in PMS Base Dump, not found in SU"
pay_TZYAfR6ndFEfY1,1290661,PMS Guest,Others,Not in SU,tentative,,5629,Ridge & Root,Unassigned,https://www.stayvista.com/villa/ridge-root,2026-11-10,,PMS Only,"Present in PMS Base Dump, not found in SU"
pay_TZsEirkPHbBYUk,1290844,PMS Guest,Others,Not in SU,confirmed,,3612,Property #3612,Unassigned,not available,2026-11-10,,PMS Only,"Present in PMS Base Dump, not found in SU"
30635569680,1291437,PMS Guest,Others,Not in SU,confirmed,,5687,Property #5687,Unassigned,not available,2026-11-10,,PMS Only,"Present in PMS Base Dump, not found in SU"
30710379797,1292300,PMS Guest,Others,Not in SU,confirmed,,2455,Sienna @ Strelitzia,Unassigned,https://www.stayvista.com/villa/sienna-at-strelitzia,2026-11-10,,PMS Only,"Present in PMS Base Dump, not found in SU"
28107830572,1248966,PMS Guest,Others,Not in SU,tentative,,3884,Property #3884,Unassigned,not available,2026-11-11,,PMS Only,"Present in PMS Base Dump, not found in SU"
TAb03RxF6iUabH,1273723,PMS Guest,Others,Not in SU,confirmed,,3945,Chestnut Manor,Unassigned,https://www.stayvista.com/villa/chestnut-manor,2026-11-11,,PMS Only,"Present in PMS Base Dump, not found in SU"
9100,1275591,PMS Guest,Others,Not in SU,confirmed,,3937,The Grand Crest,Unassigned,https://www.stayvista.com/villa/the-grand-crest-9-bhk-villa-in-karjat-with-private-pool-and-spacious-rooms,2026-11-11,,PMS Only,"Present in PMS Base Dump, not found in SU"
30003635194,1282529,PMS Guest,Others,Not in SU,confirmed,,4336,Property #4336,Unassigned,not available,2026-11-11,,PMS Only,"Present in PMS Base Dump, not found in SU"
30306731900,1282593,PMS Guest,Others,Not in SU,confirmed,,4341,Vista Residences at GK-1,Unassigned,https://www.stayvista.com/villa/stayvista-residences-at-gk-1,2026-11-11,,PMS Only,"Present in PMS Base Dump, not found in SU"
CAN1275902,1283250,PMS Guest,Others,Not in SU,confirmed,,1904,Firefly by the River,Unassigned,https://www.stayvista.com/villa/firefly-by-the-river-5-bhk-villa-in-coorg-with-spacious-rooms,2026-11-11,,PMS Only,"Present in PMS Base Dump, not found in SU"
pay_TWG2FNzgE8frYH,1288563,PMS Guest,Others,Not in SU,confirmed,,4958,Ocean Breeze - 7BR,Unassigned,https://www.stayvista.com/villa/ocean-breeze,2026-11-11,,PMS Only,"Present in PMS Base Dump, not found in SU"
29657804616,1289407,PMS Guest,Others,Not in SU,cancelled,,3914,Croft @ The Glen - 7BR,Unassigned,https://www.stayvista.com/villa/croft-at-the-glen-7-bhk-villa-in-lonavala-with-private-pool-and-spacious-rooms,2026-11-11,,PMS Only,"Present in PMS Base Dump, not found in SU"
771381364,1290603,PMS Guest,Others,Not in SU,cancelled,,256,La Bougainvillea – Heritage Home,Asmita,https://www.stayvista.com/villa/la-bougainvillea-porvorim-5-bhk-villa-in-goa-with-private-pool-and-spacious-rooms,2026-11-11,,PMS Only,"Present in PMS Base Dump, not found in SU"
pay_TbYBbH4IASZkLK,1291962,PMS Guest,Others,Not in SU,confirmed,,1609,Saanu Ki Villa,Shital,https://www.stayvista.com/villa/saanu-ki-villa-candolim-3-bhk-villa-in-goa-with-spacious-rooms,2026-11-11,,PMS Only,"Present in PMS Base Dump, not found in SU"
739513996,1291978,PMS Guest,Others,Not in SU,confirmed,,256,La Bougainvillea – Heritage Home,Asmita,https://www.stayvista.com/villa/la-bougainvillea-porvorim-5-bhk-villa-in-goa-with-private-pool-and-spacious-rooms,2026-11-11,,PMS Only,"Present in PMS Base Dump, not found in SU"
CMS2652634799634,1294086,PMS Guest,Others,Not in SU,confirmed,,3581,Nilaya By The Lake,Tanvi,https://www.stayvista.com/villa/nilaya-by-the-lake,2026-11-11,,PMS Only,"Present in PMS Base Dump, not found in SU"
pay_Tf79p1VLGwYJHL,1294316,PMS Guest,Others,Not in SU,confirmed,,4169,Casa San Antonio,Unassigned,https://www.stayvista.com/villa/casa-san-antonio,2026-11-11,,PMS Only,"Present in PMS Base Dump, not found in SU"
28903262848,1264133,PMS Guest,Others,Not in SU,confirmed,,4339,Property #4339,Unassigned,not available,2026-11-12,,PMS Only,"Present in PMS Base Dump, not found in SU"
28903262848,1264136,PMS Guest,Others,Not in SU,confirmed,,4341,Vista Residences at GK-1,Unassigned,https://www.stayvista.com/villa/stayvista-residences-at-gk-1,2026-11-12,,PMS Only,"Present in PMS Base Dump, not found in SU"
28903200943,1264182,PMS Guest,Others,Not in SU,confirmed,,4341,Vista Residences at GK-1,Unassigned,https://www.stayvista.com/villa/stayvista-residences-at-gk-1,2026-11-12,,PMS Only,"Present in PMS Base Dump, not found in SU"
28903262848,1264184,PMS Guest,Others,Not in SU,confirmed,,4339,Property #4339,Unassigned,not available,2026-11-12,,PMS Only,"Present in PMS Base Dump, not found in SU"
4472,1282570,PMS Guest,Others,Not in SU,confirmed,,5453,The Summer House,Shital,https://www.stayvista.com/villa/the-summer-house,2026-11-12,,PMS Only,"Present in PMS Base Dump, not found in SU"
30098350377,1282597,PMS Guest,Others,Not in SU,confirmed,,4339,Property #4339,Unassigned,not available,2026-11-12,,PMS Only,"Present in PMS Base Dump, not found in SU"
30329293084,1287453,PMS Guest,Others,Not in SU,tentative,,451,Lilly,Shrutika,https://www.stayvista.com/villa/the-lilly-4-bhk-villa-in-ooty-with-spacious-rooms,2026-11-12,,PMS Only,"Present in PMS Base Dump, not found in SU"
SBINR52026090241158717,1289145,PMS Guest,Others,Not in SU,confirmed,,4780,Roze Home,Unassigned,https://www.stayvista.com/villa/roze-home,2026-11-12,,PMS Only,"Present in PMS Base Dump, not found in SU"
pay_TQvEjQnkgu2VUd,1285227,PMS Guest,Others,Not in SU,cancelled,,3761,La Nirvana,Unassigned,https://www.stayvista.com/villa/la-nirvana-6-bhk-villa-in-lonavala-with-private-pool-and-spacious-rooms,2026-11-13,,PMS Only,"Present in PMS Base Dump, not found in SU"
30347917546,1287735,PMS Guest,Others,Not in SU,confirmed,,4221,The Grand Ten,Tanvi,https://www.stayvista.com/villa/the-grand-ten,2026-11-13,,PMS Only,"Present in PMS Base Dump, not found in SU"
pay_Tb328zpDhPQJMD,1291657,PMS Guest,Others,Not in SU,confirmed,,4058,Manthan,Pratiksha,https://www.stayvista.com/villa/manthan,2026-11-13,,PMS Only,"Present in PMS Base Dump, not found in SU"
pay_Text6xrHezkf9y,1293987,PMS Guest,Others,Not in SU,confirmed,,5072,Hermitage (Boutique Stay),Unassigned,https://www.stayvista.com/villa/hermitage-boutique-stay,2026-11-13,,PMS Only,"Present in PMS Base Dump, not found in SU"
pay_TMXmCcLersfJSQ,1282076,PMS Guest,Others,Not in SU,confirmed,,175,kainaat villa,Tejal,https://www.stayvista.com/villa/vista-dazzle-6-bhk-villa-with-private-pool,2026-11-14,,PMS Only,"Present in PMS Base Dump, not found in SU"
pay_TcavMVI6nleQzb,1292387,PMS Guest,Others,Not in SU,confirmed,,4169,Casa San Antonio,Unassigned,https://www.stayvista.com/villa/casa-san-antonio,2026-11-14,,PMS Only,"Present in PMS Base Dump, not found in SU"
UBINR22026092201014815,1294072,PMS Guest,Others,Not in SU,tentative,,2524,Isabella,Navita,https://www.stayvista.com/villa/isabella-siridao-10-bhk-villa-in-goa-with-private-pool-and-spacious-rooms,2026-11-14,,PMS Only,"Present in PMS Base Dump, not found in SU"
NH71058463160204,1235286,PMS Guest,Gommt,Not in SU,cancelled,,4763,Property #4763,Unassigned,not available,2026-11-15,,PMS Only,"Present in PMS Base Dump, not found in SU"
pay_TAZZIgDCE5BuZt,1273699,PMS Guest,Others,Not in SU,confirmed,,5002,Vintage Varanasi by the Ganges,Unassigned,https://www.stayvista.com/villa/vintage-varanasi-by-the-ganges,2026-11-15,,PMS Only,"Present in PMS Base Dump, not found in SU"
30331327065,1287493,PMS Guest,Others,Not in SU,confirmed,,5326,The YG Manor,Giftson,https://www.stayvista.com/villa/the-yg-manor,2026-11-15,,PMS Only,"Present in PMS Base Dump, not found in SU"
pay_TXT869KXGZ8Ehv,1289324,PMS Guest,Others,Not in SU,confirmed,,1574,Hillside Cove,Shital,https://www.stayvista.com/villa/hillside-cove-4-bhk-villa-in-lonavala-with-private-pool-and-spacious-rooms,2026-11-15,,PMS Only,"Present in PMS Base Dump, not found in SU"
pay_TdtGaiF4wwFISB,1293403,PMS Guest,Others,Not in SU,confirmed,,4004,A Portuguese Tale,Unassigned,https://www.stayvista.com/villa/a-portuguese-tale-assagao-7-bhk-villa-in-goa-with-private-pool-and-spacious-rooms,2026-11-15,,PMS Only,"Present in PMS Base Dump, not found in SU"
30627042351,1291312,PMS Guest,Others,Not in SU,confirmed,,4205,Property #4205,Unassigned,not available,2026-11-16,,PMS Only,"Present in PMS Base Dump, not found in SU"
pay_TfPLMTPLJSzPlQ,1294342,PMS Guest,Others,Not in SU,confirmed,,5052,Prana Zen House,Unassigned,https://www.stayvista.com/villa/prana-zen-house,2026-11-16,,PMS Only,"Present in PMS Base Dump, not found in SU"
NH79069493393472,1266801,PMS Guest,Gommt,Not in SU,cancelled,,5081,Property #5081,Unassigned,not available,2026-11-17,,PMS Only,"Present in PMS Base Dump, not found in SU"
NH79069493395452,1266806,PMS Guest,Gommt,Not in SU,confirmed,,5080,Property #5080,Unassigned,not available,2026-11-17,,PMS Only,"Present in PMS Base Dump, not found in SU"
363659-000000000018,1278553,PMS Guest,Others,Not in SU,tentative,,5564,Property #5564,Unassigned,not available,2026-11-17,,PMS Only,"Present in PMS Base Dump, not found in SU"
pay_TIuJ1mvs21gBXi,1279286,PMS Guest,Others,Not in SU,confirmed,,4156,Villa Holiva,Ajay,https://www.stayvista.com/villa/villa-holiva,2026-11-17,,PMS Only,"Present in PMS Base Dump, not found in SU"
pay_Teg7XLefe83y1n,1293854,PMS Guest,Others,Not in SU,confirmed,,5438,The Ivory Courtyard - 8BR,Unassigned,https://www.stayvista.com/villa/the-ivory-courtyard,2026-11-17,,PMS Only,"Present in PMS Base Dump, not found in SU"
30540349589,1290193,PMS Guest,Others,Not in SU,confirmed,,3580,Orian Villa,Unassigned,https://www.stayvista.com/villa/orion-villa,2026-11-18,,PMS Only,"Present in PMS Base Dump, not found in SU"
nan,1290567,PMS Guest,Others,Not in SU,cancelled,,4759,Property #4759,Unassigned,not available,2026-11-18,,PMS Only,"Present in PMS Base Dump, not found in SU"
pay_TeuiW6rSwjvGWa,1293966,PMS Guest,Others,Not in SU,confirmed,,4226,Casa PuMa,Unassigned,https://www.stayvista.com/villa/casa-puma-camurlim,2026-11-18,,PMS Only,"Present in PMS Base Dump, not found in SU"
pay_TfQvTGuzKg6FSA,1294379,PMS Guest,Others,Not in SU,tentative,,2064,Willowbrook Hill,Unassigned,https://www.stayvista.com/villa/willowbrook-hill,2026-11-18,,PMS Only,"Present in PMS Base Dump, not found in SU"
FDRLH26180884583,1271352,PMS Guest,Others,Not in SU,tentative,,3706,M Villa,Unassigned,https://www.stayvista.com/villa/m-villa,2026-11-19,,PMS Only,"Present in PMS Base Dump, not found in SU"
nan,1283037,PMS Guest,Others,Not in SU,confirmed,,4647,Gardenéa,Unassigned,https://www.stayvista.com/villa/gardenea,2026-11-19,,PMS Only,"Present in PMS Base Dump, not found in SU"
pay_TQUouXxJyoeYWP,1284989,PMS Guest,Others,Not in SU,confirmed,,1778,Primrose @ Albert Estate - 4BR,Unassigned,https://www.stayvista.com/villa/primrose-at-albert-estate,2026-11-19,,PMS Only,"Present in PMS Base Dump, not found in SU"
nan,1285673,PMS Guest,Others,Not in SU,cancelled,,4759,Property #4759,Unassigned,not available,2026-11-19,,PMS Only,"Present in PMS Base Dump, not found in SU"
nan,1286805,PMS Guest,Others,Not in SU,confirmed,,4759,Property #4759,Unassigned,not available,2026-11-19,,PMS Only,"Present in PMS Base Dump, not found in SU"
pay_TZcyASRjf20AeV,1290555,PMS Guest,Others,Not in SU,confirmed,,2709,Villa Sereno,Unassigned,https://www.stayvista.com/villa/villa-sereno-5-bhk-villa-in-alibaug-with-private-pool-and-spacious-rooms,2026-11-19,,PMS Only,"Present in PMS Base Dump, not found in SU"
30704183175,1292209,PMS Guest,Others,Not in SU,confirmed,,5246,The Treetops - 5BR,Unassigned,https://www.stayvista.com/villa/the-treetops,2026-11-19,,PMS Only,"Present in PMS Base Dump, not found in SU"
30773281972,1292229,PMS Guest,Others,Not in SU,confirmed,,4971,Property #4971,Unassigned,not available,2026-11-19,,PMS Only,"Present in PMS Base Dump, not found in SU"
30731052171,1292463,PMS Guest,Others,Not in SU,confirmed,,5703,Property #5703,Unassigned,not available,2026-11-19,,PMS Only,"Present in PMS Base Dump, not found in SU"
pay_RgHXCxvjMf4l5n,1216646,PMS Guest,Others,Not in SU,cancelled,,2964,Villa Sierra Sky,Ajay,https://www.stayvista.com/villa/villa-sierra-sky,2026-11-20,,PMS Only,"Present in PMS Base Dump, not found in SU"
NH70195468560086,1240197,PMS Guest,Gommt,Not in SU,cancelled,,3570,Silver Oak Farm,Sharon,https://www.makemytrip.com/hotels/hotel-details/?hotelId=202404191458096962&_uCurrency=INR&checkin=11252025&checkout=11262025&city=CTAGR&country=IN&funnelType=getaway&lat=27.16779&lng=78.04893&locusId=ZNDEL67F7E280&locusType=zone&rank=1&roomStayQualifier=2e0e&seekSummaryRequired=false&viewType=LUXE&mtkeys=defaultMtkey1000534855,2026-11-20,,PMS Only,"Present in PMS Base Dump, not found in SU"
689,1240594,PMS Guest,Others,Not in SU,confirmed,,4759,Property #4759,Unassigned,not available,2026-11-20,,PMS Only,"Present in PMS Base Dump, not found in SU"
pay_TAHALkqKoMsfO6,1273546,PMS Guest,Others,Not in SU,confirmed,,97,Mehta Mansion,Jakee,https://www.stayvista.com/villa/mehta-mansion-9-bhk-villa-with-private-pool,2026-11-20,,PMS Only,"Present in PMS Base Dump, not found in SU"
68251884,1279358,PMS Guest,Others,Not in SU,confirmed,,3678,Nova Nest - 6BHK,Unassigned,https://www.stayvista.com/villa/nova-nest-6-bhk-villa-in-lonavala-with-private-pool-and-spacious-rooms,2026-11-20,,PMS Only,"Present in PMS Base Dump, not found in SU"
nan,1285675,PMS Guest,Others,Not in SU,cancelled,,4759,Property #4759,Unassigned,not available,2026-11-20,,PMS Only,"Present in PMS Base Dump, not found in SU"
pay_TYPZzqLISKaYC2,1290066,PMS Guest,Others,Not in SU,confirmed,,4004,A Portuguese Tale,Unassigned,https://www.stayvista.com/villa/a-portuguese-tale-assagao-7-bhk-villa-in-goa-with-private-pool-and-spacious-rooms,2026-11-20,,PMS Only,"Present in PMS Base Dump, not found in SU"
nan,1291446,PMS Guest,Others,Not in SU,tentative,,4759,Property #4759,Unassigned,not available,2026-11-20,,PMS Only,"Present in PMS Base Dump, not found in SU"
CIUBH26254049975,1291480,PMS Guest,Others,Not in SU,confirmed,,2045,Vine & Splash,Unassigned,https://www.stayvista.com/villa/vine-and-splash-9-bhk-villa-with-private-pool,2026-11-20,,PMS Only,"Present in PMS Base Dump, not found in SU"
pay_Tf4CU0qGx8ee6M,1294105,PMS Guest,Others,Not in SU,confirmed,,5008,StayVista Residences at Baner - Balewadi,Unassigned,https://www.stayvista.com/villa/stayvista-residences-at-baner-balewadi,2026-11-20,,PMS Only,"Present in PMS Base Dump, not found in SU"
pay_Tf4HRNK7WkuyFA,1294107,PMS Guest,Others,Not in SU,confirmed,,5008,StayVista Residences at Baner - Balewadi,Unassigned,https://www.stayvista.com/villa/stayvista-residences-at-baner-balewadi,2026-11-20,,PMS Only,"Present in PMS Base Dump, not found in SU"
vistarooms-956181,1180428,PMS Guest,Others,Not in SU,cancelled,,4226,Casa PuMa,Unassigned,https://www.stayvista.com/villa/casa-puma-camurlim,2026-11-21,,PMS Only,"Present in PMS Base Dump, not found in SU"
nan,1240595,PMS Guest,Others,Not in SU,confirmed,,4759,Property #4759,Unassigned,not available,2026-11-21,,PMS Only,"Present in PMS Base Dump, not found in SU"
nan,1240596,PMS Guest,Others,Not in SU,confirmed,,4760,Executive Room @ StayVista Residences near Cyber City Hub,Unassigned,https://www.stayvista.com/villa/executive-room-at-stayvista-residences-near-cyber-city-hub,2026-11-21,,PMS Only,"Present in PMS Base Dump, not found in SU"
pay_TYN6VFkYA74uDO,1290032,PMS Guest,Others,Not in SU,confirmed,,2949,Ava - The Country House,Unassigned,https://www.stayvista.com/villa/ava-the-country-house,2026-11-21,,PMS Only,"Present in PMS Base Dump, not found in SU"
nan,1240598,PMS Guest,Others,Not in SU,confirmed,,4759,Property #4759,Unassigned,not available,2026-11-22,,PMS Only,"Present in PMS Base Dump, not found in SU"
nan,1240599,PMS Guest,Others,Not in SU,confirmed,,4760,Executive Room @ StayVista Residences near Cyber City Hub,Unassigned,https://www.stayvista.com/villa/executive-room-at-stayvista-residences-near-cyber-city-hub,2026-11-22,,PMS Only,"Present in PMS Base Dump, not found in SU"
pay_TJkuW8kJlTDDV5,1280002,PMS Guest,Others,Not in SU,confirmed,,4004,A Portuguese Tale,Unassigned,https://www.stayvista.com/villa/a-portuguese-tale-assagao-7-bhk-villa-in-goa-with-private-pool-and-spacious-rooms,2026-11-22,,PMS Only,"Present in PMS Base Dump, not found in SU"
CANST28092026,1290829,PMS Guest,Others,Not in SU,confirmed,,2042,Lake Arches,Unassigned,https://www.stayvista.com/villa/lake-arches-igatpuri-4-bhk-villa-in-nashik-with-private-pool-and-spacious-rooms,2026-11-22,,PMS Only,"Present in PMS Base Dump, not found in SU"
CNRBH00162869549,1294309,PMS Guest,Others,Not in SU,tentative,,4067,Nayak House,Ajay,https://www.stayvista.com/villa/nayak-house,2026-11-22,,PMS Only,"Present in PMS Base Dump, not found in SU"
28894165893,1264349,PMS Guest,Others,Not in SU,confirmed,,5388,The Palmnest,Unassigned,https://www.stayvista.com/villa/the-palmnest,2026-11-23,,PMS Only,"Present in PMS Base Dump, not found in SU"
pay_THVWAynrfYpqbK,1278403,PMS Guest,Others,Not in SU,confirmed,,1549,Vista Divine,Lakshmi,https://www.stayvista.com/villa/vista-divine,2026-11-23,,PMS Only,"Present in PMS Base Dump, not found in SU"
pay_TSQrF0cPAia2yZ,1286315,PMS Guest,Others,Not in SU,confirmed,,5633,Property #5633,Unassigned,not available,2026-11-23,,PMS Only,"Present in PMS Base Dump, not found in SU"
CAN1272928,1286509,PMS Guest,Others,Not in SU,confirmed,,4853,Ellis Ville,Unassigned,https://www.stayvista.com/villa/ellis-ville,2026-11-23,,PMS Only,"Present in PMS Base Dump, not found in SU"
pay_TVdpf47YVrY9TZ,1288326,PMS Guest,Others,Not in SU,confirmed,,2001,Mawi Summers,Unassigned,https://www.stayvista.com/villa/mawi-summers-arambol-4-bhk-villa-in-goa-with-spacious-rooms,2026-11-23,,PMS Only,"Present in PMS Base Dump, not found in SU"
pay_TeJRgquD8rXI8n,1293650,PMS Guest,Others,Not in SU,confirmed,,5356,Mana - 5BR,Unassigned,https://www.stayvista.com/villa/mana,2026-11-23,,PMS Only,"Present in PMS Base Dump, not found in SU"
GH70076262559732,1235990,PMS Guest,Gommt,Not in SU,cancelled,,4763,Property #4763,Unassigned,not available,2026-11-24,,PMS Only,"Present in PMS Base Dump, not found in SU"
SxajI3JAfUir9S,1264574,PMS Guest,Others,Not in SU,confirmed,,5002,Vintage Varanasi by the Ganges,Unassigned,https://www.stayvista.com/villa/vintage-varanasi-by-the-ganges,2026-11-24,,PMS Only,"Present in PMS Base Dump, not found in SU"
pay_TDjVS1JRKJlAzF,1275712,PMS Guest,Others,Not in SU,confirmed,,4759,Property #4759,Unassigned,not available,2026-11-24,,PMS Only,"Present in PMS Base Dump, not found in SU"
pay_TNcARnuV7gPvfw,1282818,PMS Guest,Others,Not in SU,confirmed,,5433,Cottage Rivera,Sharon,https://www.stayvista.com/villa/cottage-rivera,2026-11-24,,PMS Only,"Present in PMS Base Dump, not found in SU"
pay_TRDcbBEkkemA06,1285387,PMS Guest,Others,Not in SU,cancelled,,2740,Cedar Haven,Unassigned,https://www.stayvista.com/villa/cedar-haven-nahan-woutdoor-infinity-pool,2026-11-24,,PMS Only,"Present in PMS Base Dump, not found in SU"
CAN1285387,1286289,PMS Guest,Others,Not in SU,confirmed,,2135,Gulmohar Estate,Unassigned,https://www.stayvista.com/villa/gulmohar-estate,2026-11-24,,PMS Only,"Present in PMS Base Dump, not found in SU"
30520031805,1290329,PMS Guest,Others,Not in SU,cancelled,,4901,The Birdwood Estate,Unassigned,https://www.stayvista.com/villa/the-birdwood-estate,2026-11-24,,PMS Only,"Present in PMS Base Dump, not found in SU"
pay_TaoFKrccHCl1Sd,1291531,PMS Guest,Others,Not in SU,confirmed,,2374,Paradise Valley,Unassigned,https://www.stayvista.com/villa/paradise-valley,2026-11-24,,PMS Only,"Present in PMS Base Dump, not found in SU"
28987395635,1292426,PMS Guest,Others,Not in SU,cancelled,,1749,Nivaant Farms,Shital,https://www.stayvista.com/villa/nivaant-farms-5-bhk-villa-in-karjat-with-private-pool-and-spacious-rooms,2026-11-24,,PMS Only,"Present in PMS Base Dump, not found in SU"
pay_TckymhFfzjELtr,1292563,PMS Guest,Others,Not in SU,confirmed,,2638,The Barn,Unassigned,https://www.stayvista.com/villa/the-barn-5-bhk-villa-in-lonavala-with-private-pool-and-spacious-rooms,2026-11-24,,PMS Only,"Present in PMS Base Dump, not found in SU"
30796313649,1293367,PMS Guest,Others,Not in SU,confirmed,,5079,Property #5079,Unassigned,not available,2026-11-24,,PMS Only,"Present in PMS Base Dump, not found in SU"
pay_Tf6NusD3QeEtFp,1294166,PMS Guest,Others,Not in SU,confirmed,,697,Krishnalaya Mansion,Unassigned,https://www.stayvista.com/villa/krishnalaya-mansion,2026-11-24,,PMS Only,"Present in PMS Base Dump, not found in SU"
CNRBH00162869549,1294311,PMS Guest,Others,Not in SU,tentative,,4067,Nayak House,Ajay,https://www.stayvista.com/villa/nayak-house,2026-11-24,,PMS Only,"Present in PMS Base Dump, not found in SU"
347200000000,1249584,PMS Guest,Others,Not in SU,confirmed,,4759,Property #4759,Unassigned,not available,2026-11-25,,PMS Only,"Present in PMS Base Dump, not found in SU"
pay_StvFKIAtBaVqwu,1261614,PMS Guest,Others,Not in SU,confirmed,,4601,Property #4601,Unassigned,not available,2026-11-25,,PMS Only,"Present in PMS Base Dump, not found in SU"
NH28247505251810,1279822,PMS Guest,Gommt,Not in SU,confirmed,,4942,PS’ Infinity Hideout,Jakee,https://www.makemytrip.com/hotels/hotel-details/?hotelId=202510251147291509&_uCurrency=INR&checkin=11252025&checkout=11262025&city=CTAGR&country=IN&funnelType=getaway&lat=27.16779&lng=78.04893&locusId=ZNDEL67F7E280&locusType=zone&rank=1&roomStayQualifier=2e0e&seekSummaryRequired=false&viewType=LUXE&mtkeys=defaultMtkey1000694944,2026-11-25,,PMS Only,"Present in PMS Base Dump, not found in SU"
pay_TTDwsPZlpoMj1b,1286830,PMS Guest,Others,Not in SU,confirmed,,4205,Property #4205,Unassigned,not available,2026-11-25,,PMS Only,"Present in PMS Base Dump, not found in SU"
pay_TVfdBt75NBuaLB,1288338,PMS Guest,Others,Not in SU,cancelled,,4771,Caramel @ Golden Lark,Unassigned,https://www.stayvista.com/villa/caramel-at-golden-lark,2026-11-25,,PMS Only,"Present in PMS Base Dump, not found in SU"
pay_TVrS5OWnTrUYlS,1288381,PMS Guest,Others,Not in SU,confirmed,,3609,Arcadian Manor,Unassigned,https://www.stayvista.com/villa/arcadian-manor,2026-11-25,,PMS Only,"Present in PMS Base Dump, not found in SU"
nan,1249586,PMS Guest,Others,Not in SU,confirmed,,4759,Property #4759,Unassigned,not available,2026-11-26,,PMS Only,"Present in PMS Base Dump, not found in SU"
NH79204493186508,1266584,PMS Guest,Gommt,Not in SU,cancelled,,5080,Property #5080,Unassigned,not available,2026-11-26,,PMS Only,"Present in PMS Base Dump, not found in SU"
NH22242493192632,1266598,PMS Guest,Gommt,Not in SU,cancelled,,5080,Property #5080,Unassigned,not available,2026-11-26,,PMS Only,"Present in PMS Base Dump, not found in SU"
pay_TJNhJQ6BxL84f7,1279699,PMS Guest,Others,Not in SU,confirmed,,2606,Waterside Estate,Unassigned,https://www.stayvista.com/villa/waterside-estate,2026-11-26,,PMS Only,"Present in PMS Base Dump, not found in SU"
nan,1283912,PMS Guest,Others,Not in SU,cancelled,,3937,The Grand Crest,Unassigned,https://www.stayvista.com/villa/the-grand-crest-9-bhk-villa-in-karjat-with-private-pool-and-spacious-rooms,2026-11-26,,PMS Only,"Present in PMS Base Dump, not found in SU"
1847525305,1285162,PMS Guest,Others,Not in SU,confirmed,,3937,The Grand Crest,Unassigned,https://www.stayvista.com/villa/the-grand-crest-9-bhk-villa-in-karjat-with-private-pool-and-spacious-rooms,2026-11-26,,PMS Only,"Present in PMS Base Dump, not found in SU"
AXOMB23602076422,1287072,PMS Guest,Others,Not in SU,confirmed,,3098,Nautical Nook,Unassigned,https://www.stayvista.com/villa/nautical-nook-4-bhk-villa-in-tarkarli-with-spacious-rooms,2026-11-26,,PMS Only,"Present in PMS Base Dump, not found in SU"
30644529263,1291629,PMS Guest,Others,Not in SU,confirmed,,4004,A Portuguese Tale,Unassigned,https://www.stayvista.com/villa/a-portuguese-tale-assagao-7-bhk-villa-in-goa-with-private-pool-and-spacious-rooms,2026-11-26,,PMS Only,"Present in PMS Base Dump, not found in SU"
pay_TbrO7uChFf2Ljn,1292070,PMS Guest,Others,Not in SU,confirmed,,5648,Property #5648,Unassigned,not available,2026-11-26,,PMS Only,"Present in PMS Base Dump, not found in SU"
pay_TfQ7BH0NxsPF1Q,1294360,PMS Guest,Others,Not in SU,confirmed,,4996,The Arks Villa w/ Private Infinity Pool,Unassigned,https://www.stayvista.com/villa/the-arks-villa,2026-11-26,,PMS Only,"Present in PMS Base Dump, not found in SU"
CAN1284707,1288100,PMS Guest,Others,Not in SU,confirmed,,5018,Risacca - Amer,Unassigned,https://www.stayvista.com/villa/risacca-amer,2026-11-27,,PMS Only,"Present in PMS Base Dump, not found in SU"
30484098631,1289445,PMS Guest,Others,Not in SU,confirmed,,4407,Villa Selene - Dolly J Homes,Unassigned,https://www.stayvista.com/villa/villa-selene,2026-11-27,,PMS Only,"Present in PMS Base Dump, not found in SU"
temp_6aa3b4303a240,1291332,PMS Guest,Others,Not in SU,confirmed,,5146,The River Story - Raison,Unassigned,https://www.stayvista.com/villa/the-river-story,2026-11-27,,PMS Only,"Present in PMS Base Dump, not found in SU"
pay_SWAf81J77k66cn,1245525,PMS Guest,Others,Not in SU,confirmed,,1503,Hamptons Charm,Shital,https://www.stayvista.com/villa/hamptons-charm,2026-11-28,,PMS Only,"Present in PMS Base Dump, not found in SU"
temp_6a5f4985ef47a,1277357,PMS Guest,Others,Not in SU,cancelled,,5399,Property #5399,Unassigned,not available,2026-11-28,,PMS Only,"Present in PMS Base Dump, not found in SU"
pay_TSiOYKhEoFaRYO,1286465,PMS Guest,Others,Not in SU,cancelled,,5086,Red Gable,Unassigned,https://www.stayvista.com/villa/red-gable,2026-11-28,,PMS Only,"Present in PMS Base Dump, not found in SU"
30638718469,1291592,PMS Guest,Others,Not in SU,confirmed,,2687,Emilia Villa,Unassigned,https://www.stayvista.com/villa/emilia-villa,2026-11-28,,PMS Only,"Present in PMS Base Dump, not found in SU"
pay_TSiOYKhEoFaRYO,1292539,PMS Guest,Others,Not in SU,confirmed,,5929,Property #5929,Unassigned,not available,2026-11-28,,PMS Only,"Present in PMS Base Dump, not found in SU"
GH21115269975152,1262556,PMS Guest,Gommt,Not in SU,confirmed,,5079,Property #5079,Unassigned,not available,2026-11-29,,PMS Only,"Present in PMS Base Dump, not found in SU"
pay_TZaJhPEPS6Bz7k,1290740,PMS Guest,Others,Not in SU,confirmed,,5002,Vintage Varanasi by the Ganges,Unassigned,https://www.stayvista.com/villa/vintage-varanasi-by-the-ganges,2026-11-29,,PMS Only,"Present in PMS Base Dump, not found in SU"
pay_TcjOpOMrak7kXM,1292547,PMS Guest,Others,Not in SU,confirmed,,5624,Property #5624,Unassigned,not available,2026-11-29,,PMS Only,"Present in PMS Base Dump, not found in SU"
pay_TT6hohVGujPmyE,1286726,PMS Guest,Others,Not in SU,confirmed,,4568,Anya Nirvana,Unassigned,https://www.stayvista.com/villa/anya-nirvana,2026-11-30,,PMS Only,"Present in PMS Base Dump, not found in SU"
30434556019,1288812,PMS Guest,Others,Not in SU,confirmed,,4541,Villa Eleve,Unassigned,https://www.stayvista.com/villa/villa-eleve,2026-11-30,,PMS Only,"Present in PMS Base Dump, not found in SU"
pay_TX5eexAW1re5KE,1289090,PMS Guest,Others,Not in SU,confirmed,,5018,Risacca - Amer,Unassigned,https://www.stayvista.com/villa/risacca-amer,2026-11-30,,PMS Only,"Present in PMS Base Dump, not found in SU"
pay_TYpTRothq3KiR9,1290268,PMS Guest,Others,Not in SU,confirmed,,2195,Springfield,Jakee,https://www.stayvista.com/villa/springfield,2026-11-30,,PMS Only,"Present in PMS Base Dump, not found in SU"
30776490112,1292969,PMS Guest,Others,Not in SU,confirmed,,5712,Property #5712,Unassigned,not available,2026-11-30,,PMS Only,"Present in PMS Base Dump, not found in SU"
pay_SneNS4SJLeSZyV,1256860,PMS Guest,Others,Not in SU,confirmed,,3644,Property #3644,Unassigned,not available,2026-12-01,,PMS Only,"Present in PMS Base Dump, not found in SU"
NH75022492219130,1265495,PMS Guest,Gommt,Not in SU,cancelled,,5081,Property #5081,Unassigned,not available,2026-12-01,,PMS Only,"Present in PMS Base Dump, not found in SU"
temp_6a69c2660c07d,1279543,PMS Guest,Others,Not in SU,cancelled,,5401,Property #5401,Unassigned,not available,2026-12-01,,PMS Only,"Present in PMS Base Dump, not found in SU"
nan,1281599,PMS Guest,Others,Not in SU,cancelled,,1739,Casa Enchante,Shital,https://www.stayvista.com/villa/casa-enchante-4-bhk-villa-in-lonavala-with-private-pool-and-spacious-rooms,2026-12-01,,PMS Only,"Present in PMS Base Dump, not found in SU"
pay_TOVfyWblHwAUAJ,1283519,PMS Guest,Others,Not in SU,confirmed,,1543,Khohar Haveli,Shital,https://www.stayvista.com/villa/khohar-haveli,2026-12-01,,PMS Only,"Present in PMS Base Dump, not found in SU"
pay_TW4IEr9MD5GnUD,1288530,PMS Guest,Others,Not in SU,confirmed,,5201,Rajmahal Bagh,Unassigned,https://www.stayvista.com/villa/rajmahal-bagh,2026-12-01,,PMS Only,"Present in PMS Base Dump, not found in SU"
pay_TX7SRmPswzZdNz,1289124,PMS Guest,Others,Not in SU,confirmed,,4067,Nayak House,Ajay,https://www.stayvista.com/villa/nayak-house,2026-12-01,,PMS Only,"Present in PMS Base Dump, not found in SU"
pay_SGlm7bBSIygAvx,1237543,PMS Guest,Others,Not in SU,confirmed,,4067,Nayak House,Ajay,https://www.stayvista.com/villa/nayak-house,2026-12-02,,PMS Only,"Present in PMS Base Dump, not found in SU"
nan,1279369,PMS Guest,Others,Not in SU,cancelled,,5046,Moets Palm Villa,Shital,https://www.stayvista.com/villa/stayvista-residences-at-moets-palm,2026-12-02,,PMS Only,"Present in PMS Base Dump, not found in SU"
pay_TIyXVaa4Tl9TYq,1279386,PMS Guest,Others,Not in SU,confirmed,,5046,Moets Palm Villa,Shital,https://www.stayvista.com/villa/stayvista-residences-at-moets-palm,2026-12-02,,PMS Only,"Present in PMS Base Dump, not found in SU"
pay_TV927VckUSNea3,1287983,PMS Guest,Others,Not in SU,confirmed,,2524,Isabella,Navita,https://www.stayvista.com/villa/isabella-siridao-10-bhk-villa-in-goa-with-private-pool-and-spacious-rooms,2026-12-02,,PMS Only,"Present in PMS Base Dump, not found in SU"
pay_TVws0v3wvyIHNM,1288447,PMS Guest,Others,Not in SU,confirmed,,5057,Di Mora by the Sea,Unassigned,https://www.stayvista.com/villa/di-mora-by-the-sea,2026-12-02,,PMS Only,"Present in PMS Base Dump, not found in SU"
30750503114,1292708,PMS Guest,Others,Not in SU,tentative,,97,Mehta Mansion,Jakee,https://www.stayvista.com/villa/mehta-mansion-9-bhk-villa-with-private-pool,2026-12-02,,PMS Only,"Present in PMS Base Dump, not found in SU"
pay_Tf5VEFAPaqLO7A,1294145,PMS Guest,Others,Not in SU,confirmed,,4288,The Stargazer,Unassigned,https://www.stayvista.com/villa/the-stargazer,2026-12-02,,PMS Only,"Present in PMS Base Dump, not found in SU"
29617832956,1275028,PMS Guest,Others,Not in SU,confirmed,,3390,The Ganga House,Giftson,https://www.stayvista.com/villa/the-ganga-house,2026-12-04,,PMS Only,"Present in PMS Base Dump, not found in SU"
pay_TRLMIwUTsq2uvW,1285358,PMS Guest,Others,Not in SU,confirmed,,4901,The Birdwood Estate,Unassigned,https://www.stayvista.com/villa/the-birdwood-estate,2026-12-04,,PMS Only,"Present in PMS Base Dump, not found in SU"
pay_TRjC2BxKd2oSdw,1285758,PMS Guest,Others,Not in SU,confirmed,,4646,House of Palm - 4BR,Unassigned,https://www.stayvista.com/villa/house-of-palm,2026-12-04,,PMS Only,"Present in PMS Base Dump, not found in SU"
pay_TSMRcTcQmAZSCA,1286222,PMS Guest,Others,Not in SU,confirmed,,75,Princess villa,Tejal,https://www.stayvista.com/villa/princess-vista-pawna-3-bhk-villa-in-lonavala-with-private-pool-and-spacious-rooms,2026-12-04,,PMS Only,"Present in PMS Base Dump, not found in SU"
nan,1287653,PMS Guest,Others,Not in SU,cancelled,,5876,Property #5876,Unassigned,not available,2026-12-04,,PMS Only,"Present in PMS Base Dump, not found in SU"
30347465135,1287761,PMS Guest,Others,Not in SU,tentative,,2598,House of Nine,Unassigned,https://www.stayvista.com/villa/house-of-nine,2026-12-04,,PMS Only,"Present in PMS Base Dump, not found in SU"
pay_TVUcaWLaRfcxjV,1288189,PMS Guest,Others,Not in SU,confirmed,,5333,Property #5333,Unassigned,not available,2026-12-04,,PMS Only,"Present in PMS Base Dump, not found in SU"
pay_TXSPpRRhy1rfgx,1289312,PMS Guest,Others,Not in SU,confirmed,,5720,Property #5720,Unassigned,not available,2026-12-04,,PMS Only,"Present in PMS Base Dump, not found in SU"
nan,1289313,PMS Guest,Others,Not in SU,cancelled,,4759,Property #4759,Unassigned,not available,2026-12-04,,PMS Only,"Present in PMS Base Dump, not found in SU"
pay_TZZbUrXJXYx7zH,1290726,PMS Guest,Others,Not in SU,confirmed,,302,Villa Arcadia,Lakshmi,https://www.stayvista.com/villa/villa-arcadia-candolim-3-bhk-villa-in-goa-with-private-pool-and-spacious-rooms,2026-12-04,,PMS Only,"Present in PMS Base Dump, not found in SU"
nan,1290798,PMS Guest,Others,Not in SU,tentative,,4908,Villa Lemonade,Jakee,https://www.stayvista.com/villa/villa-lemonade,2026-12-04,,PMS Only,"Present in PMS Base Dump, not found in SU"
pay_TZxQOehiiLps6z,1290920,PMS Guest,Others,Not in SU,confirmed,,4111,NeerVana,Unassigned,https://www.stayvista.com/villa/neervana,2026-12-04,,PMS Only,"Present in PMS Base Dump, not found in SU"
pay_TZywbJXtuZaaFS,1290938,PMS Guest,Others,Not in SU,confirmed,,4393,tatvam,Unassigned,https://www.stayvista.com/villa/tatvam,2026-12-04,,PMS Only,"Present in PMS Base Dump, not found in SU"
nan,1293618,PMS Guest,Others,Not in SU,tentative,,5032,Casa Dos Reis,Tanvi,https://www.stayvista.com/villa/casa-dos-reis,2026-12-04,,PMS Only,"Present in PMS Base Dump, not found in SU"
pay_Sqvy1hupqv5YZf,1259160,PMS Guest,Others,Not in SU,confirmed,,5002,Vintage Varanasi by the Ganges,Unassigned,https://www.stayvista.com/villa/vintage-varanasi-by-the-ganges,2026-12-05,,PMS Only,"Present in PMS Base Dump, not found in SU"
NH74072493047314,1266394,PMS Guest,Gommt,Not in SU,cancelled,,5079,Property #5079,Unassigned,not available,2026-12-05,,PMS Only,"Present in PMS Base Dump, not found in SU"
pay_TYjWI1BYiTz8UZ,1290200,PMS Guest,Others,Not in SU,confirmed,,4406,Bourbon Sky,Unassigned,https://www.stayvista.com/villa/bourbon-sky,2026-12-05,,PMS Only,"Present in PMS Base Dump, not found in SU"
30575281744,1290626,PMS Guest,Others,Not in SU,confirmed,,1549,Vista Divine,Lakshmi,https://www.stayvista.com/villa/vista-divine,2026-12-05,,PMS Only,"Present in PMS Base Dump, not found in SU"
pay_TdVNgLOck8EuCO,1293136,PMS Guest,Others,Not in SU,confirmed,,5046,Moets Palm Villa,Shital,https://www.stayvista.com/villa/stayvista-residences-at-moets-palm,2026-12-05,,PMS Only,"Present in PMS Base Dump, not found in SU"
nan,1293619,PMS Guest,Others,Not in SU,tentative,,5032,Casa Dos Reis,Tanvi,https://www.stayvista.com/villa/casa-dos-reis,2026-12-05,,PMS Only,"Present in PMS Base Dump, not found in SU"
nan,1277274,PMS Guest,Others,Not in SU,tentative,,1749,Nivaant Farms,Shital,https://www.stayvista.com/villa/nivaant-farms-5-bhk-villa-in-karjat-with-private-pool-and-spacious-rooms,2026-12-06,,PMS Only,"Present in PMS Base Dump, not found in SU"
pay_TGaazMAidDTWMS,1277750,PMS Guest,Others,Not in SU,confirmed,,4117,Serene Garden,Tanvi,https://www.stayvista.com/villa/serene-garden,2026-12-06,,PMS Only,"Present in PMS Base Dump, not found in SU"
pay_TRipgJAxRFxCFi,1285756,PMS Guest,Others,Not in SU,confirmed,,1320,Udaikot,Heena,https://www.stayvista.com/villa/udaikot,2026-12-06,,PMS Only,"Present in PMS Base Dump, not found in SU"
pay_TecCHSDhQ2qXkM,1293780,PMS Guest,Others,Not in SU,confirmed,,4321,Cloudview Villa,Unassigned,https://www.stayvista.com/villa/cloudview-villa,2026-12-06,,PMS Only,"Present in PMS Base Dump, not found in SU"
GH73197262372450,1235464,PMS Guest,Gommt,Not in SU,cancelled,,4763,Property #4763,Unassigned,not available,2026-12-10,,PMS Only,"Present in PMS Base Dump, not found in SU"
pay_TYKaYiI03r1oXt,1289973,PMS Guest,Others,Not in SU,confirmed,,1257,Wood House Retreat,Unassigned,https://www.stayvista.com/villa/wood-house-retreat,2026-12-10,,PMS Only,"Present in PMS Base Dump, not found in SU"
pay_TbSScN0jiI8fsw,1291897,PMS Guest,Others,Not in SU,confirmed,,4169,Casa San Antonio,Unassigned,https://www.stayvista.com/villa/casa-san-antonio,2026-12-10,,PMS Only,"Present in PMS Base Dump, not found in SU"
pay_Tf5UlHefXbduMp,1294141,PMS Guest,Others,Not in SU,confirmed,,5283,Property #5283,Unassigned,not available,2026-12-10,,PMS Only,"Present in PMS Base Dump, not found in SU"
30330100513,1287471,PMS Guest,Others,Not in SU,confirmed,,697,Krishnalaya Mansion,Unassigned,https://www.stayvista.com/villa/krishnalaya-mansion,2026-12-11,,PMS Only,"Present in PMS Base Dump, not found in SU"
30440294597,1288903,PMS Guest,Others,Not in SU,confirmed,,5019,HOB - House of Believer,Unassigned,https://www.stayvista.com/villa/hob-house-of-believer,2026-12-11,,PMS Only,"Present in PMS Base Dump, not found in SU"
pay_Tf6mc5YOHIGe86,1294174,PMS Guest,Others,Not in SU,confirmed,,3928,Property #3928,Unassigned,not available,2026-12-11,,PMS Only,"Present in PMS Base Dump, not found in SU"
vistarooms-1064092,1199489,PMS Guest,Others,Not in SU,cancelled,,4647,Gardenéa,Unassigned,https://www.stayvista.com/villa/gardenea,2026-12-12,,PMS Only,"Present in PMS Base Dump, not found in SU"
28506718489,1256292,PMS Guest,Others,Not in SU,confirmed,,4221,The Grand Ten,Tanvi,https://www.stayvista.com/villa/the-grand-ten,2026-12-12,,PMS Only,"Present in PMS Base Dump, not found in SU"
pay_TabDE4mlHuYODL,1291258,PMS Guest,Others,Not in SU,confirmed,,5445,The Heliconia Bungalows,Tanvi,https://www.stayvista.com/villa/the-heliconia-bungalows,2026-12-12,,PMS Only,"Present in PMS Base Dump, not found in SU"
pay_TbNlMwVrZxytIa,1291846,PMS Guest,Others,Not in SU,confirmed,,3078,Rivera,Unassigned,https://www.stayvista.com/villa/rivera,2026-12-12,,PMS Only,"Present in PMS Base Dump, not found in SU"
NH24186463540278,1235636,PMS Guest,Gommt,Not in SU,cancelled,,4763,Property #4763,Unassigned,not available,2026-12-13,,PMS Only,"Present in PMS Base Dump, not found in SU"
NH70152465454634,1237316,PMS Guest,Gommt,Not in SU,cancelled,,4763,Property #4763,Unassigned,not available,2026-12-13,,PMS Only,"Present in PMS Base Dump, not found in SU"
nan,1288192,PMS Guest,Others,Not in SU,cancelled,,4250,Priana,Unassigned,https://www.stayvista.com/villa/priana,2026-12-13,,PMS Only,"Present in PMS Base Dump, not found in SU"
30382131388,1288299,PMS Guest,Others,Not in SU,confirmed,,4250,Priana,Unassigned,https://www.stayvista.com/villa/priana,2026-12-13,,PMS Only,"Present in PMS Base Dump, not found in SU"
pay_Tb29HCltsjoKQF,1291633,PMS Guest,Others,Not in SU,confirmed,,5080,Property #5080,Unassigned,not available,2026-12-13,,PMS Only,"Present in PMS Base Dump, not found in SU"
pay_T7GxOxtNKjqYyp,1271320,PMS Guest,Others,Not in SU,confirmed,,2748,Villa Vivendi,Unassigned,https://www.stayvista.com/villa/villa-vivendi,2026-12-14,,PMS Only,"Present in PMS Base Dump, not found in SU"
TAvz1a2YVLC5zc,1273911,PMS Guest,Others,Not in SU,confirmed,,209,Ashore By Vista,Lakshmi,https://www.stayvista.com/villa/ashore-by-vista-morjim-6-bhk-villa-in-goa-with-private-pool-and-spacious-rooms,2026-12-14,,PMS Only,"Present in PMS Base Dump, not found in SU"
pay_TJ9DVyFeGkSaNl,1279436,PMS Guest,Others,Not in SU,confirmed,,2881,Property #2881,Unassigned,not available,2026-12-14,,PMS Only,"Present in PMS Base Dump, not found in SU"
pay_TLK7Mv19ugypNv,1281164,PMS Guest,Others,Not in SU,confirmed,,5046,Moets Palm Villa,Shital,https://www.stayvista.com/villa/stayvista-residences-at-moets-palm,2026-12-14,,PMS Only,"Present in PMS Base Dump, not found in SU"
SVS3621094728789,1293147,PMS Guest,Others,Not in SU,confirmed,,2280,Sunset Escape,Unassigned,https://www.stayvista.com/villa/sunset-escape,2026-12-14,,PMS Only,"Present in PMS Base Dump, not found in SU"
29555852049,1275433,PMS Guest,Others,Not in SU,confirmed,,4780,Roze Home,Unassigned,https://www.stayvista.com/villa/roze-home,2026-12-15,,PMS Only,"Present in PMS Base Dump, not found in SU"
3435465,1287919,PMS Guest,Others,Not in SU,confirmed,,228,Property #228,Unassigned,not available,2026-12-15,,PMS Only,"Present in PMS Base Dump, not found in SU"
pay_TVwIQcpz8aoBen,1288438,PMS Guest,Others,Not in SU,confirmed,,3661,Tarika's Villa,Unassigned,https://www.stayvista.com/villa/tarikas-villa,2026-12-16,,PMS Only,"Present in PMS Base Dump, not found in SU"
nan,1289443,PMS Guest,Others,Not in SU,confirmed,,3094,Aarna House,Unassigned,https://www.stayvista.com/villa/aarna-house-4-bhk-villa-with-spacious-rooms,2026-12-16,,PMS Only,"Present in PMS Base Dump, not found in SU"
30562829599,1290462,PMS Guest,Others,Not in SU,confirmed,,300,Greenwood Bungalow,Lakshmi,https://www.stayvista.com/villa/greenwood-bungalow-6-bhk-villa-in-ooty-with-spacious-rooms,2026-12-16,,PMS Only,"Present in PMS Base Dump, not found in SU"
pay_SwhDtHxLuLng9h,1263806,PMS Guest,Others,Not in SU,cancelled,,4906,Vishram Van Villa,Unassigned,https://www.stayvista.com/villa/vishram-van-villa,2026-12-17,,PMS Only,"Present in PMS Base Dump, not found in SU"
pay_TOsWObV0mdCNHE,1283807,PMS Guest,Others,Not in SU,confirmed,,5419,Beryl Haven,Unassigned,https://www.stayvista.com/villa/beryl-haven,2026-12-17,,PMS Only,"Present in PMS Base Dump, not found in SU"
pay_TPHX9sbOunZbYs,1284101,PMS Guest,Others,Not in SU,cancelled,,456,Shibu's House,Shital,https://www.stayvista.com/villa/cheppanam-house,2026-12-17,,PMS Only,"Present in PMS Base Dump, not found in SU"
pay_TPHX9sbOunZbYs,1285680,PMS Guest,Others,Not in SU,confirmed,,456,Shibu's House,Shital,https://www.stayvista.com/villa/cheppanam-house,2026-12-17,,PMS Only,"Present in PMS Base Dump, not found in SU"
pay_SwhDtHxLuLng9h,1293442,PMS Guest,Others,Not in SU,confirmed,,5201,Rajmahal Bagh,Unassigned,https://www.stayvista.com/villa/rajmahal-bagh,2026-12-17,,PMS Only,"Present in PMS Base Dump, not found in SU"
pay_SygoGJSx22SzVS,1265362,PMS Guest,Others,Not in SU,confirmed,,357,Cottage in the Clouds,Shital,https://www.stayvista.com/villa/cottage-in-the-clouds,2026-12-18,,PMS Only,"Present in PMS Base Dump, not found in SU"
NH72005464075688,1236105,PMS Guest,Gommt,Not in SU,cancelled,,5080,Property #5080,Unassigned,not available,2026-12-19,,PMS Only,"Present in PMS Base Dump, not found in SU"
nan,1279903,PMS Guest,Others,Not in SU,tentative,,3945,Chestnut Manor,Unassigned,https://www.stayvista.com/villa/chestnut-manor,2026-12-19,,PMS Only,"Present in PMS Base Dump, not found in SU"
TO17JQipUTdQFw,1283747,PMS Guest,Others,Not in SU,tentative,,1749,Nivaant Farms,Shital,https://www.stayvista.com/villa/nivaant-farms-5-bhk-villa-in-karjat-with-private-pool-and-spacious-rooms,2026-12-19,,PMS Only,"Present in PMS Base Dump, not found in SU"
pay_RgHp1QOSy0KeAG,1216650,PMS Guest,Others,Not in SU,cancelled,,2964,Villa Sierra Sky,Ajay,https://www.stayvista.com/villa/villa-sierra-sky,2026-12-20,,PMS Only,"Present in PMS Base Dump, not found in SU"
NH77132472016822,1243394,PMS Guest,Gommt,Not in SU,confirmed,,2203,Acacia Skies,Ajay,https://www.makemytrip.com/hotels/hotel-details/?hotelId=202208091802243062&_uCurrency=INR&checkin=11252025&checkout=11262025&city=CTAGR&country=IN&funnelType=getaway&lat=27.16779&lng=78.04893&locusId=ZNDEL67F7E280&locusType=zone&rank=1&roomStayQualifier=2e0e&seekSummaryRequired=false&viewType=LUXE&mtkeys=defaultMtkey1000409571,2026-12-20,,PMS Only,"Present in PMS Base Dump, not found in SU"
pay_TK79Q2bdZw4cVw,1280279,PMS Guest,Others,Not in SU,confirmed,,3855,The Sweet Sunsation,Unassigned,https://www.stayvista.com/villa/the-sweet-sunsation,2026-12-20,,PMS Only,"Present in PMS Base Dump, not found in SU"
pay_TK7OhNvhaGHcm0,1280282,PMS Guest,Others,Not in SU,confirmed,,5046,Moets Palm Villa,Shital,https://www.stayvista.com/villa/stayvista-residences-at-moets-palm,2026-12-20,,PMS Only,"Present in PMS Base Dump, not found in SU"
pay_TECigw1JAiFGtu,1276112,PMS Guest,Others,Not in SU,confirmed,,5662,Property #5662,Unassigned,not available,2026-12-21,,PMS Only,"Present in PMS Base Dump, not found in SU"
30752800124,1291705,PMS Guest,Others,Not in SU,confirmed,,4817,Bael Leaf,Unassigned,https://www.stayvista.com/villa/bael-leaf,2026-12-21,,PMS Only,"Present in PMS Base Dump, not found in SU"
350022,1292520,PMS Guest,Others,Not in SU,confirmed,,4827,Property #4827,Unassigned,not available,2026-12-21,,PMS Only,"Present in PMS Base Dump, not found in SU"
pay_THecYr0vPMSVWI,1278466,PMS Guest,Others,Not in SU,confirmed,,1904,Firefly by the River,Unassigned,https://www.stayvista.com/villa/firefly-by-the-river-5-bhk-villa-in-coorg-with-spacious-rooms,2026-12-22,,PMS Only,"Present in PMS Base Dump, not found in SU"
pay_TNkSiCoxgrtZ4N,1282960,PMS Guest,Others,Not in SU,confirmed,,5758,Property #5758,Unassigned,not available,2026-12-22,,PMS Only,"Present in PMS Base Dump, not found in SU"
30101873333,1284108,PMS Guest,Others,Not in SU,confirmed,,1638,The Haven,Jakee,https://www.stayvista.com/villa/the-haven,2026-12-22,,PMS Only,"Present in PMS Base Dump, not found in SU"
30540921890,1290190,PMS Guest,Others,Not in SU,confirmed,,5212,Olive fields,Unassigned,https://www.stayvista.com/villa/olive-fields,2026-12-23,,PMS Only,"Present in PMS Base Dump, not found in SU"
30846234173,1293992,PMS Guest,Others,Not in SU,confirmed,,4827,Property #4827,Unassigned,not available,2026-12-23,,PMS Only,"Present in PMS Base Dump, not found in SU"
pay_TPETzQSU8tagS0,1284019,PMS Guest,Others,Not in SU,confirmed,,2280,Sunset Escape,Unassigned,https://www.stayvista.com/villa/sunset-escape,2026-12-24,,PMS Only,"Present in PMS Base Dump, not found in SU"
2255,1287260,PMS Guest,Others,Not in SU,confirmed,,5306,Property #5306,Unassigned,not available,2026-12-24,,PMS Only,"Present in PMS Base Dump, not found in SU"
Hit Taken towards PG fees as owner escalation,1292724,PMS Guest,Others,Not in SU,confirmed,,1884,Starry Deck,Unassigned,https://www.stayvista.com/villa/starry-deck,2026-12-24,,PMS Only,"Present in PMS Base Dump, not found in SU"
30813950512,1293629,PMS Guest,Others,Not in SU,confirmed,,3179,Savara,Ajay,https://www.stayvista.com/villa/savara,2026-12-24,,PMS Only,"Present in PMS Base Dump, not found in SU"
NH76168463949776,1235999,PMS Guest,Gommt,Not in SU,cancelled,,4763,Property #4763,Unassigned,not available,2026-12-25,,PMS Only,"Present in PMS Base Dump, not found in SU"
30557300007,1290411,PMS Guest,Others,Not in SU,confirmed,,3192,Verdant Acres,Unassigned,https://www.stayvista.com/villa/verdant-acres,2026-12-25,,PMS Only,"Present in PMS Base Dump, not found in SU"
pay_TcCJhT5UpeLNuj,1292193,PMS Guest,Others,Not in SU,confirmed,,2430,The Den,Unassigned,https://www.stayvista.com/villa/the-den,2026-12-25,,PMS Only,"Present in PMS Base Dump, not found in SU"
30813950512,1293628,PMS Guest,Others,Not in SU,confirmed,,5142,The Kasa w/ Infinity Pool & Home Theatre,Unassigned,https://www.stayvista.com/villa/the-kasa,2026-12-25,,PMS Only,"Present in PMS Base Dump, not found in SU"
30259730338,1286557,PMS Guest,Others,Not in SU,confirmed,,5243,Premium Rooms @ Princess of Wayanad,Unassigned,https://www.stayvista.com/villa/premium-rooms-at-princess-of-wayanad,2026-12-26,,PMS Only,"Present in PMS Base Dump, not found in SU"
30701552674,1292191,PMS Guest,Others,Not in SU,tentative,,1625,Umber Villa,Shital,https://www.stayvista.com/villa/umber-villa,2026-12-26,,PMS Only,"Present in PMS Base Dump, not found in SU"
pay_TdwiYyNtTVGeZr,1293456,PMS Guest,Others,Not in SU,confirmed,,4625,Vrindara Niwas,Unassigned,https://www.stayvista.com/villa/vrindara-niwas,2026-12-26,,PMS Only,"Present in PMS Base Dump, not found in SU"
pay_Tf37jVxsMW2M4A,1294075,PMS Guest,Others,Not in SU,confirmed,,4581,Sicily,Unassigned,https://www.stayvista.com/villa/sicily,2026-12-26,,PMS Only,"Present in PMS Base Dump, not found in SU"
pay_TYiII8pp8pNs2u,1290184,PMS Guest,Others,Not in SU,confirmed,,2638,The Barn,Unassigned,https://www.stayvista.com/villa/the-barn-5-bhk-villa-in-lonavala-with-private-pool-and-spacious-rooms,2026-12-27,,PMS Only,"Present in PMS Base Dump, not found in SU"
pay_TcOiO1MVqG3yZw,1292344,PMS Guest,Others,Not in SU,confirmed,,1503,Hamptons Charm,Shital,https://www.stayvista.com/villa/hamptons-charm,2026-12-27,,PMS Only,"Present in PMS Base Dump, not found in SU"
30790386680,1293272,PMS Guest,Others,Not in SU,confirmed,,5720,Property #5720,Unassigned,not available,2026-12-27,,PMS Only,"Present in PMS Base Dump, not found in SU"
pay_TelrUkUxMjWimz,1293939,PMS Guest,Others,Not in SU,confirmed,,2280,Sunset Escape,Unassigned,https://www.stayvista.com/villa/sunset-escape,2026-12-27,,PMS Only,"Present in PMS Base Dump, not found in SU"
28547436801,1257229,PMS Guest,Others,Not in SU,confirmed,,4729,Villa Mirador,Kajal,https://www.stayvista.com/villa/villa-mirador,2026-12-28,,PMS Only,"Present in PMS Base Dump, not found in SU"
HMCEC9TH9X,1277096,PMS Guest,Airbnb,Not in SU,cancelled,,5755,Property #5755,Unassigned,not available,2026-12-28,,PMS Only,"Present in PMS Base Dump, not found in SU"
Pay_TPw4BtQJ2vHa4E,1284617,PMS Guest,Others,Not in SU,cancelled,,5491,Property #5491,Unassigned,not available,2026-12-28,,PMS Only,"Present in PMS Base Dump, not found in SU"
Pay_TPw4BtQJ2vHa4E,1290742,PMS Guest,Others,Not in SU,confirmed,,1875,The Blue Horizon,Unassigned,https://www.stayvista.com/villa/the-blue-horizon,2026-12-28,,PMS Only,"Present in PMS Base Dump, not found in SU"
NH22076504340976,1278726,PMS Guest,Gommt,Not in SU,cancelled,,4736,Hillcrest Grove - Kotagiri,Giftson,https://www.makemytrip.com/hotels/hotel-details/?hotelId=202507251631533408&_uCurrency=INR&checkin=11252025&checkout=11262025&city=CTAGR&country=IN&funnelType=getaway&lat=27.16779&lng=78.04893&locusId=ZNDEL67F7E280&locusType=zone&rank=1&roomStayQualifier=2e0e&seekSummaryRequired=false&viewType=LUXE&mtkeys=defaultMtkey1000672395,2026-12-29,,PMS Only,"Present in PMS Base Dump, not found in SU"
pay_TO5B506yIpr3Ih,1283199,PMS Guest,Others,Not in SU,confirmed,,5371,Stories by the River - 4BR,Unassigned,https://www.stayvista.com/villa/stories-by-the-river,2026-12-29,,PMS Only,"Present in PMS Base Dump, not found in SU"
1836412731,1284320,PMS Guest,Others,Not in SU,tentative,,3140,Property #3140,Unassigned,not available,2026-12-29,,PMS Only,"Present in PMS Base Dump, not found in SU"
30755712439,1292850,PMS Guest,Others,Not in SU,confirmed,,3667,Willow Cove,Unassigned,https://www.stayvista.com/villa/willow-cove,2026-12-29,,PMS Only,"Present in PMS Base Dump, not found in SU"
28547664987,1257232,PMS Guest,Others,Not in SU,confirmed,,5143,The pink Magnolia,Jakee,https://www.stayvista.com/villa/the-pink-magnolia,2026-12-30,,PMS Only,"Present in PMS Base Dump, not found in SU"
nan,1262246,PMS Guest,Others,Not in SU,tentative,,1688,Moets Waterfront Estate,Unassigned,https://www.stayvista.com/villa/moets-waterfront-estate-raison,2026-12-30,,PMS Only,"Present in PMS Base Dump, not found in SU"
CMS2122620983285,1279446,PMS Guest,Others,Not in SU,confirmed,,3179,Savara,Ajay,https://www.stayvista.com/villa/savara,2026-12-30,,PMS Only,"Present in PMS Base Dump, not found in SU"
pay_TP7n86nEruQ3zr,1283896,PMS Guest,Others,Not in SU,confirmed,,2413,Tea House,Navita,https://www.stayvista.com/villa/tea-house,2026-12-30,,PMS Only,"Present in PMS Base Dump, not found in SU"
nan,1287348,PMS Guest,Others,Not in SU,tentative,,5209,Property #5209,Unassigned,not available,2026-12-30,,PMS Only,"Present in PMS Base Dump, not found in SU"
IDFB6240M4538940,1288405,PMS Guest,Others,Not in SU,confirmed,,2454,Strelitzia- 2BHK,Tej,https://www.stayvista.com/villa/cedar-at-strelitzia,2026-12-30,,PMS Only,"Present in PMS Base Dump, not found in SU"
pay_TWiCdmFXFCSVEg,1288861,PMS Guest,Others,Not in SU,confirmed,,3249,Grey Hues,Unassigned,https://www.stayvista.com/villa/grey-hues-8-bhk-villa-in-karjat-with-private-pool-and-spacious-rooms,2026-12-30,,PMS Only,"Present in PMS Base Dump, not found in SU"
pay_TZZlJLgVs6T6Ot,1290729,PMS Guest,Others,Not in SU,confirmed,,5928,Property #5928,Unassigned,not available,2026-12-30,,PMS Only,"Present in PMS Base Dump, not found in SU"
pay_TeEDtoowSdy7bZ,1293588,PMS Guest,Others,Not in SU,confirmed,,5560,Mooncrest Manor - 4BHK,Unassigned,https://www.stayvista.com/villa/mooncrest-manor,2026-12-30,,PMS Only,"Present in PMS Base Dump, not found in SU"
pay_TeKLrTEuc4lvW1,1293661,PMS Guest,Others,Not in SU,confirmed,,3902,Property #3902,Unassigned,not available,2026-12-30,,PMS Only,"Present in PMS Base Dump, not found in SU"
pay_TecaZyoesTOr1a,1293785,PMS Guest,Others,Not in SU,confirmed,,2035,Property #2035,Unassigned,not available,2026-12-30,,PMS Only,"Present in PMS Base Dump, not found in SU"
30848765275,1294035,PMS Guest,Others,Not in SU,tentative,,3192,Verdant Acres,Unassigned,https://www.stayvista.com/villa/verdant-acres,2026-12-30,,PMS Only,"Present in PMS Base Dump, not found in SU"
pay_TNaQFna5gwiiIi,1282776,PMS Guest,Others,Not in SU,confirmed,,5130,Property #5130,Unassigned,not available,2026-12-31,,PMS Only,"Present in PMS Base Dump, not found in SU"
nan,1293445,PMS Guest,Others,Not in SU,confirmed,,5262,Sapphire Shores Beachfront Villa,Unassigned,https://www.stayvista.com/villa/sapphire-shores-beachfront-villa,2026-12-31,,PMS Only,"Present in PMS Base Dump, not found in SU"
30810193181,1293553,PMS Guest,Others,Not in SU,confirmed,,2863,Waterway Retreat,Unassigned,https://www.stayvista.com/villa/waterway-retreat-wada-3-bhk-villa-in-mumbai-with-private-pool-and-spacious-rooms,2026-12-31,,PMS Only,"Present in PMS Base Dump, not found in SU"
pay_Tf2dQHyk9XJp24,1294065,PMS Guest,Others,Not in SU,confirmed,,2170,Property #2170,Unassigned,not available,2026-12-31,,PMS Only,"Present in PMS Base Dump, not found in SU"
pay_Tdxx72xyElas4w,1293473,PMS Guest,Others,Not in SU,confirmed,,5203,Saket Loak by the Lake,Unassigned,https://www.stayvista.com/villa/saket-loak-by-the-lake,2027-01-04,,PMS Only,"Present in PMS Base Dump, not found in SU"
30831377809,1293798,PMS Guest,Others,Not in SU,tentative,,5306,Property #5306,Unassigned,not available,2027-01-07,,PMS Only,"Present in PMS Base Dump, not found in SU"
129357000000,1291182,PMS Guest,Others,Not in SU,confirmed,,3140,Property #3140,Unassigned,not available,2027-01-09,,PMS Only,"Present in PMS Base Dump, not found in SU"
pay_TdpYvOeYduEWhK,1293339,PMS Guest,Others,Not in SU,confirmed,,3781,The Rainfield Villa,Unassigned,https://www.stayvista.com/villa/the-rainfield-villa-3-bhk-villa-in-nashik-with-private-pool-and-spacious-rooms,2027-01-09,,PMS Only,"Present in PMS Base Dump, not found in SU"
28463198441,1255490,PMS Guest,Others,Not in SU,confirmed,,4459,Lagoons Villa,Tanvi,https://www.stayvista.com/villa/lagoons-villa,2027-01-10,,PMS Only,"Present in PMS Base Dump, not found in SU"
nan,1283650,PMS Guest,Others,Not in SU,cancelled,,228,Property #228,Unassigned,not available,2027-01-11,,PMS Only,"Present in PMS Base Dump, not found in SU"
TOP7id71fwjdRM,1283395,PMS Guest,Others,Not in SU,confirmed,,2430,The Den,Unassigned,https://www.stayvista.com/villa/the-den,2027-01-14,,PMS Only,"Present in PMS Base Dump, not found in SU"
NH72006478044222,1249853,PMS Guest,Gommt,Not in SU,cancelled,,3619,The Cityscape,Unassigned,https://www.makemytrip.com/hotels/hotel-details/?hotelId=202406171500462983&_uCurrency=INR&checkin=11252025&checkout=11262025&city=CTAGR&country=IN&funnelType=getaway&lat=27.16779&lng=78.04893&locusId=ZNDEL67F7E280&locusType=zone&rank=1&roomStayQualifier=2e0e&seekSummaryRequired=false&viewType=LUXE&mtkeys=defaultMtkey1000546754,2027-01-15,,PMS Only,"Present in PMS Base Dump, not found in SU"
pay_Tajo3Kl4eKMwAK,1291450,PMS Guest,Others,Not in SU,confirmed,,5629,Ridge & Root,Unassigned,https://www.stayvista.com/villa/ridge-root,2027-01-15,,PMS Only,"Present in PMS Base Dump, not found in SU"
pay_TeBTjte7MQ6USt,1293532,PMS Guest,Others,Not in SU,confirmed,,5314,Meluha - Pawna,Unassigned,https://www.stayvista.com/villa/meluha,2027-01-16,,PMS Only,"Present in PMS Base Dump, not found in SU"
pay_T0dqFjuCcMsIlH,1266846,PMS Guest,Others,Not in SU,confirmed,,5629,Ridge & Root,Unassigned,https://www.stayvista.com/villa/ridge-root,2027-01-22,,PMS Only,"Present in PMS Base Dump, not found in SU"
30073390212,1283575,PMS Guest,Others,Not in SU,confirmed,,4827,Property #4827,Unassigned,not available,2027-01-25,,PMS Only,"Present in PMS Base Dump, not found in SU"
pay_SulM8BhMl6Cn43,1262375,PMS Guest,Others,Not in SU,confirmed,,5310,Property #5310,Unassigned,not available,2027-01-28,,PMS Only,"Present in PMS Base Dump, not found in SU"
pay_TYoeSWDKfG2ryW,1290260,PMS Guest,Others,Not in SU,confirmed,,5788,Property #5788,Unassigned,not available,2027-01-28,,PMS Only,"Present in PMS Base Dump, not found in SU"
125031000000,1269092,PMS Guest,Others,Not in SU,tentative,,4759,Property #4759,Unassigned,not available,2027-01-30,,PMS Only,"Present in PMS Base Dump, not found in SU"
30658451460,1291845,PMS Guest,Others,Not in SU,tentative,,4008,Manvi Estate,Unassigned,https://www.stayvista.com/villa/the-manvi-estate,2027-01-30,,PMS Only,"Present in PMS Base Dump, not found in SU"
nan,1293592,PMS Guest,Others,Not in SU,confirmed,,4759,Property #4759,Unassigned,not available,2027-01-30,,PMS Only,"Present in PMS Base Dump, not found in SU"
nan,1293595,PMS Guest,Others,Not in SU,confirmed,,4760,Executive Room @ StayVista Residences near Cyber City Hub,Unassigned,https://www.stayvista.com/villa/executive-room-at-stayvista-residences-near-cyber-city-hub,2027-01-30,,PMS Only,"Present in PMS Base Dump, not found in SU"
pay_TPE7XOXoy9SIQZ,1284007,PMS Guest,Others,Not in SU,cancelled,,5002,Vintage Varanasi by the Ganges,Unassigned,https://www.stayvista.com/villa/vintage-varanasi-by-the-ganges,2027-02-04,,PMS Only,"Present in PMS Base Dump, not found in SU"
CAN1284007,1289870,PMS Guest,Others,Not in SU,confirmed,,5002,Vintage Varanasi by the Ganges,Unassigned,https://www.stayvista.com/villa/vintage-varanasi-by-the-ganges,2027-02-04,,PMS Only,"Present in PMS Base Dump, not found in SU"
pay_TFCUhMgl9usvXN,1276790,PMS Guest,Others,Not in SU,confirmed,,697,Krishnalaya Mansion,Unassigned,https://www.stayvista.com/villa/krishnalaya-mansion,2027-02-07,,PMS Only,"Present in PMS Base Dump, not found in SU"
30706152790,1292230,PMS Guest,Others,Not in SU,confirmed,,5949,Property #5949,Unassigned,not available,2027-02-08,,PMS Only,"Present in PMS Base Dump, not found in SU"
nan,1288241,PMS Guest,Others,Not in SU,cancelled,,1503,Hamptons Charm,Shital,https://www.stayvista.com/villa/hamptons-charm,2027-02-10,,PMS Only,"Present in PMS Base Dump, not found in SU"
nan,1288244,PMS Guest,Others,Not in SU,cancelled,,4025,Casa Frangipani,Sharon,https://www.stayvista.com/villa/casa-frangipani,2027-02-10,,PMS Only,"Present in PMS Base Dump, not found in SU"
nan,1288247,PMS Guest,Others,Not in SU,cancelled,,5063,Aangan Tales - 3BR,Unassigned,https://www.stayvista.com/villa/aangan-tales,2027-02-10,,PMS Only,"Present in PMS Base Dump, not found in SU"
720891807,1289234,PMS Guest,Others,Not in SU,confirmed,,1503,Hamptons Charm,Shital,https://www.stayvista.com/villa/hamptons-charm,2027-02-10,,PMS Only,"Present in PMS Base Dump, not found in SU"
720891807,1289236,PMS Guest,Others,Not in SU,confirmed,,4025,Casa Frangipani,Sharon,https://www.stayvista.com/villa/casa-frangipani,2027-02-10,,PMS Only,"Present in PMS Base Dump, not found in SU"
720891807,1289238,PMS Guest,Others,Not in SU,confirmed,,5063,Aangan Tales - 3BR,Unassigned,https://www.stayvista.com/villa/aangan-tales,2027-02-10,,PMS Only,"Present in PMS Base Dump, not found in SU"
pay_T1WEyVAQQIBB7z,1267528,PMS Guest,Others,Not in SU,confirmed,,3462,Shai Sher Estate,Unassigned,https://www.stayvista.com/villa/shai-sher-estate,2027-02-15,,PMS Only,"Present in PMS Base Dump, not found in SU"
30583638475,1290741,PMS Guest,Others,Not in SU,tentative,,4156,Villa Holiva,Ajay,https://www.stayvista.com/villa/villa-holiva,2027-02-17,,PMS Only,"Present in PMS Base Dump, not found in SU"
vistarooms-1037228,1194082,PMS Guest,Others,Not in SU,confirmed,,4250,Priana,Unassigned,https://www.stayvista.com/villa/priana,2027-02-18,,PMS Only,"Present in PMS Base Dump, not found in SU"
30017079300,1282755,PMS Guest,Others,Not in SU,confirmed,,2005,Viva La Vida,Unassigned,https://www.stayvista.com/villa/viva-la-vida,2027-02-20,,PMS Only,"Present in PMS Base Dump, not found in SU"
pay_Stf2PCGGofBRXH,1261463,PMS Guest,Others,Not in SU,confirmed,,4906,Vishram Van Villa,Unassigned,https://www.stayvista.com/villa/vishram-van-villa,2027-02-22,,PMS Only,"Present in PMS Base Dump, not found in SU"
pay_TZTDRLDJojw2Et,1290617,PMS Guest,Others,Not in SU,confirmed,,4067,Nayak House,Ajay,https://www.stayvista.com/villa/nayak-house,2027-02-23,,PMS Only,"Present in PMS Base Dump, not found in SU"
HMK8QJ5MQP,1245349,PMS Guest,Airbnb,Not in SU,cancelled,,4571,Property #4571,Unassigned,not available,2027-02-25,,PMS Only,"Present in PMS Base Dump, not found in SU"
HMK8QJ5MQP,1245421,PMS Guest,Airbnb,Not in SU,cancelled,,4677,Property #4677,Unassigned,not available,2027-02-25,,PMS Only,"Present in PMS Base Dump, not found in SU"
pay_TYyy2fOSF9s4rJ,1290290,PMS Guest,Others,Not in SU,confirmed,,965,Property #965,Unassigned,not available,2027-03-01,,PMS Only,"Present in PMS Base Dump, not found in SU"
nan,1292254,PMS Guest,Others,Not in SU,tentative,,4576,Property #4576,Unassigned,not available,2027-03-16,,PMS Only,"Present in PMS Base Dump, not found in SU"
pay_TJu91WsoNc7Rm9,1280077,PMS Guest,Others,Not in SU,confirmed,,4249,The Nest at Canary Farms,Unassigned,https://www.stayvista.com/villa/the-nest-at-canary-farms,2027-03-18,,PMS Only,"Present in PMS Base Dump, not found in SU"
pay_TJa6uSBeN4QwUS,1279767,PMS Guest,Others,Not in SU,confirmed,,3967,Bahava,Unassigned,https://www.stayvista.com/villa/bahava,2027-03-20,,PMS Only,"Present in PMS Base Dump, not found in SU"
5168166206,1249598,PMS Guest,B.com,Not in SU,confirmed,,4646,House of Palm - 4BR,Unassigned,https://www.booking.com/hotel/in/stayvista-at-house-of-palm.html,2027-03-29,,PMS Only,"Present in PMS Base Dump, not found in SU"
27748597505,1239231,PMS Guest,B.com,Not in SU,confirmed,,1543,Khohar Haveli,Shital,https://www.booking.com/hotel/in/khohar-haveli-by-vista-rooms-gurgaon.html,2027-03-31,,PMS Only,"Present in PMS Base Dump, not found in SU"
5293886133,1256045,PMS Guest,B.com,Not in SU,confirmed,,4706,Casa Joe,Shital,https://www.booking.com/hotel/in/stayvista-at-casa-joe.html,2027-03-31,,PMS Only,"Present in PMS Base Dump, not found in SU"
